rank,word,frequency,cumulative_coverage_percent
1,i,1224,3.5518
2,part,1022,6.5175
3,join,1021,9.4803
4,lol,822,11.8656
5,you,686,13.8562
6,to,665,15.786
7,the,660,17.7012
8,hi,656,19.6048
9,a,580,21.2878
10,me,428,22.5298
11,is,380,23.6325
12,in,364,24.6888
13,and,357,25.7247
14,it,355,26.7549
15,action,347,27.7618
16,hey,292,28.6092
17,that,284,29.4333
18,my,259,30.1848
19,of,207,30.7855
20,u,204,31.3775
21,what,201,31.9608
22,on,189,32.5092
23,for,189,33.0577
24,here,185,33.5945
25,are,181,34.1197
26,do,181,34.645
27,no,181,35.1702
28,not,179,35.6896
29,have,171,36.1858
30,all,168,36.6733
31,up,161,37.1405
32,like,160,37.6048
33,with,154,38.0517
34,im,149,38.4841
35,pm,149,38.9165
36,chat,146,39.3401
37,n't,144,39.758
38,so,143,40.1729
39,your,142,40.585
40,was,142,40.9971
41,how,138,41.3975
42,good,132,41.7806
43,any,129,42.1549
44,lmao,128,42.5263
45,just,128,42.8978
46,too,127,43.2663
47,there,121,43.6174
48,out,111,43.9395
49,wanna,110,44.2587
50,if,109,44.575
51,be,108,44.8884
52,can,107,45.1989
53,ok,106,45.5065
54,who,106,45.8141
55,know,104,46.1159
56,get,104,46.4177
57,room,103,46.7166
58,ya,100,47.0068
59,at,100,47.2969
60,am,99,47.5842
61,this,98,47.8686
62,but,97,48.1501
63,from,96,48.4287
64,wb,96,48.7072
65,oh,96,48.9858
66,did,93,49.2557
67,or,92,49.5226
68,hello,92,49.7896
69,well,91,50.0537
70,one,91,50.3178
71,he,90,50.5789
72,now,88,50.8343
73,yes,87,51.0867
74,m,86,51.3363
75,yeah,85,51.5829
76,hiya,85,51.8296
77,they,84,52.0734
78,back,79,52.3026
79,see,78,52.5289
80,go,77,52.7524
81,dont,77,52.9758
82,her,72,53.1848
83,about,72,53.3937
84,ty,72,53.6026
85,want,71,53.8087
86,its,69,54.0089
87,got,68,54.2062
88,everyone,67,54.4006
89,we,67,54.595
90,where,66,54.7866
91,why,65,54.9752
92,love,63,55.158
93,anyone,62,55.3379
94,as,61,55.5149
95,an,59,55.6861
96,guys,59,55.8573
97,some,59,56.0286
98,talk,58,56.1969
99,been,58,56.3652
100,thanks,57,56.5306
101,would,55,56.6902
102,right,55,56.8498
103,think,55,57.0094
104,nice,54,57.1661
105,when,54,57.3228
106,o,54,57.4795
107,she,53,57.6333
108,time,52,57.7842
109,f,50,57.9293
110,girls,50,58.0743
111,had,50,58.2194
112,off,47,58.3558
113,haha,46,58.4893
114,bye,46,58.6228
115,thats,46,58.7563
116,welcome,46,58.8898
117,girl,45,59.0203
118,never,45,59.1509
119,make,44,59.2786
120,need,44,59.4063
121,whats,43,59.5311
122,really,43,59.6558
123,night,43,59.7806
124,people,43,59.9054
125,will,42,60.0273
126,has,42,60.1492
127,song,42,60.271
128,mode,42,60.3929
129,him,41,60.5119
130,then,41,60.6309
131,much,40,60.7469
132,over,40,60.863
133,man,39,60.9762
134,were,39,61.0893
135,take,38,61.1996
136,hot,38,61.3099
137,does,38,61.4202
138,his,38,61.5304
139,work,38,61.6407
140,even,37,61.7481
141,gonna,37,61.8554
142,omg,36,61.9599
143,only,36,62.0644
144,say,36,62.1688
145,damn,36,62.2733
146,seen,36,62.3778
147,come,36,62.4822
148,s,35,62.5838
149,more,35,62.6854
150,still,34,62.784
151,nick,33,62.8798
152,brb,33,62.9755
153,day,33,63.0713
154,gay,31,63.1613
155,sorry,31,63.2512
156,something,31,63.3412
157,r,30,63.4282
158,long,30,63.5153
159,should,29,63.5994
160,hell,29,63.6836
161,wow,29,63.7677
162,someone,29,63.8519
163,last,29,63.936
164,today,29,64.0202
165,tell,29,64.1043
166,name,28,64.1856
167,didnt,28,64.2669
168,away,28,64.3481
169,ladies,28,64.4294
170,sure,28,64.5106
171,going,28,64.5919
172,them,28,64.6731
173,pic,27,64.7515
174,look,27,64.8298
175,again,27,64.9082
176,please,26,64.9836
177,ca,26,65.0591
178,baby,26,65.1345
179,bad,26,65.2099
180,call,26,65.2854
181,down,26,65.3608
182,always,26,65.4363
183,cool,26,65.5117
184,sexy,25,65.5843
185,play,25,65.6568
186,around,25,65.7294
187,watches,25,65.8019
188,by,25,65.8745
189,thought,24,65.9441
190,guy,24,66.0138
191,better,24,66.0834
192,first,23,66.1501
193,many,23,66.2169
194,hate,23,66.2836
195,said,23,66.3504
196,same,23,66.4171
197,live,23,66.4839
198,music,23,66.5506
199,stop,23,66.6173
200,doing,23,66.6841
201,listening,23,66.7508
202,yep,22,66.8147
203,guess,22,66.8785
204,maybe,22,66.9423
205,way,22,67.0062
206,ask,22,67.07
207,life,22,67.1339
208,ever,22,67.1977
209,us,22,67.2615
210,huh,21,67.3225
211,hear,21,67.3834
212,ppl,21,67.4444
213,ur,21,67.5053
214,wants,21,67.5662
215,could,21,67.6272
216,old,21,67.6881
217,new,21,67.749
218,great,21,67.81
219,looks,21,67.8709
220,very,20,67.929
221,later,20,67.987
222,hug,20,68.045
223,phone,20,68.1031
224,bored,20,68.1611
225,tonight,20,68.2191
226,howdy,20,68.2772
227,feel,19,68.3323
228,let,19,68.3875
229,female,19,68.4426
230,hugs,19,68.4977
231,mean,19,68.5529
232,nothing,19,68.608
233,give,19,68.6631
234,their,19,68.7183
235,must,19,68.7734
236,other,19,68.8285
237,la,19,68.8837
238,put,18,68.9359
239,find,18,68.9881
240,sucks,18,69.0404
241,own,18,69.0926
242,yea,18,69.1448
243,cant,18,69.1971
244,thing,18,69.2493
245,da,18,69.3015
246,minutes,18,69.3538
247,left,17,69.4031
248,single,17,69.4524
249,fine,17,69.5018
250,lets,17,69.5511
251,shit,17,69.6004
252,nite,17,69.6497
253,busy,17,69.6991
254,hair,17,69.7484
255,lost,17,69.7977
256,n,17,69.8471
257,leave,17,69.8964
258,player,17,69.9457
259,tryin,17,69.9951
260,virgin,17,70.0444
261,ass,16,70.0908
262,hahaha,16,70.1373
263,yw,16,70.1837
264,already,16,70.2301
265,fun,16,70.2765
266,eyes,16,70.323
267,red,16,70.3694
268,try,16,70.4158
269,thank,16,70.4623
270,real,16,70.5087
271,question,16,70.5551
272,heya,16,70.6015
273,tc,16,70.648
274,game,16,70.6944
275,fuck,15,70.7379
276,enough,15,70.7815
277,sits,15,70.825
278,eat,15,70.8685
279,ha,15,70.912
280,getting,15,70.9556
281,ago,15,70.9991
282,talking,15,71.0426
283,because,15,71.0862
284,yer,15,71.1297
285,kill,15,71.1732
286,boy,14,71.2138
287,read,14,71.2545
288,else,14,71.2951
289,shut,14,71.3357
290,hmm,14,71.3763
291,wait,14,71.417
292,though,14,71.4576
293,em,14,71.4982
294,hands,14,71.5388
295,goes,14,71.5795
296,may,14,71.6201
297,keep,14,71.6607
298,nope,14,71.7013
299,morning,14,71.742
300,these,14,71.7826
301,least,14,71.8232
302,true,14,71.8638
303,big,14,71.9045
304,anybody,14,71.9451
305,male,13,71.9828
306,place,13,72.0205
307,wrong,13,72.0583
308,white,13,72.096
309,sleep,13,72.1337
310,seriously,13,72.1714
311,pick,13,72.2092
312,free,13,72.2469
313,cause,13,72.2846
314,near,13,72.3223
315,makes,13,72.3601
316,evening,13,72.3978
317,before,13,72.4355
318,times,13,72.4732
319,awww,13,72.511
320,games,13,72.5487
321,elbows,13,72.5864
322,hope,12,72.6212
323,head,12,72.656
324,yet,12,72.6909
325,being,12,72.7257
326,yo,12,72.7605
327,outta,12,72.7953
328,females,12,72.8302
329,k,12,72.865
330,aww,12,72.8998
331,than,12,72.9346
332,kids,12,72.9694
333,corner,12,73.0043
334,kidding,12,73.0391
335,face,12,73.0739
336,gets,12,73.1087
337,bit,12,73.1436
338,cold,12,73.1784
339,watch,12,73.2132
340,hehe,12,73.248
341,bout,12,73.2828
342,home,12,73.3177
343,party,12,73.3525
344,naked,12,73.3873
345,gotta,12,73.4221
346,stay,12,73.457
347,used,12,73.4918
348,actually,12,73.5266
349,those,12,73.5614
350,family,12,73.5962
351,cat,12,73.6311
352,told,12,73.6659
353,wz,12,73.7007
354,few,12,73.7355
355,sweet,12,73.7703
356,yall,12,73.8052
357,played,12,73.84
358,seconds,12,73.8748
359,days,11,73.9067
360,hard,11,73.9387
361,show,11,73.9706
362,uh,11,74.0025
363,doin,11,74.0344
364,honey,11,74.0663
365,having,11,74.0983
366,wtf,11,74.1302
367,perv,11,74.1621
368,wont,11,74.194
369,fingers,11,74.2259
370,dang,11,74.2579
371,two,11,74.2898
372,missed,11,74.3217
373,whisper,11,74.3536
374,stuff,11,74.3855
375,year,11,74.4175
376,c,11,74.4494
377,point,11,74.4813
378,pa,11,74.5132
379,babe,11,74.5451
380,help,11,74.5771
381,um,11,74.609
382,into,11,74.6409
383,talkin,11,74.6728
384,cream,11,74.7047
385,watching,11,74.7367
386,md,11,74.7686
387,things,10,74.7976
388,little,10,74.8266
389,jesus,10,74.8556
390,myself,10,74.8847
391,type,10,74.9137
392,heyy,10,74.9427
393,hahah,10,74.9717
394,saw,10,75.0007
395,rock,10,75.0297
396,looking,10,75.0588
397,others,10,75.0878
398,sup,10,75.1168
399,mine,10,75.1458
400,sex,10,75.1748
401,once,10,75.2039
402,care,10,75.2329
403,mind,10,75.2619
404,names,10,75.2909
405,change,10,75.3199
406,kiss,10,75.3489
407,awesome,10,75.378
408,week,10,75.407
409,bot,10,75.436
410,bi,10,75.465
411,liam,10,75.494
412,making,10,75.5231
413,ah,9,75.5492
414,sounds,9,75.5753
415,pics,9,75.6014
416,ny,9,75.6275
417,buy,9,75.6536
418,such,9,75.6798
419,wanted,9,75.7059
420,happy,9,75.732
421,best,9,75.7581
422,profile,9,75.7842
423,course,9,75.8103
424,asl,9,75.8365
425,funny,9,75.8626
426,stick,9,75.8887
427,neck,9,75.9148
428,remember,9,75.9409
429,innocent,9,75.967
430,dead,9,75.9932
431,either,9,76.0193
432,okay,9,76.0454
433,kisses,9,76.0715
434,runs,9,76.0976
435,aint,9,76.1237
436,men,9,76.1499
437,hb,9,76.176
438,nic,9,76.2021
439,meant,9,76.2282
440,thinks,9,76.2543
441,book,9,76.2804
442,world,9,76.3065
443,crap,9,76.3327
444,soon,9,76.3588
445,ill,9,76.3849
446,computer,9,76.411
447,called,9,76.4371
448,full,9,76.4632
449,coffee,9,76.4894
450,asking,9,76.5155
451,while,9,76.5416
452,hour,9,76.5677
453,our,9,76.5938
454,hiyas,9,76.6199
455,ahhh,9,76.6461
456,myspace,9,76.6722
457,yup,9,76.6983
458,alone,9,76.7244
459,waves,9,76.7505
460,sick,9,76.7766
461,lil,9,76.8028
462,lasts,9,76.8289
463,anything,9,76.855
464,hmmm,9,76.8811
465,paxil,9,76.9072
466,beach,9,76.9333
467,aloha,9,76.9595
468,tomorrow,8,76.9827
469,b,8,77.0059
470,fiance,8,77.0291
471,together,8,77.0523
472,hand,8,77.0755
473,yay,8,77.0987
474,word,8,77.122
475,ima,8,77.1452
476,nobody,8,77.1684
477,kinda,8,77.1916
478,loves,8,77.2148
479,rule,8,77.238
480,il,8,77.2613
481,kicked,8,77.2845
482,poor,8,77.3077
483,friend,8,77.3309
484,dude,8,77.3541
485,check,8,77.3773
486,cyber,8,77.4005
487,death,8,77.4238
488,case,8,77.447
489,bed,8,77.4702
490,video,8,77.4934
491,wana,8,77.5166
492,hows,8,77.5398
493,tv,8,77.563
494,went,8,77.5863
495,after,8,77.6095
496,years,8,77.6327
497,bet,8,77.6559
498,lived,8,77.6791
499,without,8,77.7023
500,black,8,77.7255
501,use,8,77.7488
502,another,8,77.772
503,lady,8,77.7952
504,folks,8,77.8184
505,sit,8,77.8416
506,oops,8,77.8648
507,blue,8,77.888
508,prolly,8,77.9113
509,kick,8,77.9345
510,tried,8,77.9577
511,hit,8,77.9809
512,tx,8,78.0041
513,says,8,78.0273
514,sighs,8,78.0505
515,suck,8,78.0738
516,afk,8,78.097
517,person,8,78.1202
518,cookies,8,78.1434
519,made,8,78.1666
520,heard,8,78.1898
521,football,8,78.2131
522,gurls,8,78.2363
523,cry,8,78.2595
524,trout,8,78.2827
525,round,8,78.3059
526,wife,8,78.3291
527,sang,8,78.3523
528,die,8,78.3756
529,women,7,78.3959
530,fast,7,78.4162
531,summer,7,78.4365
532,lot,7,78.4568
533,jk,7,78.4771
534,ooo,7,78.4974
535,hehehe,7,78.5177
536,walks,7,78.5381
537,cuz,7,78.5584
538,knows,7,78.5787
539,drink,7,78.599
540,answer,7,78.6193
541,alot,7,78.6396
542,thinking,7,78.6599
543,seems,7,78.6802
544,anymore,7,78.7006
545,crazy,7,78.7209
546,none,7,78.7412
547,matter,7,78.7615
548,short,7,78.7818
549,took,7,78.8021
550,couch,7,78.8224
551,taking,7,78.8427
552,teacher,7,78.8631
553,agree,7,78.8834
554,wear,7,78.9037
555,kicks,7,78.924
556,kool,7,78.9443
557,chance,7,78.9646
558,god,7,78.9849
559,florida,7,79.0053
560,weather,7,79.0256
561,since,7,79.0459
562,everything,7,79.0662
563,far,7,79.0865
564,dear,7,79.1068
565,moped,7,79.1271
566,ohh,7,79.1474
567,ugh,7,79.1678
568,dunno,7,79.1881
569,hungry,7,79.2084
570,everybody,7,79.2287
571,kid,7,79.249
572,green,7,79.2693
573,redneck,7,79.2896
574,canada,7,79.3099
575,boring,7,79.3303
576,happen,7,79.3506
577,chicken,7,79.3709
578,religion,7,79.3912
579,car,7,79.4115
580,food,7,79.4318
581,pumpkin,7,79.4521
582,fl,7,79.4724
583,gives,6,79.4899
584,killing,6,79.5073
585,missing,6,79.5247
586,mom,6,79.5421
587,late,6,79.5595
588,most,6,79.5769
589,minute,6,79.5943
590,aw,6,79.6117
591,id,6,79.6291
592,uk,6,79.6466
593,words,6,79.664
594,bbl,6,79.6814
595,texas,6,79.6988
596,shower,6,79.7162
597,number,6,79.7336
598,ummm,6,79.751
599,thru,6,79.7684
600,closes,6,79.7858
601,compliments,6,79.8033
602,caps,6,79.8207
603,color,6,79.8381
604,list,6,79.8555
605,ahh,6,79.8729
606,came,6,79.8903
607,liked,6,79.9077
608,seem,6,79.9251
609,ice,6,79.9425
610,cali,6,79.96
611,sing,6,79.9774
612,hun,6,79.9948
613,ready,6,80.0122
614,figured,6,80.0296
615,problem,6,80.047
616,next,6,80.0644
617,leaving,6,80.0818
618,fly,6,80.0992
619,horny,6,80.1167
620,somebody,6,80.1341
621,ex,6,80.1515
622,done,6,80.1689
623,hon,6,80.1863
624,ride,6,80.2037
625,sometimes,6,80.2211
626,worth,6,80.2385
627,likes,6,80.2559
628,comp,6,80.2734
629,high,6,80.2908
630,chatting,6,80.3082
631,main,6,80.3256
632,believe,6,80.343
633,singing,6,80.3604
634,coming,6,80.3778
635,drive,6,80.3952
636,takes,6,80.4126
637,cut,6,80.4301
638,almost,6,80.4475
639,goin,6,80.4649
640,run,6,80.4823
641,rules,6,80.4997
642,dum,6,80.5171
643,winks,6,80.5345
644,which,6,80.5519
645,pussy,6,80.5693
646,pink,6,80.5868
647,broke,6,80.6042
648,nm,6,80.6216
649,might,6,80.639
650,gone,6,80.6564
651,msn,6,80.6738
652,anyway,6,80.6912
653,w,6,80.7086
654,set,6,80.726
655,end,6,80.7434
656,ohhh,6,80.7609
657,south,6,80.7783
658,smiles,6,80.7957
659,sings,6,80.8131
660,woman,6,80.8305
661,movie,6,80.8479
662,romantic,6,80.8653
663,bar,6,80.8827
664,heyyy,6,80.9001
665,knew,6,80.9176
666,ball,6,80.935
667,comes,6,80.9524
668,close,6,80.9698
669,send,6,80.9872
670,saying,6,81.0046
671,woot,6,81.022
672,blah,6,81.0394
673,sad,6,81.0568
674,slaps,6,81.0743
675,whole,6,81.0917
676,nah,6,81.1091
677,cam,6,81.1265
678,maryland,6,81.1439
679,mother,6,81.1613
680,whispers,6,81.1787
681,whos,6,81.1961
682,pms,6,81.2135
683,pie,6,81.231
684,h,6,81.2484
685,yoko,6,81.2658
686,wellbutrin,6,81.2832
687,sports,6,81.3006
688,sock,6,81.318
689,ct,6,81.3354
690,means,5,81.3499
691,boo,5,81.3644
692,legs,5,81.379
693,serious,5,81.3935
694,fire,5,81.408
695,warm,5,81.4225
696,nc,5,81.437
697,dad,5,81.4515
698,cya,5,81.466
699,freaking,5,81.4805
700,box,5,81.495
701,turn,5,81.5095
702,hang,5,81.524
703,dirty,5,81.5386
704,pervs,5,81.5531
705,depends,5,81.5676
706,handle,5,81.5821
707,yah,5,81.5966
708,annoying,5,81.6111
709,roses,5,81.6256
710,miss,5,81.6401
711,boys,5,81.6546
712,inside,5,81.6691
713,wouldnt,5,81.6836
714,pokes,5,81.6982
715,land,5,81.7127
716,huge,5,81.7272
717,friends,5,81.7417
718,nose,5,81.7562
719,min,5,81.7707
720,mouth,5,81.7852
721,lick,5,81.7997
722,y,5,81.8142
723,profiles,5,81.8287
724,three,5,81.8432
725,sowwy,5,81.8578
726,mmm,5,81.8723
727,against,5,81.8868
728,smooch,5,81.9013
729,gently,5,81.9158
730,supposed,5,81.9303
731,pay,5,81.9448
732,dat,5,81.9593
733,wish,5,81.9738
734,job,5,81.9883
735,dinner,5,82.0028
736,quit,5,82.0174
737,house,5,82.0319
738,married,5,82.0464
739,drugs,5,82.0609
740,roll,5,82.0754
741,plays,5,82.0899
742,easy,5,82.1044
743,lose,5,82.1189
744,wo,5,82.1334
745,happened,5,82.1479
746,under,5,82.1624
747,bus,5,82.177
748,conversation,5,82.1915
749,cute,5,82.206
750,holy,5,82.2205
751,com,5,82.235
752,scared,5,82.2495
753,heart,5,82.264
754,soul,5,82.2785
755,luck,5,82.293
756,purple,5,82.3075
757,fired,5,82.322
758,also,5,82.3366
759,rather,5,82.3511
760,start,5,82.3656
761,son,5,82.3801
762,tired,5,82.3946
763,evil,5,82.4091
764,pants,5,82.4236
765,forgot,5,82.4381
766,history,5,82.4526
767,interesting,5,82.4671
768,story,5,82.4816
769,fall,5,82.4962
770,miles,5,82.5107
771,shoot,5,82.5252
772,smart,5,82.5397
773,current,5,82.5542
774,blood,5,82.5687
775,typing,5,82.5832
776,started,5,82.5977
777,l,5,82.6122
778,quite,5,82.6267
779,lord,5,82.6412
780,boss,5,82.6558
781,private,5,82.6703
782,control,5,82.6848
783,pop,5,82.6993
784,beer,5,82.7138
785,quiet,5,82.7283
786,worry,5,82.7428
787,doesnt,5,82.7573
788,ft,5,82.7718
789,horrible,5,82.7863
790,until,5,82.8008
791,weird,5,82.8154
792,top,5,82.8299
793,sammich,5,82.8444
794,every,5,82.8589
795,wall,5,82.8734
796,uniform,5,82.8879
797,hiiii,5,82.9024
798,fir,5,82.9169
799,shore,5,82.9314
800,hii,5,82.9459
801,hahahaha,5,82.9604
802,everyday,5,82.975
803,meet,5,82.9895
804,till,5,83.004
805,git,5,83.0185
806,cheer,5,83.033
807,bottle,5,83.0475
808,confused,5,83.062
809,ta,5,83.0765
810,pervin,5,83.091
811,reading,5,83.1055
812,dance,5,83.12
813,feet,5,83.1346
814,listen,5,83.1491
815,xbox,5,83.1636
816,idea,5,83.1781
817,large,5,83.1926
818,heck,5,83.2071
819,lives,5,83.2216
820,lez,5,83.2361
821,ate,5,83.2506
822,joke,5,83.2651
823,unless,5,83.2796
824,fool,5,83.2942
825,felt,5,83.3087
826,nakey,5,83.3232
827,kent,5,83.3377
828,oi,5,83.3522
829,eh,5,83.3667
830,hours,5,83.3812
831,fluids,5,83.3957
832,comfy,5,83.4102
833,meds,5,83.4247
834,fat,5,83.4393
835,both,5,83.4538
836,kennedy,5,83.4683
837,hawaii,5,83.4828
838,laffs,5,83.4973
839,crusty,5,83.5118
840,lime,5,83.5263
841,drew,4,83.5379
842,between,4,83.5495
843,glad,4,83.5611
844,worked,4,83.5727
845,alright,4,83.5843
846,lmaoo,4,83.5959
847,dr,4,83.6076
848,hes,4,83.6192
849,theres,4,83.6308
850,lookin,4,83.6424
851,jerk,4,83.654
852,ugly,4,83.6656
853,daughter,4,83.6772
854,lmfao,4,83.6888
855,date,4,83.7004
856,woohoo,4,83.712
857,cheap,4,83.7236
858,lmaooo,4,83.7352
859,charge,4,83.7468
860,lies,4,83.7585
861,lie,4,83.7701
862,darlin,4,83.7817
863,dreams,4,83.7933
864,idiots,4,83.8049
865,fighting,4,83.8165
866,probably,4,83.8281
867,umm,4,83.8397
868,special,4,83.8513
869,noise,4,83.8629
870,yours,4,83.8745
871,through,4,83.8861
872,trying,4,83.8977
873,mad,4,83.9093
874,finally,4,83.921
875,choice,4,83.9326
876,rest,4,83.9442
877,yeppers,4,83.9558
878,pretty,4,83.9674
879,asses,4,83.979
880,figure,4,83.9906
881,pissed,4,84.0022
882,door,4,84.0138
883,self,4,84.0254
884,needed,4,84.037
885,pass,4,84.0486
886,line,4,84.0602
887,interested,4,84.0718
888,prison,4,84.0835
889,waiting,4,84.0951
890,promise,4,84.1067
891,amy,4,84.1183
892,realize,4,84.1299
893,hook,4,84.1415
894,ohio,4,84.1531
895,each,4,84.1647
896,blank,4,84.1763
897,swim,4,84.1879
898,open,4,84.1995
899,calling,4,84.2111
900,window,4,84.2227
901,yawns,4,84.2344
902,screen,4,84.246
903,ouch,4,84.2576
904,fart,4,84.2692
905,cup,4,84.2808
906,afternoon,4,84.2924
907,ahhhh,4,84.304
908,yourself,4,84.3156
909,american,4,84.3272
910,worse,4,84.3388
911,yesterday,4,84.3504
912,country,4,84.362
913,behind,4,84.3736
914,lunch,4,84.3852
915,x,4,84.3969
916,mercy,4,84.4085
917,grrr,4,84.4201
918,tho,4,84.4317
919,talked,4,84.4433
920,pain,4,84.4549
921,messaging,4,84.4665
922,joining,4,84.4781
923,dawnstar,4,84.4897
924,visit,4,84.5013
925,reminder,4,84.5129
926,jus,4,84.5245
927,hawt,4,84.5361
928,dating,4,84.5477
929,wind,4,84.5594
930,pfft,4,84.571
931,sigh,4,84.5826
932,aberdeen,4,84.5942
933,bible,4,84.6058
934,rofl,4,84.6174
935,sea,4,84.629
936,wisconsin,4,84.6406
937,shes,4,84.6522
938,dam,4,84.6638
939,tongue,4,84.6754
940,hehehehe,4,84.687
941,mary,4,84.6986
942,favorite,4,84.7103
943,st,4,84.7219
944,himself,4,84.7335
945,mmmm,4,84.7451
946,ones,4,84.7567
947,perving,4,84.7683
948,shot,4,84.7799
949,questions,4,84.7915
950,caught,4,84.8031
951,wut,4,84.8147
952,team,4,84.8263
953,happens,4,84.8379
954,hott,4,84.8495
955,wanting,4,84.8611
956,mmmmm,4,84.8728
957,ive,4,84.8844
958,imagine,4,84.896
959,bitch,4,84.9076
960,swear,4,84.9192
961,ways,4,84.9308
962,road,4,84.9424
963,found,4,84.954
964,beat,4,84.9656
965,ai,4,84.9772
966,laugh,4,84.9888
967,hail,4,85.0004
968,parent,4,85.012
969,san,4,85.0236
970,diego,4,85.0353
971,proud,4,85.0469
972,falls,4,85.0585
973,spins,4,85.0701
974,silver,4,85.0817
975,invite,4,85.0933
976,stuck,4,85.1049
977,barbie,4,85.1165
978,lovely,4,85.1281
979,elle,4,85.1397
980,lame,4,85.1513
981,knees,4,85.1629
982,dis,4,85.1745
983,dances,4,85.1862
984,different,4,85.1978
985,john,4,85.2094
986,bring,4,85.221
987,smoking,4,85.2326
988,shane,4,85.2442
989,trials,4,85.2558
990,throught,4,85.2674
991,desert,4,85.279
992,temptations,4,85.2906
993,pursued,4,85.3022
994,ga,4,85.3138
995,est,4,85.3254
996,poooland,4,85.337
997,puff,4,85.3487
998,maidstone,4,85.3603
999,rum,4,85.3719
1000,guitar,4,85.3835
1001,claws,4,85.3951
1002,giggles,4,85.4067
1003,rolling,4,85.4183
1004,socks,4,85.4299
1005,fabric,4,85.4415
1006,laundry,4,85.4531
1007,booty,4,85.4647
1008,kittie,4,85.4763
1009,rocker,4,85.4879
1010,tisk,4,85.4996
1011,clap,3,85.5083
1012,spread,3,85.517
1013,changing,3,85.5257
1014,tennessee,3,85.5344
1015,itch,3,85.5431
1016,sho,3,85.5518
1017,keeps,3,85.5605
1018,guyz,3,85.5692
1019,gold,3,85.5779
1020,ring,3,85.5866
1021,isnt,3,85.5953
1022,twice,3,85.604
1023,impressed,3,85.6127
1024,deep,3,85.6214
1025,relax,3,85.6301
1026,wrote,3,85.6388
1027,wa,3,85.6475
1028,co,3,85.6562
1029,massage,3,85.665
1030,playing,3,85.6737
1031,devil,3,85.6824
1032,whore,3,85.6911
1033,phil,3,85.6998
1034,sheesh,3,85.7085
1035,deal,3,85.7172
1036,class,3,85.7259
1037,money,3,85.7346
1038,licks,3,85.7433
1039,ear,3,85.752
1040,wash,3,85.7607
1041,record,3,85.7694
1042,lix,3,85.7781
1043,youre,3,85.7868
1044,darling,3,85.7955
1045,wishes,3,85.8042
1046,piff,3,85.8129
1047,construction,3,85.8217
1048,dream,3,85.8304
1049,yum,3,85.8391
1050,taken,3,85.8478
1051,choco,3,85.8565
1052,winter,3,85.8652
1053,jump,3,85.8739
1054,eye,3,85.8826
1055,blind,3,85.8913
1056,lists,3,85.9
1057,stupid,3,85.9087
1058,finish,3,85.9174
1059,strong,3,85.9261
1060,whoa,3,85.9348
1061,gosh,3,85.9435
1062,teens,3,85.9522
1063,recently,3,85.9609
1064,band,3,85.9696
1065,orgy,3,85.9784
1066,cheating,3,85.9871
1067,psh,3,85.9958
1068,straight,3,86.0045
1069,writing,3,86.0132
1070,front,3,86.0219
1071,boots,3,86.0306
1072,slap,3,86.0393
1073,pathetic,3,86.048
1074,added,3,86.0567
1075,field,3,86.0654
1076,terrible,3,86.0741
1077,soccer,3,86.0828
1078,hr,3,86.0915
1079,hold,3,86.1002
1080,street,3,86.1089
1081,soft,3,86.1176
1082,rough,3,86.1263
1083,sugar,3,86.1351
1084,bend,3,86.1438
1085,files,3,86.1525
1086,doubt,3,86.1612
1087,toss,3,86.1699
1088,d,3,86.1786
1089,sun,3,86.1873
1090,ceiling,3,86.196
1091,light,3,86.2047
1092,amen,3,86.2134
1093,older,3,86.2221
1094,fight,3,86.2308
1095,goofy,3,86.2395
1096,pillow,3,86.2482
1097,lucky,3,86.2569
1098,headed,3,86.2656
1099,gal,3,86.2743
1100,booted,3,86.283
1101,huskers,3,86.2918
1102,rain,3,86.3005
1103,friendly,3,86.3092
1104,op,3,86.3179
1105,snort,3,86.3266
1106,deop,3,86.3353
1107,finished,3,86.344
1108,roof,3,86.3527
1109,wondering,3,86.3614
1110,animal,3,86.3701
1111,yikes,3,86.3788
1112,ooh,3,86.3875
1113,babes,3,86.3962
1114,gf,3,86.4049
1115,break,3,86.4136
1116,shoes,3,86.4223
1117,ahem,3,86.431
1118,hola,3,86.4397
1119,drop,3,86.4484
1120,candy,3,86.4572
1121,moving,3,86.4659
1122,butt,3,86.4746
1123,imma,3,86.4833
1124,town,3,86.492
1125,sis,3,86.5007
1126,stretches,3,86.5094
1127,queen,3,86.5181
1128,california,3,86.5268
1129,observed,3,86.5355
1130,pdt,3,86.5442
1131,october,3,86.5529
1132,elev,3,86.5616
1133,dew,3,86.5703
1134,sunrise,3,86.579
1135,length,3,86.5877
1136,shorter,3,86.5964
1137,alaska,3,86.6051
1138,akdt,3,86.6139
1139,t,3,86.6226
1140,comment,3,86.6313
1141,cdt,3,86.64
1142,talks,3,86.6487
1143,lead,3,86.6574
1144,superior,3,86.6661
1145,hah,3,86.6748
1146,ding,3,86.6835
1147,age,3,86.6922
1148,muh,3,86.7009
1149,trust,3,86.7096
1150,kiddin,3,86.7183
1151,attracted,3,86.727
1152,note,3,86.7357
1153,dog,3,86.7444
1154,school,3,86.7531
1155,joined,3,86.7618
1156,ben,3,86.7706
1157,gawd,3,86.7793
1158,shakes,3,86.788
1159,along,3,86.7967
1160,stand,3,86.8054
1161,piece,3,86.8141
1162,havent,3,86.8228
1163,fillin,3,86.8315
1164,half,3,86.8402
1165,water,3,86.8489
1166,hugss,3,86.8576
1167,shirt,3,86.8663
1168,plz,3,86.875
1169,askin,3,86.8837
1170,ello,3,86.8924
1171,attic,3,86.9011
1172,woods,3,86.9098
1173,known,3,86.9185
1174,win,3,86.9273
1175,hottie,3,86.936
1176,louis,3,86.9447
1177,bbs,3,86.9534
1178,fer,3,86.9621
1179,hick,3,86.9708
1180,city,3,86.9795
1181,wine,3,86.9882
1182,razor,3,86.9969
1183,hiii,3,87.0056
1184,trouble,3,87.0143
1185,attention,3,87.023
1186,heyyyyy,3,87.0317
1187,asleep,3,87.0404
1188,cookie,3,87.0491
1189,bare,3,87.0578
1190,bag,3,87.0665
1191,yummy,3,87.0752
1192,touch,3,87.0839
1193,air,3,87.0927
1194,vote,3,87.1014
1195,waits,3,87.1101
1196,swelling,3,87.1188
1197,become,3,87.1275
1198,pming,3,87.1362
1199,truth,3,87.1449
1200,donno,3,87.1536
1201,shrugs,3,87.1623
1202,michigan,3,87.171
1203,floor,3,87.1797
1204,mostly,3,87.1884
1205,kellogs,3,87.1971
1206,wack,3,87.2058
1207,pc,3,87.2145
1208,gamefly,3,87.2232
1209,second,3,87.2319
1210,sound,3,87.2406
1211,lying,3,87.2494
1212,snow,3,87.2581
1213,hurt,3,87.2668
1214,chick,3,87.2755
1215,adduser,3,87.2842
1216,retarded,3,87.2929
1217,besides,3,87.3016
1218,pro,3,87.3103
1219,carolina,3,87.319
1220,fixed,3,87.3277
1221,college,3,87.3364
1222,bro,3,87.3451
1223,marriage,3,87.3538
1224,ban,3,87.3625
1225,born,3,87.3712
1226,physically,3,87.3799
1227,frm,3,87.3886
1228,juice,3,87.3973
1229,contact,3,87.4061
1230,move,3,87.4148
1231,walk,3,87.4235
1232,yawn,3,87.4322
1233,worst,3,87.4409
1234,wha,3,87.4496
1235,surprised,3,87.4583
1236,seeing,3,87.467
1237,couldnt,3,87.4757
1238,raymond,3,87.4844
1239,laters,3,87.4931
1240,topic,3,87.5018
1241,given,3,87.5105
1242,entertaining,3,87.5192
1243,dunkin,3,87.5279
1244,donuts,3,87.5366
1245,nana,3,87.5453
1246,sweetie,3,87.554
1247,heheh,3,87.5628
1248,flame,3,87.5715
1249,double,3,87.5802
1250,slowly,3,87.5889
1251,newspaper,3,87.5976
1252,arizona,3,87.6063
1253,burns,3,87.615
1254,downs,3,87.6237
1255,geesh,3,87.6324
1256,fuckin,3,87.6411
1257,needs,3,87.6498
1258,hump,3,87.6585
1259,per,3,87.6672
1260,yada,3,87.6759
1261,pervert,3,87.6846
1262,kewl,3,87.6933
1263,enjoy,3,87.702
1264,living,3,87.7107
1265,tune,3,87.7195
1266,nelson,3,87.7282
1267,daniel,3,87.7369
1268,suppose,3,87.7456
1269,hank,3,87.7543
1270,slow,3,87.763
1271,ed,3,87.7717
1272,nights,3,87.7804
1273,clothes,3,87.7891
1274,jammies,3,87.7978
1275,jeans,3,87.8065
1276,awhile,3,87.8152
1277,store,3,87.8239
1278,rubs,3,87.8326
1279,detroit,3,87.8413
1280,skin,3,87.85
1281,lbs,3,87.8587
1282,drinking,3,87.8674
1283,antidepressants,3,87.8761
1284,died,3,87.8849
1285,neysa,3,87.8936
1286,weeks,3,87.9023
1287,bitches,3,87.911
1288,duh,3,87.9197
1289,p,3,87.9284
1290,beanbag,3,87.9371
1291,ere,3,87.9458
1292,fitness,3,87.9545
1293,lucifuge,3,87.9632
1294,politics,3,87.9719
1295,whatever,3,87.9806
1296,oklahoma,3,87.9893
1297,xd,3,87.998
1298,murder,3,88.0067
1299,heyheyhey,3,88.0154
1300,asked,3,88.0241
1301,ne,3,88.0328
1302,bears,3,88.0416
1303,vuela,3,88.0503
1304,problems,3,88.059
1305,perved,3,88.0677
1306,weave,3,88.0764
1307,yr,3,88.0851
1308,chinese,3,88.0938
1309,learn,3,88.1025
1310,smell,3,88.1112
1311,ho,3,88.1199
1312,scramble,3,88.1286
1313,unscramble,3,88.1373
1314,soaked,3,88.146
1315,island,3,88.1547
1316,outside,3,88.1634
1317,mothers,3,88.1721
1318,england,3,88.1808
1319,usa,3,88.1895
1320,wax,3,88.1983
1321,edgewood,3,88.207
1322,army,3,88.2157
1323,songs,3,88.2244
1324,maine,3,88.2331
1325,darwin,3,88.2418
1326,yow,3,88.2505
1327,wv,3,88.2592
1328,won,3,88.2679
1329,wazz,3,88.2766
1330,toes,3,88.2853
1331,holocaust,3,88.294
1332,golf,2,88.2998
1333,ky,2,88.3056
1334,painful,2,88.3114
1335,cousin,2,88.3172
1336,messed,2,88.323
1337,cast,2,88.3288
1338,ewwwww,2,88.3346
1339,slip,2,88.3404
1340,chair,2,88.3462
1341,complain,2,88.3521
1342,often,2,88.3579
1343,opps,2,88.3637
1344,lap,2,88.3695
1345,nickname,2,88.3753
1346,fucking,2,88.3811
1347,answers,2,88.3869
1348,plan,2,88.3927
1349,finger,2,88.3985
1350,belong,2,88.4043
1351,deaf,2,88.4101
1352,forward,2,88.4159
1353,behave,2,88.4217
1354,forwads,2,88.4275
1355,christianity,2,88.4333
1356,babies,2,88.4391
1357,laughs,2,88.4449
1358,jerks,2,88.4507
1359,jerkettes,2,88.4565
1360,lolololll,2,88.4623
1361,awwwwww,2,88.4681
1362,daughters,2,88.4739
1363,romance,2,88.4797
1364,cooler,2,88.4855
1365,hates,2,88.4913
1366,hmph,2,88.4971
1367,exception,2,88.5029
1368,bug,2,88.5087
1369,flight,2,88.5146
1370,dumbass,2,88.5204
1371,enuff,2,88.5262
1372,choose,2,88.532
1373,ewwww,2,88.5378
1374,bites,2,88.5436
1375,lip,2,88.5494
1376,pm's,2,88.5552
1377,asshole,2,88.561
1378,calls,2,88.5668
1379,om,2,88.5726
1380,covers,2,88.5784
1381,mexican,2,88.5842
1382,bite,2,88.59
1383,mins,2,88.5958
1384,ditto,2,88.6016
1385,oo,2,88.6074
1386,urself,2,88.6132
1387,shows,2,88.619
1388,student,2,88.6248
1389,crosses,2,88.6306
1390,geeshh,2,88.6364
1391,eats,2,88.6422
1392,chococake,2,88.648
1393,paypal,2,88.6538
1394,credit,2,88.6596
1395,cell,2,88.6654
1396,chocolate,2,88.6713
1397,wat,2,88.6771
1398,pounce,2,88.6829
1399,spank,2,88.6887
1400,chase,2,88.6945
1401,cmon,2,88.7003
1402,ignored,2,88.7061
1403,wats,2,88.7119
1404,tellin,2,88.7177
1405,ads,2,88.7235
1406,connection,2,88.7293
1407,election,2,88.7351
1408,flavour,2,88.7409
1409,kind,2,88.7467
1410,consultant,2,88.7525
1411,biz,2,88.7583
1412,mike,2,88.7641
1413,advice,2,88.7699
1414,mango,2,88.7757
1415,shakin,2,88.7815
1416,hmmmmmmm,2,88.7873
1417,teenagers,2,88.7931
1418,chatted,2,88.7989
1419,geeze,2,88.8047
1420,comments,2,88.8105
1421,dumb,2,88.8163
1422,tries,2,88.8221
1423,manners,2,88.828
1424,twister,2,88.8338
1425,passes,2,88.8396
1426,button,2,88.8454
1427,buttons,2,88.8512
1428,happening,2,88.857
1429,ll,2,88.8628
1430,lover,2,88.8686
1431,bonus,2,88.8744
1432,girlfriend,2,88.8802
1433,kentucky,2,88.886
1434,canadian,2,88.8918
1435,accept,2,88.8976
1436,passed,2,88.9034
1437,achiever,2,88.9092
1438,whjat,2,88.915
1439,appear,2,88.9208
1440,equal,2,88.9266
1441,humor,2,88.9324
1442,human,2,88.9382
1443,forever,2,88.944
1444,hater,2,88.9498
1445,ghost,2,88.9556
1446,hunters,2,88.9614
1447,park,2,88.9672
1448,husband,2,88.973
1449,pictures,2,88.9788
1450,smile,2,88.9846
1451,judge,2,88.9905
1452,clear,2,88.9963
1453,loved,2,89.0021
1454,depressed,2,89.0079
1455,crying,2,89.0137
1456,loud,2,89.0195
1457,alive,2,89.0253
1458,ms,2,89.0311
1459,therapy,2,89.0369
1460,escaped,2,89.0427
1461,quick,2,89.0485
1462,forgotten,2,89.0543
1463,privmsg,2,89.0601
1464,mama,2,89.0659
1465,write,2,89.0717
1466,threw,2,89.0775
1467,mornign,2,89.0833
1468,remove,2,89.0891
1469,raining,2,89.0949
1470,watchin,2,89.1007
1471,whip,2,89.1065
1472,pour,2,89.1123
1473,shape,2,89.1181
1474,cover,2,89.1239
1475,pages,2,89.1297
1476,totally,2,89.1355
1477,puter,2,89.1413
1478,ocean,2,89.1472
1479,cal,2,89.153
1480,mystery,2,89.1588
1481,laptop,2,89.1646
1482,twin,2,89.1704
1483,nonsense,2,89.1762
1484,welll,2,89.182
1485,burp,2,89.1878
1486,shoppin,2,89.1936
1487,helloooo,2,89.1994
1488,gm,2,89.2052
1489,ontario,2,89.211
1490,beautiful,2,89.2168
1491,metallica,2,89.2226
1492,warned,2,89.2284
1493,kold,2,89.2342
1494,enter,2,89.24
1495,spring,2,89.2458
1496,comin,2,89.2516
1497,space,2,89.2574
1498,thanx,2,89.2632
1499,nut,2,89.269
1500,hx,2,89.2748
1501,blew,2,89.2806
1502,grade,2,89.2864
1503,teach,2,89.2922
1504,feels,2,89.298
1505,awwwwwwwwww,2,89.3039
1506,rolls,2,89.3097
1507,congressman,2,89.3155
1508,naples,2,89.3213
1509,temp,2,89.3271
1510,corn,2,89.3329
1511,early,2,89.3387
1512,cutie,2,89.3445
1513,chatter,2,89.3503
1514,freak,2,89.3561
1515,pool,2,89.3619
1516,czeching,2,89.3677
1517,hiy,2,89.3735
1518,kansas,2,89.3793
1519,whatcha,2,89.3851
1520,sympathies,2,89.3909
1521,hardware,2,89.3967
1522,wowsa,2,89.4025
1523,cash,2,89.4083
1524,dixie,2,89.4141
1525,ears,2,89.4199
1526,til,2,89.4257
1527,yepper,2,89.4315
1528,sluggish,2,89.4373
1529,porn,2,89.4431
1530,sorta,2,89.4489
1531,sat,2,89.4547
1532,fix,2,89.4605
1533,heal,2,89.4664
1534,permission,2,89.4722
1535,important,2,89.478
1536,ciao,2,89.4838
1537,yerself,2,89.4896
1538,numbers,2,89.4954
1539,typo,2,89.5012
1540,remembah,2,89.507
1541,cheers,2,89.5128
1542,follow,2,89.5186
1543,pseudo,2,89.5244
1544,shocked,2,89.5302
1545,wth,2,89.536
1546,awwww,2,89.5418
1547,met,2,89.5476
1548,brought,2,89.5534
1549,dollars,2,89.5592
1550,peeks,2,89.565
1551,whoopz,2,89.5708
1552,typin,2,89.5766
1553,flesh,2,89.5824
1554,halo,2,89.5882
1555,bf,2,89.594
1556,eric,2,89.5998
1557,battery,2,89.6056
1558,charger,2,89.6114
1559,obviously,2,89.6172
1560,herpes,2,89.6231
1561,stories,2,89.6289
1562,sites,2,89.6347
1563,rocks,2,89.6405
1564,sore,2,89.6463
1565,hm,2,89.6521
1566,pounces,2,89.6579
1567,size,2,89.6637
1568,naw,2,89.6695
1569,randy,2,89.6753
1570,oak,2,89.6811
1571,hpa,2,89.6869
1572,unlimited,2,89.6927
1573,muahhh,2,89.6985
1574,fairbanks,2,89.7043
1575,riding,2,89.7101
1576,dakota,2,89.7159
1577,hits,2,89.7217
1578,cus,2,89.7275
1579,moron,2,89.7333
1580,singer,2,89.7391
1581,tuesday,2,89.7449
1582,coexistence,2,89.7507
1583,past,2,89.7565
1584,wif,2,89.7623
1585,cruise,2,89.7681
1586,stairs,2,89.7739
1587,yrs,2,89.7798
1588,meat,2,89.7856
1589,tosses,2,89.7914
1590,c'm,2,89.7972
1591,agaibn,2,89.803
1592,weenis,2,89.8088
1593,nickelback,2,89.8146
1594,paper,2,89.8204
1595,board,2,89.8262
1596,argh,2,89.832
1597,nap,2,89.8378
1598,hafta,2,89.8436
1599,heyyyy,2,89.8494
1600,ground,2,89.8552
1601,limp,2,89.861
1602,bread,2,89.8668
1603,rent,2,89.8726
1604,officer,2,89.8784
1605,cars,2,89.8842
1606,highway,2,89.89
1607,teehee,2,89.8958
1608,leaves,2,89.9016
1609,tha,2,89.9074
1610,upset,2,89.9132
1611,china,2,89.919
1612,fantastic,2,89.9248
1613,casts,2,89.9306
1614,shop,2,89.9364
1615,fighter,2,89.9423
1616,hellos,2,89.9481
1617,disagree,2,89.9539
1618,george,2,89.9597
1619,clooney,2,89.9655
1620,okies,2,89.9713
1621,hugggs,2,89.9771
1622,ol,2,89.9829
1623,checks,2,89.9887
1624,shhhh,2,89.9945
1625,byeee,2,90.0003
1626,deeper,2,90.0061
1627,alzheimers,2,90.0119
1628,waitin,2,90.0177
1629,neither,2,90.0235
1630,build,2,90.0293
1631,cardinals,2,90.0351
1632,experience,2,90.0409
1633,five,2,90.0467
1634,whoever,2,90.0525
1635,sell,2,90.0583
1636,homeboys,2,90.0641
1637,albert,2,90.0699
1638,pujols,2,90.0757
1639,iz,2,90.0815
1640,er,2,90.0873
1641,covered,2,90.0931
1642,drunk,2,90.099
1643,toe,2,90.1048
1644,sharp,2,90.1106
1645,mouse,2,90.1164
1646,yard,2,90.1222
1647,movin,2,90.128
1648,national,2,90.1338
1649,grrl,2,90.1396
1650,cough,2,90.1454
1651,chip,2,90.1512
1652,bear,2,90.157
1653,nooooo,2,90.1628
1654,foot,2,90.1686
1655,shivers,2,90.1744
1656,decent,2,90.1802
1657,apron,2,90.186
1658,thingy,2,90.1918
1659,office,2,90.1976
1660,wonders,2,90.2034
1661,ewwwwwww,2,90.2092
1662,uses,2,90.215
1663,frozen,2,90.2208
1664,bruises,2,90.2266
1665,weekend,2,90.2324
1666,spelling,2,90.2382
1667,dancing,2,90.244
1668,giving,2,90.2498
1669,cereals,2,90.2557
1670,handheld,2,90.2615
1671,playstation,2,90.2673
1672,stalker,2,90.2731
1673,series,2,90.2789
1674,gaming,2,90.2847
1675,sort,2,90.2905
1676,fourth,2,90.2963
1677,definately,2,90.3021
1678,finding,2,90.3079
1679,exactly,2,90.3137
1680,hill,2,90.3195
1681,clock,2,90.3253
1682,buying,2,90.3311
1683,nyc,2,90.3369
1684,mono,2,90.3427
1685,track,2,90.3485
1686,whud,2,90.3543
1687,bone,2,90.3601
1688,sharing,2,90.3659
1689,heh,2,90.3717
1690,chanowner,2,90.3775
1691,usually,2,90.3833
1692,hallo,2,90.3891
1693,united,2,90.3949
1694,reached,2,90.4007
1695,whether,2,90.4065
1696,original,2,90.4124
1697,que,2,90.4182
1698,saving,2,90.424
1699,expect,2,90.4298
1700,club,2,90.4356
1701,sp,2,90.4414
1702,adds,2,90.4472
1703,whitesnake,2,90.453
1704,children,2,90.4588
1705,nu,2,90.4646
1706,bodies,2,90.4704
1707,bum,2,90.4762
1708,burps,2,90.482
1709,eww,2,90.4878
1710,ohhhh,2,90.4936
1711,muahz,2,90.4994
1712,running,2,90.5052
1713,ck,2,90.511
1714,issues,2,90.5168
1715,finds,2,90.5226
1716,area,2,90.5284
1717,sue,2,90.5342
1718,hilarious,2,90.54
1719,virginal,2,90.5458
1720,knock,2,90.5516
1721,sum,2,90.5574
1722,humm,2,90.5632
1723,newp,2,90.569
1724,youuu,2,90.5749
1725,hugsss,2,90.5807
1726,trigger,2,90.5865
1727,gays,2,90.5923
1728,moans,2,90.5981
1729,pmsl,2,90.6039
1730,blankie,2,90.6097
1731,strange,2,90.6155
1732,pmers,2,90.6213
1733,zone,2,90.6271
1734,hint,2,90.6329
1735,marry,2,90.6387
1736,buh,2,90.6445
1737,eating,2,90.6503
1738,cries,2,90.6561
1739,havin,2,90.6619
1740,fenks,2,90.6677
1741,td,2,90.6735
1742,chris,2,90.6793
1743,hugging,2,90.6851
1744,tightly,2,90.6909
1745,roaring,2,90.6967
1746,column,2,90.7025
1747,streaks,2,90.7083
1748,heavens,2,90.7141
1749,cop,2,90.7199
1750,sesky,2,90.7257
1751,spin,2,90.7316
1752,pointing,2,90.7374
1753,webcam,2,90.7432
1754,beaten,2,90.749
1755,pension,2,90.7548
1756,ewww,2,90.7606
1757,blade,2,90.7664
1758,nicer,2,90.7722
1759,jumps,2,90.778
1760,monthes,2,90.7838
1761,microwave,2,90.7896
1762,month,2,90.7954
1763,spell,2,90.8012
1764,jokes,2,90.807
1765,fruit,2,90.8128
1766,punch,2,90.8186
1767,agurlwithbigguns,2,90.8244
1768,settle,2,90.8302
1769,pies,2,90.836
1770,doll,2,90.8418
1771,standing,2,90.8476
1772,gimp,2,90.8534
1773,banned,2,90.8592
1774,kissing,2,90.865
1775,exchange,2,90.8708
1776,grope,2,90.8766
1777,spot,2,90.8824
1778,nd,2,90.8883
1779,ages,2,90.8941
1780,troll,2,90.8999
1781,ma,2,90.9057
1782,using,2,90.9115
1783,clue,2,90.9173
1784,laughing,2,90.9231
1785,mass,2,90.9289
1786,balls,2,90.9347
1787,killed,2,90.9405
1788,results,2,90.9463
1789,upstate,2,90.9521
1790,wid,2,90.9579
1791,flow,2,90.9637
1792,west,2,90.9695
1793,subject,2,90.9753
1794,al,2,90.9811
1795,cares,2,90.9869
1796,ran,2,90.9927
1797,dreaded,2,90.9985
1798,gettysburg,2,91.0043
1799,address,2,91.0101
1800,boobs,2,91.0159
1801,smack,2,91.0217
1802,wonder,2,91.0275
1803,sauce,2,91.0333
1804,rang,2,91.0391
1805,marvin,2,91.0449
1806,hall,2,91.0508
1807,oates,2,91.0566
1808,haze,2,91.0624
1809,reach,2,91.0682
1810,tks,2,91.074
1811,willie,2,91.0798
1812,heyyyyyy,2,91.0856
1813,heyyyyyyyy,2,91.0914
1814,monday,2,91.0972
1815,guessing,2,91.103
1816,beattles,2,91.1088
1817,applaudes,2,91.1146
1818,sullivan,2,91.1204
1819,gn,2,91.1262
1820,seee,2,91.132
1821,sooo,2,91.1378
1822,dressed,2,91.1436
1823,belly,2,91.1494
1824,sunny,2,91.1552
1825,garlic,2,91.161
1826,bones,2,91.1668
1827,gained,2,91.1726
1828,breathe,2,91.1784
1829,pills,2,91.1842
1830,cost,2,91.19
1831,chica,2,91.1958
1832,bouts,2,91.2016
1833,hives,2,91.2075
1834,opposite,2,91.2133
1835,slept,2,91.2191
1836,alcohol,2,91.2249
1837,affects,2,91.2307
1838,sleeping,2,91.2365
1839,working,2,91.2423
1840,trip,2,91.2481
1841,zyban,2,91.2539
1842,convo,2,91.2597
1843,breath,2,91.2655
1844,mwahs,2,91.2713
1845,scroll,2,91.2771
1846,thx,2,91.2829
1847,reason,2,91.2887
1848,babi,2,91.2945
1849,chronic,2,91.3003
1850,james,2,91.3061
1851,rich,2,91.3119
1852,biatch,2,91.3177
1853,crowded,2,91.3235
1854,wit,2,91.3293
1855,farts,2,91.3351
1856,racist,2,91.3409
1857,birthday,2,91.3467
1858,shorty,2,91.3525
1859,goodbye,2,91.3583
1860,fo,2,91.3642
1861,satan,2,91.37
1862,torah,2,91.3758
1863,teck,2,91.3816
1864,fck,2,91.3874
1865,google,2,91.3932
1866,nevah,2,91.399
1867,taste,2,91.4048
1868,tastes,2,91.4106
1869,cooking,2,91.4164
1870,perfect,2,91.4222
1871,fit,2,91.428
1872,balck,2,91.4338
1873,nz,2,91.4396
1874,holla,2,91.4454
1875,internet,2,91.4512
1876,match,2,91.457
1877,moon,2,91.4628
1878,cannot,2,91.4686
1879,washington,2,91.4744
1880,cingular,2,91.4802
1881,arent,2,91.486
1882,service,2,91.4918
1883,brown,2,91.4976
1884,unusual,2,91.5034
1885,punta,2,91.5092
1886,gorda,2,91.515
1887,pandas,2,91.5208
1888,manson,2,91.5267
1889,nirvana,2,91.5325
1890,yeas,2,91.5383
1891,brain,2,91.5441
1892,screams,2,91.5499
1893,wooo,2,91.5557
1894,geeks,2,91.5615
1895,tick,2,91.5673
1896,tock,2,91.5731
1897,virginia,2,91.5789
1898,hat,2,91.5847
1899,scorpio,2,91.5905
1900,spending,2,91.5963
1901,energy,2,91.6021
1902,rooster,2,91.6079
1903,climate,2,91.6137
1904,rush,2,91.6195
1905,bob,2,91.6253
1906,anyways,2,91.6311
1907,snuggles,2,91.6369
1908,fault,2,91.6427
1909,ignore,2,91.6485
1910,propper,2,91.6543
1911,english,2,91.6601
1912,tradition,2,91.6659
1913,power,2,91.6717
1914,turns,2,91.6775
1915,meyooky,2,91.6834
1916,french,2,91.6892
1917,table,2,91.695
1918,side,2,91.7008
1919,scrambled,2,91.7066
1920,arkansas,2,91.7124
1921,low,2,91.7182
1922,howz,2,91.724
1923,smells,2,91.7298
1924,ex's,2,91.7356
1925,appreciate,2,91.7414
1926,ufc,2,91.7472
1927,whereabouts,2,91.753
1928,stated,2,91.7588
1929,traffic,2,91.7646
1930,elo,2,91.7704
1931,munches,2,91.7762
1932,pineapples,2,91.782
1933,throw,2,91.7878
1934,period,2,91.7936
1935,dolls,2,91.7994
1936,bay,2,91.8052
1937,feeds,2,91.811
1938,anytime,2,91.8168
1939,shouting,2,91.8226
1940,encore,2,91.8284
1941,eskimo,2,91.8342
1942,root,2,91.8401
1943,mmmmmmmmmm,2,91.8459
1944,natural,2,91.8517
1945,minus,2,91.8575
1946,whispering,2,91.8633
1947,tyvm,2,91.8691
1948,wears,2,91.8749
1949,luvs,2,91.8807
1950,basket,2,91.8865
1951,dryer,2,91.8923
1952,works,2,91.8981
1953,softener,2,91.9039
1954,pet,2,91.9097
1955,mountain,2,91.9155
1956,spend,2,91.9213
1957,hissy,2,91.9271
1958,fits,2,91.9329
1959,fishercat,2,91.9387
1960,weasel,2,91.9445
1961,scares,2,91.9503
1962,chilly,2,91.9561
1963,nothin,2,91.9619
1964,giggling,2,91.9677
1965,tug,2,91.9735
1966,laguna,2,91.9793
1967,sand,2,91.9851
1968,homes,2,91.9909
1969,monsters,2,91.9967
1970,header,2,92.0026
1971,diseast,2,92.0084
1972,cupper,2,92.0142
1973,cuppers,2,92.02
1974,sport,2,92.0258
1975,common,2,92.0316
1976,sense,2,92.0374
1977,theory,2,92.0432
1978,joking,2,92.049
1979,sitting,2,92.0548
1980,homeade,2,92.0606
1981,burger,2,92.0664
1982,king,2,92.0722
1983,steak,2,92.078
1984,farms,2,92.0838
1985,shopgirl,2,92.0896
1986,ltns,2,92.0954
1987,drivin,2,92.1012
1988,spelled,2,92.107
1989,multitasking,2,92.1128
1990,talented,2,92.1186
1991,denial,2,92.1244
1992,gas,2,92.1302
1993,flaw,2,92.136
1994,aunt,2,92.1418
1995,dsklgjsdk,2,92.1476
1996,lawl,2,92.1534
1997,tiff,2,92.1593
1998,tacoma,2,92.1651
1999,chops,2,92.1709
2000,define,2,92.1767
2001,les,2,92.1825
2002,cabbage,2,92.1883
2003,indeed,2,92.1941
2004,dj,2,92.1999
2005,rutger,2,92.2057
2006,eroticaust,2,92.2115
2007,horace,2,92.2173
2008,thunder,1,92.2202
2009,ladis,1,92.2231
2010,draw,1,92.226
2011,penis,1,92.2289
2012,docs,1,92.2318
2013,connected,1,92.2347
2014,fade,1,92.2376
2015,touching,1,92.2405
2016,considerably,1,92.2434
2017,heeeey,1,92.2463
2018,sharpie,1,92.2492
2019,hurry,1,92.2521
2020,bowl,1,92.255
2021,blunt,1,92.2579
2022,bong,1,92.2608
2023,nashville,1,92.2637
2024,ogan,1,92.2666
2025,cams,1,92.2695
2026,wonna,1,92.2724
2027,gooo,1,92.2753
2028,yeee,1,92.2782
2029,haw,1,92.2811
2030,considering,1,92.284
2031,ihavehotnips,1,92.2869
2032,mirror,1,92.2898
2033,iamahotnip,1,92.2927
2034,ahah,1,92.2956
2035,iamahotniplickme,1,92.2985
2036,appearently,1,92.3014
2037,iamahotnipwithpics,1,92.3043
2038,wedding,1,92.3072
2039,warning,1,92.3101
2040,jeep,1,92.313
2041,charm,1,92.316
2042,necklace,1,92.3189
2043,falling,1,92.3218
2044,yayayayayyy,1,92.3247
2045,oooooo,1,92.3276
2046,iamahotnipwithhotnippics,1,92.3305
2047,kts,1,92.3334
2048,freakishly,1,92.3363
2049,seuss,1,92.3392
2050,within,1,92.3421
2051,borderline,1,92.345
2052,laughed,1,92.3479
2053,geeshhh,1,92.3508
2054,gottsa,1,92.3537
2055,minded,1,92.3566
2056,misbeahve,1,92.3595
2057,forwards,1,92.3624
2058,redirect,1,92.3653
2059,vbox,1,92.3682
2060,devotion,1,92.3711
2061,questioned,1,92.374
2062,serg,1,92.3769
2063,beeehave,1,92.3798
2064,didnts,1,92.3827
2065,anithing,1,92.3856
2066,jerketts,1,92.3885
2067,cradle,1,92.3914
2068,filth,1,92.3943
2069,gothic,1,92.3972
2070,gettign,1,92.4001
2071,noo,1,92.403
2072,naughtier,1,92.4059
2073,regret,1,92.4088
2074,bein,1,92.4117
2075,whys,1,92.4146
2076,ahahah,1,92.4175
2077,caution,1,92.4204
2078,tape,1,92.4233
2079,sexs,1,92.4262
2080,arrange,1,92.4291
2081,form,1,92.432
2082,coherent,1,92.4349
2083,thoughts,1,92.4378
2084,grammar,1,92.4407
2085,lesson,1,92.4436
2086,courtesy,1,92.4465
2087,counter,1,92.4494
2088,spain,1,92.4523
2089,signed,1,92.4552
2090,kev,1,92.4581
2091,fetterline,1,92.461
2092,rap,1,92.4639
2093,emergency,1,92.4668
2094,ug,1,92.4697
2095,ticket,1,92.4727
2096,bought,1,92.4756
2097,webcams,1,92.4785
2098,liking,1,92.4814
2099,rethinks,1,92.4843
2100,lmaoooo,1,92.4872
2101,douchebag,1,92.4901
2102,meredith,1,92.493
2103,impression,1,92.4959
2104,cum,1,92.4988
2105,nads,1,92.5017
2106,sticks,1,92.5046
2107,nad,1,92.5075
2108,ewwwwww,1,92.5104
2109,owww,1,92.5133
2110,splinter,1,92.5162
2111,ughhh,1,92.5191
2112,gagas,1,92.522
2113,hangs,1,92.5249
2114,gags,1,92.5278
2115,meep,1,92.5307
2116,resisting,1,92.5336
2117,beeeeehave,1,92.5365
2118,smirks,1,92.5394
2119,innocently,1,92.5423
2120,predicted,1,92.5452
2121,erm,1,92.5481
2122,mmhmm,1,92.551
2123,polite,1,92.5539
2124,row,1,92.5568
2125,catch,1,92.5597
2126,searching,1,92.5626
2127,incoming,1,92.5655
2128,lool,1,92.5684
2129,kina,1,92.5713
2130,ooooook,1,92.5742
2131,ahead,1,92.5771
2132,tears,1,92.58
2133,partial,1,92.5829
2134,sext,1,92.5858
2135,sexist,1,92.5887
2136,lazy,1,92.5916
2137,conceited,1,92.5945
2138,peolpe,1,92.5974
2139,calm,1,92.6003
2140,arms,1,92.6032
2141,major,1,92.6061
2142,child,1,92.609
2143,development,1,92.6119
2144,kc,1,92.6148
2145,cheaking,1,92.6177
2146,smax,1,92.6206
2147,syllables,1,92.6235
2148,vvil,1,92.6264
2149,alert,1,92.6293
2150,hep,1,92.6323
2151,identity,1,92.6352
2152,theft,1,92.6381
2153,typed,1,92.641
2154,tapes,1,92.6439
2155,este,1,92.6468
2156,chik,1,92.6497
2157,aussie,1,92.6526
2158,supervisor,1,92.6555
2159,ignoring,1,92.6584
2160,untouchable,1,92.6613
2161,london,1,92.6642
2162,enjoys,1,92.6671
2163,roleplay,1,92.67
2164,illin,1,92.6729
2165,vm,1,92.6758
2166,political,1,92.6787
2167,grief,1,92.6816
2168,youer,1,92.6845
2169,season,1,92.6874
2170,scorpion,1,92.6903
2171,uhh,1,92.6932
2172,boyz,1,92.6961
2173,ii,1,92.699
2174,scorpions,1,92.7019
2175,manhattan,1,92.7048
2176,boght,1,92.7077
2177,vindictive,1,92.7106
2178,earrings,1,92.7135
2179,coat,1,92.7164
2180,horror,1,92.7193
2181,scopes,1,92.7222
2182,horrified,1,92.7251
2183,byb,1,92.728
2184,intersting,1,92.7309
2185,blueberry,1,92.7338
2186,martini,1,92.7367
2187,laterssss,1,92.7396
2188,financial,1,92.7425
2189,byeeee,1,92.7454
2190,patient,1,92.7483
2191,dawn,1,92.7512
2192,mauh,1,92.7541
2193,stocks,1,92.757
2194,client,1,92.7599
2195,suffer,1,92.7628
2196,meeting,1,92.7657
2197,clients,1,92.7686
2198,fav,1,92.7715
2199,shaken,1,92.7744
2200,stirred,1,92.7773
2201,ques,1,92.7802
2202,strait,1,92.7831
2203,smoker,1,92.786
2204,preference,1,92.7889
2205,shook,1,92.7919
2206,farmer,1,92.7948
2207,harvest,1,92.7977
2208,latest,1,92.8006
2209,ruff,1,92.8035
2210,martinis,1,92.8064
2211,wooooohoooo,1,92.8093
2212,definitley,1,92.8122
2213,mame,1,92.8151
2214,nada,1,92.818
2215,mikeeeeeeeeeeeeeeeeeeeeeeeeee,1,92.8209
2216,adults,1,92.8238
2217,unwind,1,92.8267
2218,suggest,1,92.8296
2219,loaded,1,92.8325
2220,quistion,1,92.8354
2221,flattered,1,92.8383
2222,gentlemen,1,92.8412
2223,nce,1,92.8441
2224,ae,1,92.847
2225,margarita,1,92.8499
2226,novel,1,92.8528
2227,oppsss,1,92.8557
2228,push,1,92.8586
2229,fantasy,1,92.8615
2230,oooooooooooooonnnnnnnnnnnneeeeeeeeeeeeeeesssssssss,1,92.8644
2231,ooopppps,1,92.8673
2232,passing,1,92.8702
2233,oopps,1,92.8731
2234,martini's,1,92.876
2235,sometime,1,92.8789
2236,knockin,1,92.8818
2237,prob,1,92.8847
2238,doody,1,92.8876
2239,wild,1,92.8905
2240,canadain,1,92.8934
2241,fellow,1,92.8963
2242,except,1,92.8992
2243,whew,1,92.9021
2244,dark,1,92.905
2245,six,1,92.9079
2246,waht,1,92.9108
2247,settles,1,92.9137
2248,test,1,92.9166
2249,esteem,1,92.9195
2250,italian,1,92.9224
2251,nationality,1,92.9253
2252,center,1,92.9282
2253,obbts,1,92.9311
2254,ooppsss,1,92.934
2255,handsome,1,92.9369
2256,rider,1,92.9398
2257,bio,1,92.9427
2258,carefully,1,92.9456
2259,confessed,1,92.9486
2260,perked,1,92.9515
2261,steel,1,92.9544
2262,creative,1,92.9573
2263,sheepishly,1,92.9602
2264,shine,1,92.9631
2265,bisexual,1,92.966
2266,seeking,1,92.9689
2267,opportunity,1,92.9718
2268,capable,1,92.9747
2269,sustaining,1,92.9776
2270,intelligent,1,92.9805
2271,nyone,1,92.9834
2272,boot,1,92.9863
2273,wothough,1,92.9892
2274,freaked,1,92.9921
2275,personal,1,92.995
2276,hiom,1,92.9979
2277,reality,1,93.0008
2278,ut,1,93.0037
2279,smallfry,1,93.0066
2280,scare,1,93.0095
2281,dman,1,93.0124
2282,access,1,93.0153
2283,prisoner,1,93.0182
2284,resize,1,93.0211
2285,oppertunity,1,93.024
2286,humanity,1,93.0269
2287,oooooooooooo,1,93.0298
2288,during,1,93.0327
2289,jail,1,93.0356
2290,arrested,1,93.0385
2291,cops,1,93.0414
2292,handing,1,93.0443
2293,cuffed,1,93.0472
2294,drama,1,93.0501
2295,allow,1,93.053
2296,wanders,1,93.0559
2297,hogs,1,93.0588
2298,sneak,1,93.0617
2299,peek,1,93.0646
2300,redraft,1,93.0675
2301,petition,1,93.0704
2302,despises,1,93.0733
2303,prisoners,1,93.0762
2304,disappointed,1,93.0791
2305,inviting,1,93.082
2306,lb,1,93.0849
2307,spouse,1,93.0878
2308,gente,1,93.0907
2309,despie,1,93.0936
2310,destiny,1,93.0965
2311,neverneverland,1,93.0994
2312,sky,1,93.1023
2313,attorney,1,93.1052
2314,therapist,1,93.1082
2315,dispatcher,1,93.1111
2316,deceived,1,93.114
2317,putting,1,93.1169
2318,trash,1,93.1198
2319,log,1,93.1227
2320,joy,1,93.1256
2321,research,1,93.1285
2322,con,1,93.1314
2323,weeeeeeeeeeeeeeeeee,1,93.1343
2324,offended,1,93.1372
2325,schlep,1,93.1401
2326,revolving,1,93.143
2327,doors,1,93.1459
2328,dizzy,1,93.1488
2329,ctrl,1,93.1517
2330,effort,1,93.1546
2331,immersed,1,93.1575
2332,conspiracy,1,93.1604
2333,hots,1,93.1633
2334,flirts,1,93.1662
2335,outrageously,1,93.1691
2336,young,1,93.172
2337,niteeeeeeeeeeeeeeeeeee,1,93.1749
2338,cuddle,1,93.1778
2339,brooklyn,1,93.1807
2340,frst,1,93.1836
2341,someday,1,93.1865
2342,bedford,1,93.1894
2343,harsh,1,93.1923
2344,expensive,1,93.1952
2345,studio,1,93.1981
2346,louisianna,1,93.201
2347,humid,1,93.2039
2348,shortage,1,93.2068
2349,stron,1,93.2097
2350,whaaaaats,1,93.2126
2351,crop,1,93.2155
2352,tough,1,93.2184
2353,barely,1,93.2213
2354,bomb,1,93.2242
2355,dentist,1,93.2271
2356,judges,1,93.23
2357,splenda,1,93.2329
2358,subsitute,1,93.2358
2359,freaing,1,93.2387
2360,greetings,1,93.2416
2361,bosom,1,93.2445
2362,mines,1,93.2474
2363,bootay,1,93.2503
2364,splashing,1,93.2532
2365,puddle,1,93.2561
2366,weeeeeeeee,1,93.259
2367,bulls,1,93.2619
2368,expression,1,93.2649
2369,categories,1,93.2678
2370,bra,1,93.2707
2371,euphamisms,1,93.2736
2372,rid,1,93.2765
2373,depending,1,93.2794
2374,chapter,1,93.2823
2375,wireless,1,93.2852
2376,virius,1,93.2881
2377,lurkin,1,93.291
2378,losing,1,93.2939
2379,headlights,1,93.2968
2380,beams,1,93.2997
2381,sunglasses,1,93.3026
2382,slipping,1,93.3055
2383,crashed,1,93.3084
2384,perhaps,1,93.3113
2385,unboring,1,93.3142
2386,widdle,1,93.3171
2387,fiddles,1,93.32
2388,eeek,1,93.3229
2389,ysssssssss,1,93.3258
2390,chats,1,93.3287
2391,simply,1,93.3316
2392,babble,1,93.3345
2393,tjhe,1,93.3374
2394,excuuuuuuse,1,93.3403
2395,babblein,1,93.3432
2396,parrot,1,93.3461
2397,misbehaving,1,93.349
2398,solution,1,93.3519
2399,simple,1,93.3548
2400,heee,1,93.3577
2401,peel,1,93.3606
2402,canehda,1,93.3635
2403,fock,1,93.3664
2404,doc,1,93.3693
2405,smoke,1,93.3722
2406,dya,1,93.3751
2407,exit,1,93.378
2408,specialist,1,93.3809
2409,mris,1,93.3838
2410,fascination,1,93.3867
2411,russion,1,93.3896
2412,ships,1,93.3925
2413,sunshine,1,93.3954
2414,goody,1,93.3983
2415,chuckle,1,93.4012
2416,buff,1,93.4041
2417,biographys,1,93.407
2418,hickory,1,93.4099
2419,spose,1,93.4128
2420,mm,1,93.4157
2421,buffalo,1,93.4186
2422,wings,1,93.4215
2423,plus,1,93.4245
2424,unique,1,93.4274
2425,hix,1,93.4303
2426,younger,1,93.4332
2427,strangers,1,93.4361
2428,fallout,1,93.439
2429,grrrrrrrrr,1,93.4419
2430,tory,1,93.4448
2431,coincidence,1,93.4477
2432,knee,1,93.4506
2433,dislocated,1,93.4535
2434,thumb,1,93.4564
2435,aok,1,93.4593
2436,worries,1,93.4622
2437,hertory,1,93.4651
2438,amazing,1,93.468
2439,powers,1,93.4709
2440,literature,1,93.4738
2441,brady,1,93.4767
2442,kidnaped,1,93.4796
2443,booboo,1,93.4825
2444,teachers,1,93.4854
2445,art,1,93.4883
2446,xxxxxx,1,93.4912
2447,oooh,1,93.4941
2448,lala,1,93.497
2449,nicnames,1,93.4999
2450,odd,1,93.5028
2451,fake,1,93.5057
2452,eighth,1,93.5086
2453,classroom,1,93.5115
2454,gayoholic,1,93.5144
2455,foley,1,93.5173
2456,thows,1,93.5202
2457,brother,1,93.5231
2458,bound,1,93.526
2459,fractured,1,93.5289
2460,compoud,1,93.5318
2461,vetrabrate,1,93.5347
2462,ssi,1,93.5376
2463,ssid,1,93.5405
2464,hearin,1,93.5434
2465,nurse,1,93.5463
2466,april,1,93.5492
2467,fishin,1,93.5521
2468,opr,1,93.555
2469,enters,1,93.5579
2470,pos,1,93.5608
2471,italy,1,93.5637
2472,backup,1,93.5666
2473,sicily,1,93.5695
2474,teh,1,93.5724
2475,rockies,1,93.5753
2476,rained,1,93.5782
2477,hairs,1,93.5811
2478,nebraska,1,93.5841
2479,poot,1,93.587
2480,poop,1,93.5899
2481,bird,1,93.5928
2482,specials,1,93.5957
2483,soybeans,1,93.5986
2484,scarecrow,1,93.6015
2485,plow,1,93.6044
2486,backatchya,1,93.6073
2487,neighborhood,1,93.6102
2488,ops,1,93.6131
2489,solved,1,93.616
2490,crossed,1,93.6189
2491,photshopped,1,93.6218
2492,speaking,1,93.6247
2493,px,1,93.6276
2494,hio,1,93.6305
2495,ryaon,1,93.6334
2496,hugsssss,1,93.6363
2497,friday,1,93.6392
2498,thnx,1,93.6421
2499,congrat,1,93.645
2500,attend,1,93.6479
2501,sales,1,93.6508
2502,beachhhh,1,93.6537
2503,card,1,93.6566
2504,proocessing,1,93.6595
2505,software,1,93.6624
2506,oldest,1,93.6653
2507,uyes,1,93.6682
2508,mercedes,1,93.6711
2509,benz,1,93.674
2510,knw,1,93.6769
2511,salesman,1,93.6798
2512,key,1,93.6827
2513,ja,1,93.6856
2514,hmmmmm,1,93.6885
2515,thanksgiving,1,93.6914
2516,hmmmm,1,93.6943
2517,whistlin,1,93.6972
2518,welfare,1,93.7001
2519,torturing,1,93.703
2520,whisling,1,93.7059
2521,tuned,1,93.7088
2522,martian,1,93.7117
2523,swamp,1,93.7146
2524,cripes,1,93.7175
2525,updated,1,93.7204
2526,muzak,1,93.7233
2527,beg,1,93.7262
2528,reunion,1,93.7291
2529,saturday,1,93.732
2530,ahhhhhh,1,93.7349
2531,defragging,1,93.7378
2532,disc,1,93.7408
2533,bandito,1,93.7437
2534,chatland,1,93.7466
2535,sneeze,1,93.7495
2536,frags,1,93.7524
2537,regularly,1,93.7553
2538,fragged,1,93.7582
2539,speed,1,93.7611
2540,removing,1,93.764
2541,bless,1,93.7669
2542,carry,1,93.7698
2543,interruption,1,93.7727
2544,faster,1,93.7756
2545,extensions,1,93.7785
2546,turned,1,93.7814
2547,defrags,1,93.7843
2548,heeee,1,93.7872
2549,playin,1,93.7901
2550,plssss,1,93.793
2551,cripos,1,93.7959
2552,handyman,1,93.7988
2553,technical,1,93.8017
2554,arggghhh,1,93.8046
2555,denver,1,93.8075
2556,needer,1,93.8104
2557,priorities,1,93.8133
2558,daamn,1,93.8162
2559,sucka,1,93.8191
2560,sucker,1,93.822
2561,bloe,1,93.8249
2562,blow,1,93.8278
2563,whooo,1,93.8307
2564,hooo,1,93.8336
2565,sumfin,1,93.8365
2566,damnit,1,93.8394
2567,pissing,1,93.8423
2568,middle,1,93.8452
2569,thinkin,1,93.8481
2570,thje,1,93.851
2571,alwys,1,93.8539
2572,ole,1,93.8568
2573,aka,1,93.8597
2574,jess,1,93.8626
2575,afe,1,93.8655
2576,pp,1,93.8684
2577,concern,1,93.8713
2578,concernin,1,93.8742
2579,messenger,1,93.8771
2580,ff,1,93.88
2581,lipstick,1,93.8829
2582,term,1,93.8858
2583,experimenting,1,93.8887
2584,local,1,93.8916
2585,sucked,1,93.8945
2586,boned,1,93.8974
2587,dry,1,93.9004
2588,provide,1,93.9033
2589,rotflmao,1,93.9062
2590,flooding,1,93.9091
2591,lovelies,1,93.912
2592,alo,1,93.9149
2593,slipped,1,93.9178
2594,tina,1,93.9207
2595,poked,1,93.9236
2596,plently,1,93.9265
2597,pussies,1,93.9294
2598,sentences,1,93.9323
2599,posts,1,93.9352
2600,instead,1,93.9381
2601,paragraph,1,93.941
2602,dildo,1,93.9439
2603,pokin,1,93.9468
2604,scrolls,1,93.9497
2605,pat,1,93.9526
2606,boone,1,93.9555
2607,ooer,1,93.9584
2608,paragraphs,1,93.9613
2609,bucks,1,93.9642
2610,anal,1,93.9671
2611,apparently,1,93.97
2612,sry,1,93.9729
2613,barks,1,93.9758
2614,congrats,1,93.9787
2615,diggin,1,93.9816
2616,dojn,1,93.9845
2617,soojn,1,93.9874
2618,rob,1,93.9903
2619,luverz,1,93.9932
2620,wubs,1,93.9961
2621,mkay,1,93.999
2622,loosen,1,94.0019
2623,doctor,1,94.0048
2624,regarding,1,94.0077
2625,sores,1,94.0106
2626,spat,1,94.0135
2627,harley,1,94.0164
2628,longer,1,94.0193
2629,mf'er,1,94.0222
2630,genital,1,94.0251
2631,warts,1,94.028
2632,total,1,94.0309
2633,fuddahnut,1,94.0338
2634,gees,1,94.0367
2635,bedroom,1,94.0396
2636,promoter,1,94.0425
2637,yahoo,1,94.0454
2638,alternatives,1,94.0483
2639,mopeds,1,94.0512
2640,screach,1,94.0541
2641,muahhhhh,1,94.057
2642,imhave,1,94.06
2643,fan,1,94.0629
2644,huuuuuuuuuuuuuuuuuuuuuuuuuuuuuuuuuuugz,1,94.0658
2645,repeatedly,1,94.0687
2646,smacks,1,94.0716
2647,online,1,94.0745
2648,qq,1,94.0774
2649,pushes,1,94.0803
2650,euphemism,1,94.0832
2651,puts,1,94.0861
2652,grabs,1,94.089
2653,fish,1,94.0919
2654,wooooooooooooohoooooooooooooooo,1,94.0948
2655,drops,1,94.0977
2656,streched,1,94.1006
2657,jayse,1,94.1035
2658,wahoooooooski,1,94.1064
2659,advisory,1,94.1093
2660,respec,1,94.1122
2661,bc,1,94.1151
2662,joshy,1,94.118
2663,dropped,1,94.1209
2664,azerbaijan,1,94.1238
2665,syck,1,94.1267
2666,chatr,1,94.1296
2667,neone,1,94.1325
2668,pushed,1,94.1354
2669,tere,1,94.1383
2670,sent,1,94.1412
2671,smirkz,1,94.1441
2672,barometer,1,94.147
2673,bahahahaa,1,94.1499
2674,moaning,1,94.1528
2675,werd,1,94.1557
2676,retared,1,94.1586
2677,totaly,1,94.1615
2678,attraction,1,94.1644
2679,toward,1,94.1673
2680,depeche,1,94.1702
2681,rooms,1,94.1731
2682,nawt,1,94.176
2683,royalty,1,94.1789
2684,definitely,1,94.1818
2685,winner,1,94.1847
2686,wednesday,1,94.1876
2687,asnwer,1,94.1905
2688,birfday,1,94.1934
2689,mmmmk,1,94.1963
2690,offensive,1,94.1992
2691,policy,1,94.2021
2692,sign,1,94.205
2693,woof,1,94.2079
2694,xxxed,1,94.2108
2695,tingly,1,94.2137
2696,bunny,1,94.2167
2697,ooeer,1,94.2196
2698,ghet,1,94.2225
2699,fuked,1,94.2254
2700,pvt,1,94.2283
2701,brad,1,94.2312
2702,pit,1,94.2341
2703,skateboard,1,94.237
2704,biyatch,1,94.2399
2705,tom,1,94.2428
2706,denzel,1,94.2457
2707,refrain,1,94.2486
2708,moanin,1,94.2515
2709,hiding,1,94.2544
2710,lingo,1,94.2573
2711,fallz,1,94.2602
2712,offa,1,94.2631
2713,laffin,1,94.266
2714,european,1,94.2689
2715,whoaaaaaaaaaaaa,1,94.2718
2716,tootsie,1,94.2747
2717,freakin,1,94.2776
2718,ridin,1,94.2805
2719,dood,1,94.2834
2720,difference,1,94.2863
2721,reallly,1,94.2892
2722,brrrrrrr,1,94.2921
2723,jeter,1,94.295
2724,rothlisburger,1,94.2979
2725,dissing,1,94.3008
2726,haters,1,94.3037
2727,listenin,1,94.3066
2728,evanescence,1,94.3095
2729,lithium,1,94.3124
2730,ans,1,94.3153
2731,wigglez,1,94.3182
2732,touches,1,94.3211
2733,sexcite,1,94.324
2734,moanz,1,94.3269
2735,twoel,1,94.3298
2736,towel,1,94.3327
2737,sink,1,94.3356
2738,schmoopies,1,94.3385
2739,popular,1,94.3414
2740,opinion,1,94.3443
2741,contemplating,1,94.3472
2742,nickleback,1,94.3501
2743,suggested,1,94.353
2744,dun,1,94.3559
2745,erics,1,94.3588
2746,sweetshybbw,1,94.3617
2747,shaun,1,94.3646
2748,gaaaaaaay,1,94.3675
2749,cums,1,94.3704
2750,faints,1,94.3733
2751,loss,1,94.3763
2752,hedge,1,94.3792
2753,soo,1,94.3821
2754,aqwesome,1,94.385
2755,rascal,1,94.3879
2756,flatts,1,94.3908
2757,hubbys,1,94.3937
2758,hehehee,1,94.3966
2759,nodda,1,94.3995
2760,wearin,1,94.4024
2761,wrap,1,94.4053
2762,arm,1,94.4082
2763,othah,1,94.4111
2764,halfa,1,94.414
2765,yawnssss,1,94.4169
2766,hide,1,94.4198
2767,surprise,1,94.4227
2768,okikes,1,94.4256
2769,closet,1,94.4285
2770,gtg,1,94.4314
2771,okey,1,94.4343
2772,dokey,1,94.4372
2773,worl,1,94.4401
2774,police,1,94.443
2775,injureis,1,94.4459
2776,awrighty,1,94.4488
2777,rumour,1,94.4517
2778,huggs,1,94.4546
2779,costumes,1,94.4575
2780,hanging,1,94.4604
2781,rumours,1,94.4633
2782,smoochies,1,94.4662
2783,macho,1,94.4691
2784,village,1,94.472
2785,magine,1,94.4749
2786,daveeee,1,94.4778
2787,coonarsee,1,94.4807
2788,rainbow,1,94.4836
2789,thang,1,94.4865
2790,cepn,1,94.4894
2791,entitled,1,94.4923
2792,fella,1,94.4952
2793,gomer,1,94.4981
2794,ohhhhhhhhhhhhhhhh,1,94.501
2795,lots,1,94.5039
2796,purty,1,94.5068
2797,wimmins,1,94.5097
2798,blinks,1,94.5126
2799,beside,1,94.5155
2800,kissy,1,94.5184
2801,nawp,1,94.5213
2802,cheking,1,94.5242
2803,addy,1,94.5271
2804,fwd,1,94.53
2805,dem,1,94.533
2806,shining,1,94.5359
2807,across,1,94.5388
2808,lake,1,94.5417
2809,yas,1,94.5446
2810,huggss,1,94.5475
2811,hurting,1,94.5504
2812,shups,1,94.5533
2813,guest,1,94.5562
2814,realises,1,94.5591
2815,sumpin,1,94.562
2816,byeeeeeeee,1,94.5649
2817,backroom,1,94.5678
2818,grrrrrrrr,1,94.5707
2819,caint,1,94.5736
2820,nuttin,1,94.5765
2821,secret,1,94.5794
2822,hugsssssssss,1,94.5823
2823,everytime,1,94.5852
2824,pssst,1,94.5881
2825,mite,1,94.591
2826,recall,1,94.5939
2827,dueling,1,94.5968
2828,banjoes,1,94.5997
2829,pleased,1,94.6026
2830,deliverance,1,94.6055
2831,tigers,1,94.6084
2832,sympathy,1,94.6113
2833,cutting,1,94.6142
2834,wood,1,94.6171
2835,outhouse,1,94.62
2836,yu,1,94.6229
2837,hahahahaaa,1,94.6258
2838,gezzz,1,94.6287
2839,hahhahahaha,1,94.6316
2840,noooooooooo,1,94.6345
2841,eeeek,1,94.6374
2842,mistake,1,94.6403
2843,hoping,1,94.6432
2844,robbie,1,94.6461
2845,cards,1,94.649
2846,orta,1,94.6519
2847,wins,1,94.6548
2848,situation,1,94.6577
2849,pours,1,94.6606
2850,ebay,1,94.6635
2851,coem,1,94.6664
2852,takers,1,94.6693
2853,adoted,1,94.6722
2854,empty,1,94.6751
2855,pot,1,94.678
2856,adopted,1,94.6809
2857,giva,1,94.6838
2858,alley,1,94.6867
2859,mo,1,94.6896
2860,offer,1,94.6926
2861,hubby,1,94.6955
2862,tim,1,94.6984
2863,mcgraw,1,94.7013
2864,errrrr,1,94.7042
2865,topless,1,94.7071
2866,bases,1,94.71
2867,doublewide,1,94.7129
2868,ally,1,94.7158
2869,cheep,1,94.7187
2870,swats,1,94.7216
2871,pad,1,94.7245
2872,eeewww,1,94.7274
2873,smacked,1,94.7303
2874,truck,1,94.7332
2875,mowin,1,94.7361
2876,judy,1,94.739
2877,biggest,1,94.7419
2878,cleared,1,94.7448
2879,barfights,1,94.7477
2880,guard,1,94.7506
2881,bouncer,1,94.7535
2882,sheesin,1,94.7564
2883,cyas,1,94.7593
2884,bouncers,1,94.7622
2885,ing,1,94.7651
2886,shup,1,94.768
2887,tooo,1,94.7709
2888,kep,1,94.7738
2889,jumpin,1,94.7767
2890,dragged,1,94.7796
2891,pm'n,1,94.7825
2892,goooooo,1,94.7854
2893,baked,1,94.7883
2894,choc,1,94.7912
2895,butterscotch,1,94.7941
2896,oatmeal,1,94.797
2897,poorrr,1,94.7999
2898,shoulders,1,94.8028
2899,oatmel,1,94.8057
2900,mixed,1,94.8086
2901,wher,1,94.8115
2902,hopin,1,94.8144
2903,handy,1,94.8173
2904,peanut,1,94.8202
2905,butter,1,94.8231
2906,thrown,1,94.826
2907,coconuts,1,94.8289
2908,jujubees,1,94.8318
2909,hahahhahah,1,94.8347
2910,grrrrrrrrrrrrrrrrr,1,94.8376
2911,tapping,1,94.8405
2912,whoo,1,94.8434
2913,hooooo,1,94.8463
2914,grrrrrring,1,94.8492
2915,dint,1,94.8522
2916,nakie,1,94.8551
2917,t'anks,1,94.858
2918,bounced,1,94.8609
2919,yikesssss,1,94.8638
2920,pretend,1,94.8667
2921,contented,1,94.8696
2922,homosexual,1,94.8725
2923,sexuality,1,94.8754
2924,ohhhhhh,1,94.8783
2925,tend,1,94.8812
2926,begin,1,94.8841
2927,sprays,1,94.887
2928,lysol,1,94.8899
2929,uffff,1,94.8928
2930,paints,1,94.8957
2931,toenails,1,94.8986
2932,veg,1,94.9015
2933,weapons,1,94.9044
2934,menu,1,94.9073
2935,infor,1,94.9102
2936,elected,1,94.9131
2937,official,1,94.916
2938,constituents,1,94.9189
2939,demand,1,94.9218
2940,lust,1,94.9247
2941,ooooooo,1,94.9276
2942,nods,1,94.9305
2943,lay,1,94.9334
2944,dying,1,94.9363
2945,perception,1,94.9392
2946,rapest,1,94.9421
2947,offence,1,94.945
2948,homophobic,1,94.9479
2949,ether,1,94.9508
2950,kept,1,94.9537
2951,horse,1,94.9566
2952,toledo,1,94.9595
2953,offspring,1,94.9624
2954,swinging,1,94.9653
2955,completly,1,94.9682
2956,misses,1,94.9711
2957,specalily,1,94.974
2958,horriable,1,94.9769
2959,minigames,1,94.9798
2960,splelnig,1,94.9827
2961,scuk,1,94.9856
2962,raed,1,94.9885
2963,aynawy,1,94.9914
2964,sevendust,1,94.9943
2965,sigur,1,94.9972
2966,ros,1,95.0001
2967,controll,1,95.003
2968,cramp,1,95.0059
2969,controllers,1,95.0089
2970,soilwork,1,95.0118
2971,average,1,95.0147
2972,graphics,1,95.0176
2973,ps,1,95.0205
2974,lacking,1,95.0234
2975,platform,1,95.0263
2976,doe,1,95.0292
2977,bugs,1,95.0321
2978,glitches,1,95.035
2979,turning,1,95.0379
2980,netflix,1,95.0408
2981,member,1,95.0437
2982,third,1,95.0466
2983,accent,1,95.0495
2984,technologically,1,95.0524
2985,impared,1,95.0553
2986,subscriptions,1,95.0582
2987,dvd,1,95.0611
2988,complicated,1,95.064
2989,ico,1,95.0669
2990,kickass,1,95.0698
2991,puzzles,1,95.0727
2992,basically,1,95.0756
2993,console,1,95.0785
2994,nerd,1,95.0814
2995,shall,1,95.0843
2996,return,1,95.0872
2997,computers,1,95.0901
2998,foreplay,1,95.093
2999,silent,1,95.0959
3000,tower,1,95.0988
3001,resident,1,95.1017
3002,atmospheric,1,95.1046
3003,adventure,1,95.1075
3004,pimp,1,95.1104
3005,niceeeee,1,95.1133
3006,ep,1,95.1162
3007,niceeee,1,95.1191
3008,recomend,1,95.122
3009,subscription,1,95.1249
3010,marked,1,95.1278
3011,parkway,1,95.1307
3012,catastrophic,1,95.1336
3013,haaa,1,95.1365
3014,discretion,1,95.1394
3015,confusting,1,95.1423
3016,whose,1,95.1452
3017,it's,1,95.1481
3018,zebrahead,1,95.151
3019,werent,1,95.1539
3020,thugs,1,95.1568
3021,harmony,1,95.1597
3022,realise,1,95.1626
3023,beleive,1,95.1655
3024,chanop,1,95.1685
3025,bwhaha,1,95.1714
3026,ashamed,1,95.1743
3027,hero,1,95.1772
3028,fails,1,95.1801
3029,ehh,1,95.183
3030,shouldnt,1,95.1859
3031,walked,1,95.1888
3032,doupt,1,95.1917
3033,hfglhs,1,95.1946
3034,obsession,1,95.1975
3035,wasnt,1,95.2004
3036,salut,1,95.2033
3037,roadrunner,1,95.2062
3038,constitution,1,95.2091
3039,joey,1,95.212
3040,jordison,1,95.2149
3041,sessions,1,95.2178
3042,breaking,1,95.2207
3043,benjamin,1,95.2236
3044,diary,1,95.2265
3045,jane,1,95.2294
3046,span,1,95.2323
3047,limits,1,95.2352
3048,chickens,1,95.2381
3049,contast,1,95.241
3050,deciding,1,95.2439
3051,sexiest,1,95.2468
3052,perth,1,95.2497
3053,painted,1,95.2526
3054,wore,1,95.2555
3055,flames,1,95.2584
3056,leeches,1,95.2613
3057,pasa,1,95.2642
3058,nadda,1,95.2671
3059,tu,1,95.27
3060,barn,1,95.2729
3061,colors,1,95.2758
3062,chingy,1,95.2787
3063,feat,1,95.2816
3064,tyrese,1,95.2845
3065,pullin,1,95.2874
3066,disgusting,1,95.2903
3067,addict,1,95.2932
3068,dork,1,95.2961
3069,reads,1,95.299
3070,silverstein,1,95.3019
3071,broken,1,95.3048
3072,easily,1,95.3077
3073,frankly,1,95.3106
3074,suree,1,95.3135
3075,hom,1,95.3164
3076,wanan,1,95.3193
3077,telling,1,95.3222
3078,laid,1,95.3252
3079,props,1,95.3281
3080,awesomee,1,95.331
3081,clubs,1,95.3339
3082,craig,1,95.3368
3083,morgan,1,95.3397
3084,manage,1,95.3426
3085,herd,1,95.3455
3086,noting,1,95.3484
3087,phylosipher,1,95.3513
3088,virginity,1,95.3542
3089,impossible,1,95.3571
3090,trivium,1,95.36
3091,washing,1,95.3629
3092,tide,1,95.3658
3093,blocking,1,95.3687
3094,jush,1,95.3716
3095,grlz,1,95.3745
3096,boinked,1,95.3774
3097,innocense,1,95.3803
3098,untouched,1,95.3832
3099,voices,1,95.3861
3100,males,1,95.389
3101,cougs,1,95.3919
3102,orange,1,95.3948
3103,suprised,1,95.3977
3104,coughed,1,95.4006
3105,lung,1,95.4035
3106,hoi,1,95.4064
3107,slide,1,95.4093
3108,jto,1,95.4122
3109,snake,1,95.4151
3110,lion,1,95.418
3111,brat,1,95.4209
3112,nooooooooooooooo,1,95.4238
3113,pocket,1,95.4267
3114,nostrils,1,95.4296
3115,drifter,1,95.4325
3116,cutes,1,95.4354
3117,bak,1,95.4383
3118,blowjob,1,95.4412
3119,sassy,1,95.4441
3120,va,1,95.447
3121,pffft,1,95.4499
3122,muahzzzz,1,95.4528
3123,muah,1,95.4557
3124,bumped,1,95.4586
3125,somehow,1,95.4615
3126,fawk,1,95.4644
3127,farting,1,95.4673
3128,cloud,1,95.4702
3129,burito,1,95.4731
3130,dust,1,95.476
3131,lotta,1,95.4789
3132,burpin,1,95.4818
3133,pweeze,1,95.4848
3134,dangit,1,95.4877
3135,seth,1,95.4906
3136,timing,1,95.4935
3137,heads,1,95.4964
3138,neked,1,95.4993
3139,lolol,1,95.5022
3140,tackles,1,95.5051
3141,shaneeeeeeeee,1,95.508
3142,sheep,1,95.5109
3143,lixxx,1,95.5138
3144,jw,1,95.5167
3145,smarter,1,95.5196
3146,buddyyyyyy,1,95.5225
3147,dokken,1,95.5254
3148,wel,1,95.5283
3149,lthen,1,95.5312
3150,alotta,1,95.5341
3151,ack,1,95.537
3152,wahoooooooo,1,95.5399
3153,abou,1,95.5428
3154,tthe,1,95.5457
3155,fawked,1,95.5486
3156,stays,1,95.5515
3157,voice,1,95.5544
3158,hearthechatters,1,95.5573
3159,careful,1,95.5602
3160,nj,1,95.5631
3161,wicked,1,95.566
3162,parents,1,95.5689
3163,bwahahahahahahahahahaha,1,95.5718
3164,cleveland,1,95.5747
3165,starting,1,95.5776
3166,chant,1,95.5805
3167,victors,1,95.5834
3168,valiant,1,95.5863
3169,concrete,1,95.5892
3170,heroes,1,95.5921
3171,leaders,1,95.595
3172,chokes,1,95.5979
3173,earth,1,95.6008
3174,drivers,1,95.6037
3175,adjusts,1,95.6066
3176,watched,1,95.6095
3177,pictured,1,95.6124
3178,wondered,1,95.6153
3179,babiess,1,95.6182
3180,kit,1,95.6211
3181,awwwwwww,1,95.624
3182,wonderin,1,95.6269
3183,pinches,1,95.6298
3184,ltnsea,1,95.6327
3185,eeekk,1,95.6356
3186,hmmmmmmmm,1,95.6385
3187,pork,1,95.6414
3188,proked,1,95.6444
3189,popped,1,95.6473
3190,whered,1,95.6502
3191,prrty,1,95.6531
3192,popper,1,95.656
3193,noooooooooooooo,1,95.6589
3194,boning,1,95.6618
3195,urs,1,95.6647
3196,thanksss,1,95.6676
3197,loc,1,95.6705
3198,aterry,1,95.6734
3199,don,1,95.6763
3200,whispre,1,95.6792
3201,yw's,1,95.6821
3202,downnnnnn,1,95.685
3203,freeezinggggg,1,95.6879
3204,mark,1,95.6908
3205,frown,1,95.6937
3206,omggg,1,95.6966
3207,mittens,1,95.6995
3208,elections,1,95.7024
3209,dotn,1,95.7053
3210,gaspppp,1,95.7082
3211,coggieeee,1,95.7111
3212,voter,1,95.714
3213,gee,1,95.7169
3214,issue,1,95.7198
3215,comps,1,95.7227
3216,eddie,1,95.7256
3217,repeating,1,95.7285
3218,themselvs,1,95.7314
3219,illinois,1,95.7343
3220,ensure,1,95.7372
3221,rights,1,95.7401
3222,abortions,1,95.743
3223,picks,1,95.7459
3224,repeats,1,95.7488
3225,abourted,1,95.7517
3226,bossy,1,95.7546
3227,laughin,1,95.7575
3228,builds,1,95.7604
3229,freeeezinggg,1,95.7633
3230,gift,1,95.7662
3231,driveby,1,95.7691
3232,pouts,1,95.772
3233,oot,1,95.7749
3234,pouting,1,95.7778
3235,violators,1,95.7807
3236,spanked,1,95.7836
3237,fulfilling,1,95.7865
3238,curls,1,95.7894
3239,maddish,1,95.7923
3240,apoligize,1,95.7952
3241,flower,1,95.7981
3242,outs,1,95.8011
3243,btw,1,95.804
3244,stripper,1,95.8069
3245,bachelorette,1,95.8098
3246,wansta,1,95.8127
3247,receprion,1,95.8156
3248,pisses,1,95.8185
3249,paul,1,95.8214
3250,outa,1,95.8243
3251,nekkies,1,95.8272
3252,entertain,1,95.8301
3253,retahhhhded,1,95.833
3254,stalk,1,95.8359
3255,pssssh,1,95.8388
3256,involves,1,95.8417
3257,york,1,95.8446
3258,yooou,1,95.8475
3259,tonawanda,1,95.8504
3260,muhaha,1,95.8533
3261,yoooou,1,95.8562
3262,anythin,1,95.8591
3263,tdr,1,95.862
3264,riiiiight,1,95.8649
3265,wussups,1,95.8678
3266,ooooooooooo,1,95.8707
3267,ahahh,1,95.8736
3268,midwest,1,95.8765
3269,scream,1,95.8794
3270,biiiatch,1,95.8823
3271,forgets,1,95.8852
3272,louder,1,95.8881
3273,xxxxxxxxxx,1,95.891
3274,jacking,1,95.8939
3275,kitchen,1,95.8968
3276,whitte,1,95.8997
3277,doodle,1,95.9026
3278,rapidly,1,95.9055
3279,heeheeheeheeheehee,1,95.9084
3280,skydiving,1,95.9113
3281,tounge,1,95.9142
3282,siver,1,95.9171
3283,fear,1,95.92
3284,geessh,1,95.9229
3285,piggy,1,95.9258
3286,sleepy,1,95.9287
3287,dies,1,95.9316
3288,freind,1,95.9345
3289,chest,1,95.9374
3290,givs,1,95.9403
3291,cpr,1,95.9432
3292,hahahahahaha,1,95.9461
3293,killeded,1,95.949
3294,du,1,95.9519
3295,dummmm,1,95.9548
3296,hohohohhohhoo,1,95.9577
3297,kawing,1,95.9607
3298,bust,1,95.9636
3299,ewedding,1,95.9665
3300,fucks,1,95.9694
3301,xmas,1,95.9723
3302,sweeeeeeeeet,1,95.9752
3303,cancer,1,95.9781
3304,enuf,1,95.981
3305,betrayal,1,95.9839
3306,rag,1,95.9868
3307,cooter,1,95.9897
3308,leakin,1,95.9926
3309,affairs,1,95.9955
3310,aware,1,95.9984
3311,eeww,1,96.0013
3312,eeewwwwww,1,96.0042
3313,lesbo,1,96.0071
3314,thristy,1,96.01
3315,nasty,1,96.0129
3316,dick,1,96.0158
3317,shocks,1,96.0187
3318,fair,1,96.0216
3319,syndrome,1,96.0245
3320,van,1,96.0274
3321,lyin,1,96.0303
3322,yessum,1,96.0332
3323,chocha,1,96.0361
3324,thirsty,1,96.039
3325,superman,1,96.0419
3326,orders,1,96.0448
3327,lex,1,96.0477
3328,lois,1,96.0506
3329,bud,1,96.0535
3330,brings,1,96.0564
3331,forgive,1,96.0593
3332,lovin,1,96.0622
3333,actualy,1,96.0651
3334,condition,1,96.068
3335,tryina,1,96.0709
3336,cuss,1,96.0738
3337,satisfie,1,96.0767
3338,munch,1,96.0796
3339,anyyyyyyyyyyyyyyyyy,1,96.0825
3340,stallion,1,96.0854
3341,rape,1,96.0883
3342,raarrrrrr,1,96.0912
3343,counts,1,96.0941
3344,geez,1,96.097
3345,syndorme,1,96.0999
3346,recovering,1,96.1028
3347,jajajaaa,1,96.1057
3348,tart,1,96.1086
3349,hgey,1,96.1115
3350,mwahhs,1,96.1144
3351,caan,1,96.1174
3352,exchanged,1,96.1203
3353,fliuds,1,96.1232
3354,remembers,1,96.1261
3355,ifr,1,96.129
3356,memories,1,96.1319
3357,act,1,96.1348
3358,appologise,1,96.1377
3359,feeling,1,96.1406
3360,starts,1,96.1435
3361,molest,1,96.1464
3362,lurks,1,96.1493
3363,mwahhss,1,96.1522
3364,exchanging,1,96.1551
3365,hahaaa,1,96.158
3366,fruity,1,96.1609
3367,shpwing,1,96.1638
3368,nude,1,96.1667
3369,nudes,1,96.1696
3370,allo,1,96.1725
3371,lmaooooo,1,96.1754
3372,ahahha,1,96.1783
3373,kneez,1,96.1812
3374,kness,1,96.1841
3375,yesh,1,96.187
3376,kneess,1,96.1899
3377,ahhah,1,96.1928
3378,miss'n,1,96.1957
3379,cyclone,1,96.1986
3380,reub,1,96.2015
3381,included,1,96.2044
3382,possibly,1,96.2073
3383,involved,1,96.2102
3384,arrived,1,96.2131
3385,react,1,96.216
3386,heat,1,96.2189
3387,winds,1,96.2218
3388,hitting,1,96.2247
3389,kmph,1,96.2276
3390,pope,1,96.2305
3391,standin,1,96.2334
3392,riiiight,1,96.2363
3393,orgies,1,96.2392
3394,needy,1,96.2421
3395,carpet,1,96.245
3396,tryer,1,96.2479
3397,truss,1,96.2508
3398,techniques,1,96.2537
3399,swallow,1,96.2566
3400,mmmkay,1,96.2595
3401,choke,1,96.2624
3402,bleach,1,96.2653
3403,technique,1,96.2682
3404,sounded,1,96.2711
3405,yess,1,96.274
3406,ken,1,96.277
3407,lotsa,1,96.2799
3408,hummmm,1,96.2828
3409,duet,1,96.2857
3410,grins,1,96.2886
3411,bbiam,1,96.2915
3412,whatca,1,96.2944
3413,willis,1,96.2973
3414,pro's,1,96.3002
3415,wuts,1,96.3031
3416,tonite,1,96.306
3417,understand,1,96.3089
3418,frustrating,1,96.3118
3419,filled,1,96.3147
3420,cardnials,1,96.3176
3421,perverted,1,96.3205
3422,albany,1,96.3234
3423,quiz,1,96.3263
3424,saratoga,1,96.3292
3425,hih,1,96.3321
3426,copone,1,96.335
3427,quizes,1,96.3379
3428,nicname,1,96.3408
3429,scar,1,96.3437
3430,profilrs,1,96.3466
3431,clicked,1,96.3495
3432,lincoln,1,96.3524
3433,famous,1,96.3553
3434,speech,1,96.3582
3435,doggies,1,96.3611
3436,release,1,96.364
3437,headach,1,96.3669
3438,hay,1,96.3698
3439,pleaseeeee,1,96.3727
3440,muahsssssssssssssssssss,1,96.3756
3441,theere,1,96.3785
3442,muahssssssssssssssss,1,96.3814
3443,danny,1,96.3843
3444,recieve,1,96.3872
3445,email,1,96.3901
3446,paitently,1,96.393
3447,hu,1,96.3959
3448,pr,1,96.3988
3449,pasties,1,96.4017
3450,tabasco,1,96.4046
3451,whhhooooo,1,96.4075
3452,ridem,1,96.4104
3453,prono,1,96.4133
3454,pair,1,96.4162
3455,robert,1,96.4191
3456,palmer,1,96.422
3457,bell,1,96.4249
3458,adams,1,96.4278
3459,lurch,1,96.4307
3460,livin,1,96.4336
3461,missin,1,96.4366
3462,dawg,1,96.4395
3463,memory,1,96.4424
3464,hugzzzzzzz,1,96.4453
3465,scrabble,1,96.4482
3466,notes,1,96.4511
3467,beatles,1,96.454
3468,hearing,1,96.4569
3469,jimmy,1,96.4598
3470,hendrix,1,96.4627
3471,boyfriend,1,96.4656
3472,grilfriend,1,96.4685
3473,febe,1,96.4714
3474,dobson,1,96.4743
3475,prof,1,96.4772
3476,surfing,1,96.4801
3477,wc,1,96.483
3478,bj,1,96.4859
3479,thomas,1,96.4888
3480,mac,1,96.4917
3481,davis,1,96.4946
3482,ghetto,1,96.4975
3483,elvis,1,96.5004
3484,patsy,1,96.5033
3485,cline,1,96.5062
3486,gloria,1,96.5091
3487,estefan,1,96.512
3488,willy,1,96.5149
3489,bigest,1,96.5178
3490,turkey,1,96.5207
3491,johny,1,96.5236
3492,es,1,96.5265
3493,norah,1,96.5294
3494,jones,1,96.5323
3495,hoo,1,96.5352
3496,stranger,1,96.5381
3497,powter,1,96.541
3498,welcomes,1,96.5439
3499,invisible,1,96.5468
3500,zzzzzzzz,1,96.5497
3501,invisiable,1,96.5526
3502,chuckles,1,96.5555
3503,lousiana,1,96.5584
3504,willams,1,96.5613
3505,rowdy,1,96.5642
3506,jr,1,96.5671
3507,jude,1,96.57
3508,pointer,1,96.5729
3509,sisters,1,96.5758
3510,conway,1,96.5787
3511,ono,1,96.5816
3512,fawker,1,96.5845
3513,walrus,1,96.5874
3514,convinced,1,96.5903
3515,hired,1,96.5933
3516,egg,1,96.5962
3517,suprise,1,96.5991
3518,balad,1,96.602
3519,moochhhhhhhhh,1,96.6049
3520,showered,1,96.6078
3521,hassle,1,96.6107
3522,looked,1,96.6136
3523,spiff,1,96.6165
3524,nawwww,1,96.6194
3525,checked,1,96.6223
3526,checkin,1,96.6252
3527,niters,1,96.6281
3528,whou,1,96.631
3529,idnt,1,96.6339
3530,straightens,1,96.6368
3531,nightie,1,96.6397
3532,zzzzzzzing,1,96.6426
3533,sweater,1,96.6455
3534,normy,1,96.6484
3535,sleeved,1,96.6513
3536,wearing,1,96.6542
3537,perk,1,96.6571
3538,sleepover,1,96.66
3539,heaven,1,96.6629
3540,tennies,1,96.6658
3541,simular,1,96.6687
3542,sweat,1,96.6716
3543,shelf,1,96.6745
3544,jammers,1,96.6774
3545,sleepin,1,96.6803
3546,sweats,1,96.6832
3547,http,1,96.6861
3548,aching,1,96.689
3549,notice,1,96.6919
3550,helping,1,96.6948
3551,edmonton,1,96.6977
3552,yell,1,96.7006
3553,weigh,1,96.7035
3554,soakin,1,96.7064
3555,wet,1,96.7093
3556,busted,1,96.7122
3557,mah,1,96.7151
3558,mang,1,96.718
3559,helped,1,96.7209
3560,danger,1,96.7238
3561,smewchies,1,96.7267
3562,withdrawal,1,96.7296
3563,tennesee,1,96.7325
3564,ssri,1,96.7354
3565,caused,1,96.7383
3566,depression,1,96.7412
3567,cure,1,96.7441
3568,lubbs,1,96.747
3569,withdrawl,1,96.7499
3570,heyyyyyyyyy,1,96.7529
3571,wean,1,96.7558
3572,horrid,1,96.7587
3573,zoloft,1,96.7616
3574,roomate,1,96.7645
3575,knocked,1,96.7674
3576,obscene,1,96.7703
3577,suggestions,1,96.7732
3578,post,1,96.7761
3579,controlling,1,96.779
3580,weight,1,96.7819
3581,differently,1,96.7848
3582,individual,1,96.7877
3583,tummy,1,96.7906
3584,consuming,1,96.7935
3585,anti,1,96.7964
3586,depressant,1,96.7993
3587,cessation,1,96.8022
3588,shots,1,96.8051
3589,anxiety,1,96.808
3590,dayum,1,96.8109
3591,excitin,1,96.8138
3592,heyyyyyyyyyy,1,96.8167
3593,stopped,1,96.8196
3594,wantin,1,96.8225
3595,themself,1,96.8254
3596,betta,1,96.8283
3597,awake,1,96.8312
3598,reasons,1,96.8341
3599,themselves,1,96.837
3600,feelings,1,96.8399
3601,vicious,1,96.8428
3602,circle,1,96.8457
3603,appologize,1,96.8486
3604,noth,1,96.8515
3605,nortenos,1,96.8544
3606,masturbating,1,96.8573
3607,complains,1,96.8602
3608,oxymoron,1,96.8631
3609,facilitated,1,96.866
3610,snickers,1,96.8689
3611,yak,1,96.8718
3612,midgets,1,96.8747
3613,chews,1,96.8776
3614,gum,1,96.8805
3615,tall,1,96.8834
3616,pray,1,96.8863
3617,losted,1,96.8892
3618,heyyyyyyyyyyyyyy,1,96.8921
3619,gurlie,1,96.895
3620,babycakeses,1,96.8979
3621,yummylicious,1,96.9008
3622,smokes,1,96.9037
3623,drools,1,96.9066
3624,weed,1,96.9095
3625,sticky,1,96.9125
3626,icky,1,96.9154
3627,wee,1,96.9183
3628,jar,1,96.9212
3629,cuddlicious,1,96.9241
3630,changed,1,96.927
3631,moment,1,96.9299
3632,rick,1,96.9328
3633,spit,1,96.9357
3634,vinyl,1,96.9386
3635,share,1,96.9415
3636,lube,1,96.9444
3637,pinch,1,96.9473
3638,swackhammer,1,96.9502
3639,mami,1,96.9531
3640,jucilicious,1,96.956
3641,east,1,96.9589
3642,scuse,1,96.9618
3643,eitther,1,96.9647
3644,lagging,1,96.9676
3645,flops,1,96.9705
3646,addicted,1,96.9734
3647,beuty,1,96.9763
3648,everbody,1,96.9792
3649,catches,1,96.9821
3650,itz,1,96.985
3651,seat,1,96.9879
3652,cock,1,96.9908
3653,owuldnt,1,96.9937
3654,happily,1,96.9966
3655,beans,1,96.9995
3656,saunders,1,97.0024
3657,otay,1,97.0053
3658,happend,1,97.0082
3659,miiiiiinnnnnnnnnneeeeeeee,1,97.0111
3660,curious,1,97.014
3661,desire,1,97.0169
3662,cakes,1,97.0198
3663,lllllllliiiiiiiiiikeee,1,97.0227
3664,miiiiiiiiiiiiinnnnnnnnnnneeeeeeeeee,1,97.0256
3665,aiiiiiiiiiiiiiiiiiiiiiiii,1,97.0285
3666,mmmmmmmmiiiiiiiiinnnnnnnnneeeeeeee,1,97.0314
3667,woooooooooaaaahhhhhhhhhhhh,1,97.0343
3668,firs,1,97.0372
3669,site,1,97.0401
3670,kitten,1,97.043
3671,welome,1,97.0459
3672,dump,1,97.0488
3673,cherry,1,97.0517
3674,toop,1,97.0546
3675,backfrontsidewaysandallaroundtheworld,1,97.0575
3676,deals,1,97.0604
3677,four,1,97.0633
3678,beats,1,97.0662
3679,herself,1,97.0692
3680,christian,1,97.0721
3681,aggravated,1,97.075
3682,denomination,1,97.0779
3683,churches,1,97.0808
3684,paradis,1,97.0837
3685,dontcha,1,97.0866
3686,sets,1,97.0895
3687,altar,1,97.0924
3688,summon,1,97.0953
3689,asss,1,97.0982
3690,workout,1,97.1011
3691,loser,1,97.104
3692,paid,1,97.1069
3693,registration,1,97.1098
3694,fee,1,97.1127
3695,disocvered,1,97.1156
3696,lucifer,1,97.1185
3697,iowa,1,97.1214
3698,presume,1,97.1243
3699,messages,1,97.1272
3700,goodness,1,97.1301
3701,woooohoooo,1,97.133
3702,ahhhhhhhhhhhhhh,1,97.1359
3703,homies,1,97.1388
3704,chattanooga,1,97.1417
3705,dahlin,1,97.1446
3706,prime,1,97.1475
3707,minister,1,97.1504
3708,othing,1,97.1533
3709,burned,1,97.1562
3710,stake,1,97.1591
3711,snores,1,97.162
3712,dabble,1,97.1649
3713,tad,1,97.1678
3714,touchy,1,97.1707
3715,yvw,1,97.1736
3716,practically,1,97.1765
3717,moderation,1,97.1794
3718,label,1,97.1823
3719,trance,1,97.1852
3720,boi,1,97.1881
3721,tatatatnanaantatat,1,97.191
3722,swing,1,97.1939
3723,mmmmmmmmmmmmm,1,97.1968
3724,mmmomom,1,97.1997
3725,chcken,1,97.2026
3726,jeff,1,97.2055
3727,seminilla,1,97.2084
3728,crib,1,97.2113
3729,matrix,1,97.2142
3730,drinks,1,97.2171
3731,wonderful,1,97.22
3732,vodka,1,97.2229
3733,popcorn,1,97.2258
3734,walmart,1,97.2288
3735,greeter,1,97.2317
3736,packs,1,97.2346
3737,ciggareets,1,97.2375
3738,weeeeeeeeeeeeeeeeeeeeeeeeed,1,97.2404
3739,future,1,97.2433
3740,drug,1,97.2462
3741,cook,1,97.2491
3742,housewife,1,97.252
3743,gracemont,1,97.2549
3744,cst,1,97.2578
3745,ladz,1,97.2607
3746,justin,1,97.2636
3747,criss,1,97.2665
3748,angel,1,97.2694
3749,j,1,97.2723
3750,aime,1,97.2752
3751,futurama,1,97.2781
3752,necromancers,1,97.281
3753,hahahahahahaha,1,97.2839
3754,druid,1,97.2868
3755,biiiiiitch,1,97.2897
3756,babay,1,97.2926
3757,hong,1,97.2955
3758,kong,1,97.2984
3759,tok,1,97.3013
3760,whiskey,1,97.3042
3761,cigars,1,97.3071
3762,occasional,1,97.31
3763,hahahahahahahahahahahahahahahaha,1,97.3129
3764,twizted,1,97.3158
3765,delightful,1,97.3187
3766,mishap,1,97.3216
3767,corny,1,97.3245
3768,e,1,97.3274
3769,morbidly,1,97.3303
3770,twisted,1,97.3332
3771,serties,1,97.3361
3772,gurrrrl,1,97.339
3773,playas,1,97.3419
3774,praying,1,97.3448
3775,shouldve,1,97.3477
3776,jackie,1,97.3506
3777,barbieee,1,97.3535
3778,gigantic,1,97.3564
3779,tits,1,97.3593
3780,brass,1,97.3622
3781,knuckles,1,97.3651
3782,whaaa,1,97.368
3783,washboard,1,97.3709
3784,abs,1,97.3738
3785,gret,1,97.3767
3786,elsewhere,1,97.3796
3787,fu,1,97.3825
3788,guns,1,97.3855
3789,texan,1,97.3884
3790,assumes,1,97.3913
3791,position,1,97.3942
3792,inch,1,97.3971
3793,inhales,1,97.4
3794,deeply,1,97.4029
3795,shell,1,97.4058
3796,sean,1,97.4087
3797,douche,1,97.4116
3798,howl,1,97.4145
3799,clearly,1,97.4174
3800,irc,1,97.4203
3801,operator,1,97.4232
3802,hog,1,97.4261
3803,accident,1,97.429
3804,information,1,97.4319
3805,superhiway,1,97.4348
3806,jammed,1,97.4377
3807,state,1,97.4406
3808,suked,1,97.4435
3809,allowed,1,97.4464
3810,gotaa,1,97.4493
3811,gs,1,97.4522
3812,bluer,1,97.4551
3813,acting,1,97.458
3814,blooded,1,97.4609
3815,preoccupied,1,97.4638
3816,slam,1,97.4667
3817,christ,1,97.4696
3818,boredom,1,97.4725
3819,victims,1,97.4754
3820,mhm,1,97.4783
3821,seeee,1,97.4812
3822,youuuu,1,97.4841
3823,sunnn,1,97.487
3824,hopefully,1,97.4899
3825,goneee,1,97.4928
3826,forget,1,97.4957
3827,dreammm,1,97.4986
3828,pleez,1,97.5015
3829,eva,1,97.5044
3830,psychologist,1,97.5073
3831,disturbing,1,97.5102
3832,fettish,1,97.5131
3833,pine,1,97.516
3834,goddamn,1,97.5189
3835,hatchet,1,97.5218
3836,rarly,1,97.5247
3837,reproduce,1,97.5276
3838,chineese,1,97.5305
3839,marilyn,1,97.5334
3840,charlie,1,97.5363
3841,screamo,1,97.5392
3842,puke,1,97.5421
3843,eeeeeeeeewwwwwwww,1,97.5451
3844,pukes,1,97.548
3845,lesbian,1,97.5509
3846,blowing,1,97.5538
3847,chunks,1,97.5567
3848,chucking,1,97.5596
3849,spewing,1,97.5625
3850,goodie,1,97.5654
3851,hurling,1,97.5683
3852,pearl,1,97.5712
3853,jam,1,97.5741
3854,waaa,1,97.577
3855,classic,1,97.5799
3856,vomiting,1,97.5828
3857,eay,1,97.5857
3858,sober,1,97.5886
3859,courtney,1,97.5915
3860,austin,1,97.5944
3861,mexicans,1,97.5973
3862,nauty,1,97.6002
3863,urls,1,97.6031
3864,star,1,97.606
3865,url,1,97.6089
3866,law,1,97.6118
3867,wasup,1,97.6147
3868,goodnight,1,97.6176
3869,bandsaw,1,97.6205
3870,hangin,1,97.6234
3871,rafters,1,97.6263
3872,australia,1,97.6292
3873,shinedown,1,97.6321
3874,save,1,97.635
3875,barrel,1,97.6379
3876,pulling,1,97.6408
3877,ldskdlsf,1,97.6437
3878,sldfjlsdf,1,97.6466
3879,sdlfkjsj,1,97.6495
3880,meeeeeeeeeeeee,1,97.6524
3881,el,1,97.6553
3882,rey,1,97.6582
3883,fellows,1,97.6611
3884,medicine,1,97.664
3885,norman,1,97.6669
3886,mmmmmmmmmmmmmm,1,97.6698
3887,cooooooooookiiiiiiiiiiiieeeeeeeeeeee,1,97.6727
3888,yuuuuuuuuuuuummmmmmmmmmmm,1,97.6756
3889,democrats,1,97.6785
3890,descriminate,1,97.6814
3891,woo,1,97.6843
3892,ppolitical,1,97.6872
3893,product,1,97.6901
3894,breeding,1,97.693
3895,anygirl,1,97.6959
3896,hotties,1,97.6988
3897,uuuhhh,1,97.7017
3898,sori,1,97.7047
3899,gun,1,97.7076
3900,shush,1,97.7105
3901,freaks,1,97.7134
3902,deaths,1,97.7163
3903,brbbb,1,97.7192
3904,destruction,1,97.7221
3905,homicide,1,97.725
3906,crack,1,97.7279
3907,pedofile,1,97.7308
3908,slkfjsldkfjs,1,97.7337
3909,kookies,1,97.7366
3910,aaaaaaaaaaaaaaaaa,1,97.7395
3911,raaaaaaaaaaaaaaaaaaaaaaaaaaaaa,1,97.7424
3912,weeeeeeeeeeeeeeee,1,97.7453
3913,oooooooooooglyyyyyyyy,1,97.7482
3914,boooooooooooglyyyyyy,1,97.7511
3915,coudl,1,97.754
3916,poem,1,97.7569
3917,ripping,1,97.7598
3918,jack,1,97.7627
3919,moved,1,97.7656
3920,aside,1,97.7685
3921,considered,1,97.7714
3922,yelling,1,97.7743
3923,warnings,1,97.7772
3924,max,1,97.7801
3925,usual,1,97.783
3926,junk,1,97.7859
3927,employed,1,97.7888
3928,chips,1,97.7917
3929,tips,1,97.7946
3930,essentially,1,97.7975
3931,easier,1,97.8004
3932,harder,1,97.8033
3933,quarter,1,97.8062
3934,pounder,1,97.8091
3935,virgo,1,97.812
3936,neighbor,1,97.8149
3937,relation,1,97.8178
3938,quarrel,1,97.8207
3939,astral,1,97.8236
3940,enable,1,97.8265
3941,concerning,1,97.8294
3942,belongings,1,97.8323
3943,sensitive,1,97.8352
3944,inheritance,1,97.8381
3945,however,1,97.841
3946,remain,1,97.8439
3947,vigilant,1,97.8468
3948,distrustful,1,97.8497
3949,physical,1,97.8526
3950,moral,1,97.8555
3951,tense,1,97.8584
3952,spark,1,97.8614
3953,crisis,1,97.8643
3954,nooo,1,97.8672
3955,bothering,1,97.8701
3956,jon,1,97.873
3957,pastor,1,97.8759
3958,troy,1,97.8788
3959,comprende,1,97.8817
3960,appleton,1,97.8846
3961,canadaian,1,97.8875
3962,bloody,1,97.8904
3963,puppet,1,97.8933
3964,jrz,1,97.8962
3965,norny,1,97.8991
3966,grown,1,97.902
3967,tail,1,97.9049
3968,conversion,1,97.9078
3969,guide,1,97.9107
3970,waddup,1,97.9136
3971,respect,1,97.9165
3972,mum,1,97.9194
3973,aiken,1,97.9223
3974,problemo,1,97.9252
3975,dyed,1,97.9281
3976,chopped,1,97.931
3977,fucker,1,97.9339
3978,wallpaper,1,97.9368
3979,suffice,1,97.9397
3980,darlings,1,97.9426
3981,system,1,97.9455
3982,hel,1,97.9484
3983,comon,1,97.9513
3984,trippin,1,97.9542
3985,proper,1,97.9571
3986,passionately,1,97.96
3987,channel,1,97.9629
3988,shoots,1,97.9658
3989,scintillating,1,97.9687
3990,beam,1,97.9716
3991,magical,1,97.9745
3992,eng,1,97.9774
3993,stoned,1,97.9803
3994,carrying,1,97.9832
3995,daft,1,97.9861
3996,twit,1,97.989
3997,scum,1,97.9919
3998,downtown,1,97.9948
3999,answering,1,97.9977
4000,widow,1,98.0006
4001,frenchkiss,1,98.0035
4002,filthy,1,98.0064
4003,toke,1,98.0093
4004,spanish,1,98.0122
4005,ribs,1,98.0151
4006,xcitable,1,98.018
4007,grassy,1,98.021
4008,garciae,1,98.0239
4009,eggs,1,98.0268
4010,wyte,1,98.0297
4011,strapped,1,98.0326
4012,moms,1,98.0355
4013,medium,1,98.0384
4014,trippy,1,98.0413
4015,blazed,1,98.0442
4016,salsa,1,98.0471
4017,choices,1,98.05
4018,okkkkkk,1,98.0529
4019,goof,1,98.0558
4020,studied,1,98.0587
4021,stressed,1,98.0616
4022,holland,1,98.0645
4023,massaged,1,98.0674
4024,relaxes,1,98.0703
4025,burried,1,98.0732
4026,able,1,98.0761
4027,hheeyyy,1,98.079
4028,gguyyyzzzz,1,98.0819
4029,alohas,1,98.0848
4030,vamp,1,98.0877
4031,bares,1,98.0906
4032,teeth,1,98.0935
4033,americans,1,98.0964
4034,ark,1,98.0993
4035,naughty,1,98.1022
4036,jonesboro,1,98.1051
4037,hheeyy,1,98.108
4038,guyzz,1,98.1109
4039,japanese,1,98.1138
4040,turkish,1,98.1167
4041,mi,1,98.1196
4042,infection,1,98.1225
4043,yoghurt,1,98.1254
4044,months,1,98.1283
4045,walderslade,1,98.1312
4046,originally,1,98.1341
4047,catterick,1,98.137
4048,ther,1,98.1399
4049,hheeyyyyyyyyyyyyyyyyyyyyyyyyyyyyyyyyyyyyyyyyyyyyyyy,1,98.1428
4050,norfolk,1,98.1457
4051,fongul,1,98.1486
4052,yello,1,98.1515
4053,alohaaa,1,98.1544
4054,waz,1,98.1573
4055,text,1,98.1602
4056,dratts,1,98.1631
4057,wiltou,1,98.166
4058,fascist,1,98.1689
4059,hyy,1,98.1718
4060,grettings,1,98.1747
4061,heyyyyyyy,1,98.1777
4062,scuba,1,98.1806
4063,gear,1,98.1835
4064,converse,1,98.1864
4065,topics,1,98.1893
4066,wiltshire,1,98.1922
4067,ultimate,1,98.1951
4068,loveing,1,98.198
4069,chics,1,98.2009
4070,italians,1,98.2038
4071,coffe,1,98.2067
4072,placce,1,98.2096
4073,biebsa,1,98.2125
4074,matt,1,98.2154
4075,hughes,1,98.2183
4076,pierre,1,98.2212
4077,stalked,1,98.2241
4078,alterz,1,98.227
4079,llloooozzzzeeerrrrzzzzzzzzzzzzzzzzzzzzzzzzzzzzzzzzzzzzzzzzzzzzzzzzz,1,98.2299
4080,moonie,1,98.2328
4081,pineapple,1,98.2357
4082,ntmn,1,98.2386
4083,az,1,98.2415
4084,armtnpeat,1,98.2444
4085,permenant,1,98.2473
4086,petanmart,1,98.2502
4087,gng,1,98.2531
4088,permanent,1,98.256
4089,apartment,1,98.2589
4090,onuimso,1,98.2618
4091,unisom,1,98.2647
4092,grea,1,98.2676
4093,omnious,1,98.2705
4094,ominous,1,98.2734
4095,mainland,1,98.2763
4096,cos,1,98.2792
4097,graciously,1,98.2821
4098,lights,1,98.285
4099,cigarette,1,98.2879
4100,happpy,1,98.2908
4101,excellent,1,98.2937
4102,sooners,1,98.2966
4103,abide,1,98.2995
4104,talkcity,1,98.3024
4105,callifornia,1,98.3053
4106,seduce,1,98.3082
4107,tommorrow,1,98.3111
4108,awesomes,1,98.314
4109,blowup,1,98.3169
4110,guts,1,98.3198
4111,oy,1,98.3227
4112,flirting,1,98.3256
4113,downloading,1,98.3285
4114,heading,1,98.3314
4115,kissed,1,98.3343
4116,re,1,98.3373
4117,csi,1,98.3402
4118,flashed,1,98.3431
4119,dik,1,98.346
4120,ar,1,98.3489
4121,divorced,1,98.3518
4122,small,1,98.3547
4123,bow,1,98.3576
4124,heartbreaker,1,98.3605
4125,electric,1,98.3634
4126,breaks,1,98.3663
4127,coworkers,1,98.3692
4128,wrek,1,98.3721
4129,belive,1,98.375
4130,whilst,1,98.3779
4131,sucking,1,98.3808
4132,dirrrrty,1,98.3837
4133,innit,1,98.3866
4134,mornin,1,98.3895
4135,singleeeeeeee,1,98.3924
4136,thrill,1,98.3953
4137,teasing,1,98.3982
4138,fort,1,98.4011
4139,wainwright,1,98.404
4140,akst,1,98.4069
4141,humidity,1,98.4098
4142,soory,1,98.4127
4143,pst,1,98.4156
4144,declawed,1,98.4185
4145,declaw,1,98.4214
4146,strickly,1,98.4243
4147,indoor,1,98.4272
4148,foxes,1,98.4301
4149,furniture,1,98.433
4150,sleeps,1,98.4359
4151,complex,1,98.4388
4152,hmmmmmmmmmm,1,98.4417
4153,hahahaa,1,98.4446
4154,scary,1,98.4475
4155,noted,1,98.4504
4156,chathide,1,98.4533
4157,cuteness,1,98.4562
4158,yoder,1,98.4591
4159,golden,1,98.462
4160,blues,1,98.4649
4161,brothers,1,98.4678
4162,wire,1,98.4707
4163,scusezzy,1,98.4736
4164,soda,1,98.4765
4165,picture,1,98.4794
4166,gray,1,98.4823
4167,ducking,1,98.4852
4168,tlak,1,98.4881
4169,eticket,1,98.491
4170,ltnc,1,98.4939
4171,msutah,1,98.4969
4172,jungle,1,98.4998
4173,payday,1,98.5027
4174,k's,1,98.5056
4175,result,1,98.5085
4176,mothas,1,98.5114
4177,ok'd,1,98.5143
4178,sayn,1,98.5172
4179,whewwwwww,1,98.5201
4180,chattin,1,98.523
4181,evah,1,98.5259
4182,wrecked,1,98.5288
4183,bike,1,98.5317
4184,oil,1,98.5346
4185,slick,1,98.5375
4186,aligator,1,98.5404
4187,sox,1,98.5433
4188,crust,1,98.5462
4189,snowy,1,98.5491
4190,ohwa,1,98.552
4191,caca,1,98.5549
4192,underwear,1,98.5578
4193,stans,1,98.5607
4194,clown,1,98.5636
4195,whuuped,1,98.5665
4196,mmmmmm,1,98.5694
4197,whipped,1,98.5723
4198,creme,1,98.5752
4199,leg,1,98.5781
4200,wuuppin,1,98.581
4201,bagels,1,98.5839
4202,items,1,98.5868
4203,whupped,1,98.5897
4204,extras,1,98.5926
4205,pumpkins,1,98.5955
4206,prep,1,98.5984
4207,halloween,1,98.6013
4208,youve,1,98.6042
4209,appears,1,98.6071
4210,estra,1,98.61
4211,toy,1,98.6129
4212,downy,1,98.6158
4213,canned,1,98.6187
4214,invention,1,98.6216
4215,bagel,1,98.6245
4216,mising,1,98.6274
4217,stores,1,98.6303
4218,trolls,1,98.6332
4219,steal,1,98.6361
4220,cnnecticut,1,98.639
4221,softner,1,98.6419
4222,rashes,1,98.6448
4223,allergies,1,98.6477
4224,itches,1,98.6506
4225,pull,1,98.6536
4226,sheet,1,98.6565
4227,wheres,1,98.6594
4228,connecticutt,1,98.6623
4229,cottons,1,98.6652
4230,collect,1,98.6681
4231,dirt,1,98.671
4232,sneezed,1,98.6739
4233,lavendar,1,98.6768
4234,border,1,98.6797
4235,ri,1,98.6826
4236,vent,1,98.6855
4237,cotton,1,98.6884
4238,tighty,1,98.6913
4239,whiteys,1,98.6942
4240,exwife,1,98.6971
4241,femine,1,98.7
4242,flavor,1,98.7029
4243,specially,1,98.7058
4244,towels,1,98.7087
4245,whistles,1,98.7116
4246,affair,1,98.7145
4247,drank,1,98.7174
4248,flavors,1,98.7203
4249,jerimiah,1,98.7232
4250,johnson,1,98.7261
4251,gettin,1,98.729
4252,savvy,1,98.7319
4253,bummer,1,98.7348
4254,dyslexic,1,98.7377
4255,nitty,1,98.7406
4256,gritty,1,98.7435
4257,bikes,1,98.7464
4258,safe,1,98.7493
4259,dogs,1,98.7522
4260,gator,1,98.7551
4261,politely,1,98.758
4262,bull,1,98.7609
4263,limit,1,98.7638
4264,brightened,1,98.7667
4265,blech,1,98.7696
4266,pal,1,98.7725
4267,caiuse,1,98.7754
4268,hartford,1,98.7783
4269,affari,1,98.7812
4270,foxwoods,1,98.7841
4271,coast,1,98.787
4272,bother,1,98.7899
4273,asks,1,98.7928
4274,plenaty,1,98.7957
4275,indiantown,1,98.7986
4276,roller,1,98.8015
4277,sister,1,98.8044
4278,refrains,1,98.8073
4279,comenting,1,98.8102
4280,fisher,1,98.8132
4281,boing,1,98.8161
4282,fishercats,1,98.819
4283,tooooooooooo,1,98.8219
4284,refill,1,98.8248
4285,itself,1,98.8277
4286,tazzmaniane,1,98.8306
4287,chit,1,98.8335
4288,byeeeeeeeeeeeee,1,98.8364
4289,misty,1,98.8393
4290,hop,1,98.8422
4291,arround,1,98.8451
4292,grin,1,98.848
4293,delivers,1,98.8509
4294,possum,1,98.8538
4295,bred,1,98.8567
4296,rats,1,98.8596
4297,fishers,1,98.8625
4298,vanished,1,98.8654
4299,samn,1,98.8683
4300,sunset,1,98.8712
4301,bright,1,98.8741
4302,blessings,1,98.877
4303,geographic,1,98.8799
4304,rolled,1,98.8828
4305,nuff,1,98.8857
4306,petunias,1,98.8886
4307,rose,1,98.8915
4308,pedals,1,98.8944
4309,ruth,1,98.8973
4310,republican,1,98.9002
4311,ltr,1,98.9031
4312,camel,1,98.906
4313,senor,1,98.9089
4314,everone,1,98.9118
4315,o's,1,98.9147
4316,kinky,1,98.9176
4317,super,1,98.9205
4318,holdin,1,98.9234
4319,holds,1,98.9263
4320,loveliest,1,98.9292
4321,string,1,98.9321
4322,correction,1,98.935
4323,courst,1,98.9379
4324,ooperative,1,98.9408
4325,degrees,1,98.9437
4326,sposs,1,98.9466
4327,tah,1,98.9495
4328,eastern,1,98.9524
4329,grew,1,98.9553
4330,oc,1,98.9582
4331,cow,1,98.9611
4332,endless,1,98.964
4333,hub,1,98.9669
4334,further,1,98.9698
4335,growing,1,98.9728
4336,above,1,98.9757
4337,level,1,98.9786
4338,houses,1,98.9815
4339,unreal,1,98.9844
4340,footprints,1,98.9873
4341,stationed,1,98.9902
4342,elevation,1,98.9931
4343,progressive,1,98.996
4344,maniacal,1,98.9989
4345,price,1,99.0018
4346,splains,1,99.0047
4347,commanded,1,99.0076
4348,seagulls,1,99.0105
4349,distance,1,99.0134
4350,spaces,1,99.0163
4351,faint,1,99.0192
4352,yards,1,99.0221
4353,soothing,1,99.025
4354,refer,1,99.0279
4355,polllution,1,99.0308
4356,floating,1,99.0337
4357,bumper,1,99.0366
4358,bumber,1,99.0395
4359,mena,1,99.0424
4360,dated,1,99.0453
4361,couple,1,99.0482
4362,lapd,1,99.0511
4363,chp,1,99.054
4364,surf,1,99.0569
4365,waters,1,99.0598
4366,bikini,1,99.0627
4367,gritt,1,99.0656
4368,balance,1,99.0685
4369,trailer,1,99.0714
4370,coastal,1,99.0743
4371,earplugs,1,99.0772
4372,buses,1,99.0801
4373,brakes,1,99.083
4374,cheeeez,1,99.0859
4375,vroooom,1,99.0888
4376,visual,1,99.0917
4377,suffers,1,99.0946
4378,hazy,1,99.0975
4379,shades,1,99.1004
4380,salvation,1,99.1033
4381,thot,1,99.1062
4382,following,1,99.1091
4383,sw,1,99.112
4384,excitement,1,99.1149
4385,riverside,1,99.1178
4386,planned,1,99.1207
4387,opener,1,99.1236
4388,g,1,99.1265
4389,acid,1,99.1295
4390,metal,1,99.1324
4391,sf,1,99.1353
4392,snorts,1,99.1382
4393,tracey,1,99.1411
4394,insanity,1,99.144
4395,wide,1,99.1469
4396,akron,1,99.1498
4397,keys,1,99.1527
4398,sticking,1,99.1556
4399,yucky,1,99.1585
4400,somewhere,1,99.1614
4401,plows,1,99.1643
4402,salt,1,99.1672
4403,roads,1,99.1701
4404,trashed,1,99.173
4405,contagious,1,99.1759
4406,built,1,99.1788
4407,particular,1,99.1817
4408,dd,1,99.1846
4409,society,1,99.1875
4410,stinky,1,99.1904
4411,husteling,1,99.1933
4412,mess,1,99.1962
4413,teo,1,99.1991
4414,million,1,99.202
4415,base,1,99.2049
4416,lovers,1,99.2078
4417,byes,1,99.2107
4418,distracted,1,99.2136
4419,withing,1,99.2165
4420,decades,1,99.2194
4421,stares,1,99.2223
4422,hrs,1,99.2252
4423,punishment,1,99.2281
4424,rememberer,1,99.231
4425,ontrobution,1,99.2339
4426,sux,1,99.2368
4427,contribute,1,99.2397
4428,lpn,1,99.2426
4429,overtime,1,99.2455
4430,rn's,1,99.2484
4431,kitty,1,99.2513
4432,bunch,1,99.2542
4433,outlook,1,99.2571
4434,interview,1,99.26
4435,puhleaze,1,99.2629
4436,option,1,99.2658
4437,impaired,1,99.2687
4438,asthma,1,99.2716
4439,yout,1,99.2745
4440,muscle,1,99.2774
4441,disease,1,99.2803
4442,numb,1,99.2832
4443,peppersteak,1,99.2861
4444,brunswick,1,99.2891
4445,rub,1,99.292
4446,awsome,1,99.2949
4447,thah,1,99.2978
4448,mahn,1,99.3007
4449,goodnite,1,99.3036
4450,coupons,1,99.3065
4451,especially,1,99.3094
4452,soy,1,99.3123
4453,foothills,1,99.3152
4454,claire,1,99.3181
4455,danes,1,99.321
4456,sec,1,99.3239
4457,nbc,1,99.3268
4458,reminded,1,99.3297
4459,deleware,1,99.3326
4460,steve,1,99.3355
4461,martin,1,99.3384
4462,pppppppppppew,1,99.3413
4463,lonley,1,99.3442
4464,blondes,1,99.3471
4465,soup,1,99.35
4466,assholes,1,99.3529
4467,lonely,1,99.3558
4468,switch,1,99.3587
4469,former,1,99.3616
4470,imaginary,1,99.3645
4471,msners,1,99.3674
4472,tickets,1,99.3703
4473,nails,1,99.3732
4474,decided,1,99.3761
4475,prittier,1,99.379
4476,vega,1,99.3819
4477,lambergini,1,99.3848
4478,recognize,1,99.3877
4479,pigs,1,99.3906
4480,wheels,1,99.3935
4481,leading,1,99.3964
4482,bitdh,1,99.3993
4483,bishes,1,99.4022
4484,lamborgini,1,99.4051
4485,title,1,99.408
4486,borat,1,99.4109
4487,wheel,1,99.4138
4488,peddle,1,99.4167
4489,lamborghini,1,99.4196
4490,poof,1,99.4225
4491,perfectionist,1,99.4254
4492,pepper,1,99.4283
4493,drawn,1,99.4312
4494,magnet,1,99.4341
4495,moths,1,99.437
4496,chatroom,1,99.4399
4497,combo,1,99.4428
4498,ciara,1,99.4458
4499,chamillionaire,1,99.4487
4500,periodically,1,99.4516
4501,nova,1,99.4545
4502,mofo,1,99.4574
4503,admit,1,99.4603
4504,schedule,1,99.4632
4505,trapped,1,99.4661
4506,controllin,1,99.469
4507,streetcar,1,99.4719
4508,named,1,99.4748
4509,leash,1,99.4777
4510,glorious,1,99.4806
4511,hahahah,1,99.4835
4512,moves,1,99.4864
4513,acros,1,99.4893
4514,honest,1,99.4922
4515,honesty,1,99.4951
4516,dustin,1,99.498
4517,stealing,1,99.5009
4518,whisperer,1,99.5038
4519,roomies,1,99.5067
4520,sips,1,99.5096
4521,beckley,1,99.5125
4522,clay,1,99.5154
4523,homework,1,99.5183
4524,fetish,1,99.5212
4525,helpful,1,99.5241
4526,holiday,1,99.527
4527,clinicals,1,99.5299
4528,whenever,1,99.5328
4529,waking,1,99.5357
4530,surgery,1,99.5386
4531,wakes,1,99.5415
4532,evertonr,1,99.5444
4533,coolcat,1,99.5473
4534,prays,1,99.5502
4535,bacl,1,99.5531
4536,tabbed,1,99.556
4537,ahhahahaha,1,99.5589
4538,spirits,1,99.5618
4539,body,1,99.5647
4540,immediate,1,99.5676
4541,hardly,1,99.5705
4542,iggy'd,1,99.5734
4543,litening,1,99.5763
4544,fergie,1,99.5792
4545,fergalicious,1,99.5821
4546,aaahhhh,1,99.585
4547,hhaaaaatttee,1,99.5879
4548,downloaded,1,99.5908
4549,ringtones,1,99.5937
4550,overplaying,1,99.5966
4551,radio,1,99.5995
4552,dl,1,99.6024
4553,akon,1,99.6054
4554,idiot,1,99.6083
4555,yoll,1,99.6112
4556,mooooooooooooooooooooooooooo,1,99.6141
4557,irl,1,99.617
4558,boom,1,99.6199
4559,hgfhgfjgf,1,99.6228
4560,keyboard,1,99.6257
4561,fkajslf,1,99.6286
4562,qwertyuiop,1,99.6315
4563,richard,1,99.6344
4564,joe,1,99.6373
4565,web,1,99.6402
4566,images,1,99.6431
4567,news,1,99.646
4568,maps,1,99.6489
4569,books,1,99.6518
4570,froogle,1,99.6547
4571,groups,1,99.6576
4572,mature,1,99.6605
4573,lee,1,99.6634
4574,flippin,1,99.6663
4575,paste,1,99.6692
4576,page,1,99.6721
4577,pokkies,1,99.675
4578,checking,1,99.6779
4579,chop,1,99.6808
4580,de,1,99.6837
4581,finers,1,99.6866
4582,typr,1,99.6895
4583,throws,1,99.6924
4584,poll,1,99.6953
4585,fries,1,99.6982
4586,boed,1,99.7011
4587,anyhow,1,99.704
4588,fraggle,1,99.7069
4589,pwns,1,99.7098
4590,luv,1,99.7127
4591,wheeeeeeeeeeeeeeeeeeeeeeeeeeeeeeeeee,1,99.7156
4592,talkiing,1,99.7185
4593,tab,1,99.7214
4594,poeple,1,99.7243
4595,zombie,1,99.7272
4596,yeh,1,99.7301
4597,reschedual,1,99.733
4598,sexi,1,99.7359
4599,bois,1,99.7388
4600,atl,1,99.7417
4601,aim,1,99.7446
4602,bes,1,99.7475
4603,hav,1,99.7504
4604,drags,1,99.7533
4605,waddles,1,99.7562
4606,bbbbbyyyyyyyeeeeeeeee,1,99.7591
4607,salisbury,1,99.762
4608,north,1,99.765
4609,bied,1,99.7679
4610,burryed,1,99.7708
4611,goths,1,99.7737
4612,baord,1,99.7766
4613,telllin,1,99.7795
4614,yap,1,99.7824
4615,ballin,1,99.7853
4616,confusing,1,99.7882
4617,freesbee,1,99.7911
4618,sincy,1,99.794
4619,scott,1,99.7969
4620,computor,1,99.7998
4621,cusion,1,99.8027
4622,latins,1,99.8056
4623,latina,1,99.8085
4624,louisville,1,99.8114
4625,lag,1,99.8143
4626,uhhh,1,99.8172
4627,stubborn,1,99.8201
4628,tenn,1,99.823
4629,pure,1,99.8259
4630,bliss,1,99.8288
4631,adreniline,1,99.8317
4632,boost,1,99.8346
4633,senseless,1,99.8375
4634,apocalypse,1,99.8404
4635,hammock,1,99.8433
4636,temples,1,99.8462
4637,listens,1,99.8491
4638,peeps,1,99.852
4639,hahaaaa,1,99.8549
4640,mspace,1,99.8578
4641,aussies,1,99.8607
4642,currious,1,99.8636
4643,insuklting,1,99.8665
4644,chatt,1,99.8694
4645,erotic,1,99.8723
4646,peoples,1,99.8752
4647,sexual,1,99.8781
4648,attempted,1,99.881
4649,flooder,1,99.8839
4650,removes,1,99.8868
4651,wildcard,1,99.8897
4652,e'wjfghky,1,99.8926
4653,gals,1,99.8955
4654,msg,1,99.8984
4655,holocaustyourmom,1,99.9013
4656,woah,1,99.9042
4657,ussy,1,99.9071
4658,marlaya,1,99.91
4659,drawers,1,99.9129
4660,amazingness,1,99.9158
4661,nevermind,1,99.9187
4662,jason,1,99.9217
4663,david,1,99.9246
4664,yarrrr,1,99.9275
4665,booyah,1,99.9304
4666,lampert,1,99.9333
4667,meh,1,99.9362
4668,humple,1,99.9391
4669,heys,1,99.942
4670,cramps,1,99.9449
4671,ovr,1,99.9478
4672,apple,1,99.9507
4673,fantastical,1,99.9536
4674,hhehe,1,99.9565
4675,lisa,1,99.9594
4676,supreme,1,99.9623
4677,pounds,1,99.9652
4678,fot,1,99.9681
4679,brwn,1,99.971
4680,coughs,1,99.9739
4681,hahhaa,1,99.9768
4682,bloooooooooooood,1,99.9797
4683,bloooooooood,1,99.9826
4684,bloooooooooood,1,99.9855
4685,dipset,1,99.9884
4686,birdgang,1,99.9913
4687,baaaaalllllllliiiiiiinnnnnnnnnnn,1,99.9942
4688,hurr,1,99.9971
4689,nicks,1,100.0
