sentence_number,stopword_count,word_length,character_length
1,6,22,158
2,20,36,239
3,12,28,223
4,15,29,185
5,9,21,134
6,11,21,134
7,17,39,251
8,0,2,15
9,9,22,148
10,7,20,140
11,5,11,64
12,4,13,92
13,11,24,156
14,7,23,140
15,25,52,316
16,8,20,137
17,9,20,134
18,7,14,95
19,17,32,206
20,0,2,15
21,11,29,200
22,13,29,187
23,10,26,209
24,17,29,189
25,0,3,17
26,4,7,52
27,11,27,161
28,0,0,5
29,9,25,170
30,10,30,216
31,4,18,128
32,1,5,37
33,2,4,38
34,6,12,87
35,6,14,88
36,6,12,80
37,6,12,69
38,11,19,95
39,3,7,48
40,5,11,68
41,5,13,91
42,5,12,72
43,2,7,51
44,13,25,159
45,6,19,135
46,4,20,138
47,13,32,198
48,14,32,197
49,8,17,111
50,14,25,127
51,12,29,162
52,12,29,172
53,9,20,118
54,2,16,131
55,4,8,56
56,11,18,102
57,6,15,105
58,12,25,152
59,14,30,189
60,7,16,106
61,6,19,125
62,0,2,18
63,9,23,151
64,20,41,219
65,10,28,170
66,1,3,16
67,13,34,193
68,13,29,191
69,10,25,157
70,11,28,178
71,17,38,229
72,11,27,182
73,6,11,61
74,11,18,98
75,7,24,165
76,9,25,156
77,12,31,206
78,16,29,183
79,7,15,96
80,6,15,98
81,13,29,181
82,0,1,8
83,12,28,175
84,8,27,190
85,2,9,70
86,6,15,87
87,4,14,97
88,7,10,53
89,10,15,74
90,6,11,65
91,5,14,94
92,10,27,174
93,4,14,113
94,7,16,105
95,12,27,160
96,2,11,71
97,1,7,54
98,4,6,37
99,0,2,14
100,3,18,145
101,15,33,212
102,5,12,78
103,9,21,140
104,10,30,208
105,12,26,152
106,10,22,129
107,9,26,181
108,8,18,114
109,12,35,247
110,8,14,86
111,4,9,60
112,13,30,196
113,8,24,163
114,5,15,105
115,9,20,117
116,0,2,14
117,10,27,187
118,11,23,127
119,9,14,67
120,19,46,300
121,16,40,262
122,12,28,161
123,5,18,115
124,12,28,173
125,4,13,93
126,10,18,102
127,5,9,51
128,7,15,100
129,8,24,151
130,8,23,148
131,8,20,126
132,1,6,40
133,2,8,64
134,9,23,157
135,11,27,183
136,13,25,138
137,1,6,36
138,12,29,185
139,9,25,156
140,7,13,72
141,14,32,208
142,10,31,192
143,11,32,223
144,12,31,199
145,0,2,14
146,6,18,114
147,13,28,164
148,9,20,121
149,10,22,133
150,9,22,158
151,8,21,142
152,4,12,81
153,0,2,14
154,3,11,75
155,14,40,243
156,13,25,162
157,7,12,75
158,7,18,119
159,10,30,175
160,15,33,198
161,7,27,189
162,3,8,48
163,2,7,41
164,2,7,48
165,0,2,14
166,6,19,140
167,9,31,234
168,3,9,54
169,7,19,130
170,5,11,78
171,13,30,186
172,6,12,74
173,5,10,96
174,0,2,21
175,7,20,131
176,7,15,101
177,5,13,86
178,10,24,157
179,5,15,109
180,8,16,103
181,17,41,275
182,10,16,82
183,0,2,22
184,10,21,175
185,12,29,195
186,9,34,205
187,7,20,145
188,0,3,24
189,9,25,179
190,7,18,114
191,12,30,202
192,7,16,103
193,1,3,19
194,4,7,49
195,11,24,145
196,7,15,99
197,9,28,189
198,13,31,202
199,6,18,117
200,7,12,76
201,0,3,25
202,5,13,86
203,6,13,92
204,10,19,117
205,8,18,123
206,1,5,42
207,12,16,93
208,4,7,45
209,0,2,20
210,14,37,236
211,18,37,206
212,10,30,198
213,1,3,18
214,5,21,138
215,17,44,292
216,12,30,219
217,9,20,126
218,6,13,82
219,3,7,50
220,10,17,85
221,5,15,128
222,0,3,20
223,16,37,245
224,6,17,133
225,4,10,68
226,8,20,121
227,6,13,86
228,22,48,279
229,0,3,17
230,4,12,77
231,13,28,173
232,17,28,204
233,12,21,123
234,3,7,44
235,0,3,24
236,12,30,192
237,0,1,19
238,14,44,299
239,13,42,270
240,7,20,110
241,3,7,39
242,3,5,21
243,14,26,137
244,9,23,132
245,8,21,120
246,5,14,91
247,16,37,217
248,0,3,22
249,11,30,187
250,2,8,45
251,7,20,127
252,6,11,62
253,0,3,17
254,9,20,131
255,13,29,155
256,0,0,1
257,6,15,91
258,15,30,185
259,0,0,1
260,5,13,88
261,0,0,1
262,5,12,73
263,7,23,129
264,0,3,21
265,26,45,267
266,13,29,215
267,5,8,49
268,7,15,90
269,4,9,57
270,1,3,20
271,3,7,38
272,4,8,41
273,11,27,173
274,8,24,148
275,8,21,138
276,1,3,24
277,9,23,157
278,8,19,113
279,9,19,132
280,6,19,128
281,7,25,189
282,2,4,22
283,8,24,166
284,5,17,132
285,5,11,77
286,10,22,134
287,4,13,86
288,0,3,19
289,6,15,100
290,5,7,28
291,8,21,146
292,10,24,170
293,10,25,179
294,1,3,20
295,3,9,64
296,4,15,118
297,4,11,62
298,8,25,194
299,4,16,91
300,8,22,144
301,0,1,19
302,4,18,132
303,8,12,65
304,4,9,59
305,9,23,140
306,17,36,224
307,1,3,17
308,9,21,168
309,0,1,4
310,13,35,237
311,15,27,155
312,10,24,146
313,18,30,204
314,25,43,296
315,0,2,17
316,19,36,199
317,9,19,134
318,22,42,225
319,12,26,138
320,11,27,169
321,15,28,155
322,4,14,99
323,17,42,253
324,0,2,16
325,12,30,191
326,21,53,346
327,16,35,210
328,22,44,293
329,20,38,212
330,0,2,17
331,18,47,329
332,27,60,408
333,13,26,172
334,7,16,100
335,0,1,10
336,9,24,152
337,18,28,156
338,15,38,247
339,8,16,96
340,4,14,90
341,10,16,92
342,0,2,17
343,17,32,220
344,10,19,115
345,8,17,106
346,11,23,139
347,12,23,145
348,5,15,118
349,5,16,114
350,9,15,89
351,0,2,14
352,13,24,136
353,14,27,181
354,11,22,145
355,11,17,83
356,9,19,116
357,15,41,293
358,7,22,183
359,0,2,13
360,10,19,117
361,13,29,180
362,9,21,154
363,3,12,91
364,13,25,151
365,16,36,238
366,0,3,18
367,15,37,267
368,3,11,83
369,3,10,69
370,6,10,49
371,6,20,132
372,10,26,174
373,8,14,88
374,5,12,64
375,12,32,240
376,7,16,97
377,12,26,146
378,1,5,42
379,0,0,1
380,16,31,193
381,5,10,67
382,12,30,204
383,13,23,142
384,17,32,197
385,7,18,128
386,11,23,132
387,0,1,10
388,7,19,118
389,9,17,106
390,18,41,281
391,14,32,211
392,0,2,17
393,23,48,302
394,11,30,216
395,14,29,174
396,9,22,148
397,6,22,162
398,10,26,162
399,3,8,50
400,8,18,117
401,6,9,58
402,10,32,228
403,17,35,183
404,9,21,128
405,4,12,66
406,10,22,147
407,0,2,19
408,16,40,250
409,8,19,114
410,8,28,177
411,12,22,113
412,24,44,220
413,7,19,122
414,2,9,60
415,15,25,130
416,11,22,133
417,15,34,214
418,8,18,91
419,8,17,109
420,5,15,87
421,14,33,186
422,9,25,155
423,4,7,34
424,10,24,137
425,15,29,159
426,15,33,216
427,6,13,92
428,11,29,209
429,16,35,215
430,8,17,94
431,11,18,106
432,11,25,150
433,15,33,189
434,13,31,193
435,10,19,119
436,17,33,219
437,4,13,92
438,9,21,144
439,14,25,157
440,8,25,218
441,18,37,229
442,11,24,129
443,10,15,84
444,11,17,92
445,4,6,34
446,9,15,81
447,7,13,71
448,5,11,66
449,15,24,140
450,11,25,152
451,17,41,239
452,15,31,194
453,17,29,176
454,4,12,91
455,18,36,204
456,15,35,230
457,16,36,223
458,15,33,208
459,12,26,152
460,10,22,145
461,14,31,191
462,7,20,137
463,11,23,133
464,9,21,140
465,15,27,158
466,9,14,93
467,9,16,103
468,19,31,182
469,15,25,152
470,11,20,113
471,14,35,227
472,5,11,74
473,14,30,185
474,21,46,277
475,9,33,203
476,5,22,151
477,14,28,164
478,5,12,73
479,5,13,79
480,8,19,119
481,0,1,10
482,14,36,267
483,14,30,216
484,7,23,144
485,12,23,121
486,16,35,233
487,13,23,121
488,15,30,182
489,7,16,94
490,7,12,69
491,1,2,10
492,14,26,163
493,9,22,141
494,0,2,14
495,5,14,79
496,18,31,194
497,7,16,99
498,5,10,53
499,9,12,65
500,10,31,190
501,0,2,19
502,11,25,175
503,11,25,143
504,10,18,89
505,10,22,137
506,12,27,176
507,11,19,114
508,17,38,221
509,0,2,11
510,2,6,40
511,7,17,118
512,36,65,386
513,8,22,129
514,16,31,164
515,4,6,49
516,0,3,16
517,5,18,131
518,8,25,166
519,16,36,216
520,9,23,157
521,11,23,131
522,11,20,124
523,1,2,13
524,11,20,119
525,3,4,27
526,7,21,168
527,6,15,112
528,14,31,196
529,9,25,159
530,10,30,190
531,7,17,100
532,9,26,180
533,9,29,197
534,15,37,234
535,15,33,201
536,1,5,38
537,0,1,7
538,7,19,141
539,10,22,149
540,14,29,192
541,6,14,86
542,11,27,184
543,5,13,81
544,4,16,110
545,10,21,148
546,0,1,7
547,13,31,191
548,18,37,243
549,16,25,132
550,0,2,19
551,13,27,171
552,4,11,77
553,13,21,98
554,12,22,127
555,7,14,95
556,8,16,83
557,6,16,99
558,15,29,173
559,4,15,95
560,10,17,119
561,14,32,215
562,5,19,129
563,8,18,112
564,0,2,17
565,6,13,74
566,8,14,83
567,12,24,158
568,11,25,145
569,8,17,105
570,15,24,127
571,11,19,125
572,5,9,57
573,0,1,7
574,8,19,142
575,9,28,201
576,10,20,129
577,10,20,127
578,8,21,143
579,3,8,57
580,11,33,212
581,9,21,148
582,13,28,177
583,10,28,192
584,8,15,96
585,0,2,19
586,10,28,200
587,13,23,131
588,13,24,152
589,12,33,236
590,0,3,20
591,7,17,95
592,10,18,97
593,7,17,103
594,8,21,146
595,11,30,202
596,7,16,98
597,1,4,25
598,27,57,353
599,7,18,103
600,8,19,127
601,1,3,16
602,4,5,27
603,13,21,119
604,0,2,16
605,6,13,92
606,6,12,69
607,11,19,114
608,2,7,44
609,3,4,23
610,13,30,214
611,10,18,108
612,11,25,157
613,7,11,64
614,5,14,88
615,8,17,110
616,8,18,108
617,10,23,143
618,3,8,44
619,10,23,139
620,3,8,58
621,0,2,20
622,3,13,98
623,6,15,93
624,15,31,227
625,5,10,54
626,9,14,76
627,14,33,208
628,6,11,67
629,1,3,21
630,7,18,129
631,4,11,75
632,8,17,159
633,4,13,79
634,13,30,207
635,5,11,80
636,1,4,20
637,8,20,119
638,8,19,163
639,10,23,162
640,12,25,151
641,9,19,159
642,9,24,182
643,4,8,48
644,8,19,130
645,0,2,15
646,14,33,211
647,11,18,99
648,10,23,127
649,3,7,42
650,3,4,23
651,4,6,39
652,4,8,59
653,0,2,19
654,5,9,59
655,2,3,24
656,1,4,26
657,2,4,28
658,7,11,85
659,9,25,175
660,6,11,75
661,10,23,148
662,0,2,16
663,12,27,174
664,5,11,75
665,7,18,123
666,10,23,158
667,5,16,125
668,8,18,132
669,6,10,79
670,0,3,32
671,11,22,149
672,13,29,167
673,17,35,198
674,6,12,89
675,14,29,157
676,10,20,121
677,2,5,24
678,7,16,110
679,4,9,54
680,9,23,164
681,10,21,132
682,9,20,152
683,0,2,16
684,7,21,148
685,6,15,100
686,9,25,182
687,2,4,34
688,12,25,175
689,5,15,101
690,3,6,34
691,1,4,25
692,11,38,283
693,6,11,57
694,1,10,88
695,8,15,113
696,7,16,98
697,11,21,110
698,2,4,23
699,11,25,157
700,8,21,172
701,1,6,44
702,9,20,136
703,6,19,117
704,4,11,79
705,6,13,83
706,8,21,133
707,7,13,75
708,2,4,31
709,0,1,10
710,10,22,161
711,13,40,292
712,12,25,164
713,5,9,52
714,0,2,14
715,7,18,120
716,7,15,96
717,11,30,203
718,6,14,89
719,7,16,98
720,6,9,52
721,11,18,100
722,1,3,15
723,15,32,208
724,7,18,124
725,6,15,97
726,4,16,114
727,15,28,158
728,5,15,100
729,8,16,96
730,5,10,58
731,9,19,151
732,9,15,79
733,5,11,70
734,5,11,68
735,3,9,56
736,12,34,213
737,0,1,15
738,5,10,85
739,15,30,171
740,16,30,184
741,15,29,188
742,10,21,142
743,1,3,17
744,12,20,117
745,18,35,218
746,13,26,163
747,15,32,213
748,16,29,161
749,6,13,71
750,0,2,15
751,11,24,155
752,6,11,62
753,13,31,189
754,20,44,276
755,12,25,168
756,9,26,182
757,8,14,74
758,0,2,14
759,16,39,242
760,10,24,162
761,11,24,155
762,19,32,190
763,0,2,17
764,9,23,163
765,6,13,84
766,6,16,95
767,13,30,176
768,13,30,179
769,16,30,191
770,0,2,17
771,8,18,114
772,6,12,88
773,15,31,195
774,9,16,100
775,9,21,115
776,14,25,133
777,3,8,56
778,4,11,62
779,5,15,108
780,7,14,81
781,10,21,120
782,0,2,18
783,5,16,89
784,8,16,89
785,15,34,196
786,16,29,157
787,19,33,195
788,9,17,111
789,4,11,60
790,19,36,205
791,13,29,187
792,0,2,16
793,10,26,156
794,6,13,77
795,12,20,99
796,16,30,181
797,21,35,181
798,14,25,135
799,11,22,153
800,9,24,166
801,14,33,215
802,7,13,82
803,0,2,19
804,14,31,187
805,5,15,97
806,8,18,128
807,7,15,94
808,6,14,112
809,10,26,184
810,6,12,73
811,8,20,131
812,31,60,347
813,0,2,16
814,8,17,144
815,10,22,142
816,8,18,139
817,1,3,18
818,8,20,110
819,2,6,58
820,10,24,150
821,6,13,85
822,4,17,118
823,3,7,51
824,9,15,90
825,1,4,18
826,9,17,96
827,9,18,120
828,5,12,89
829,9,21,127
830,4,10,62
831,6,14,78
832,6,12,68
833,4,11,89
834,1,4,22
835,5,12,70
836,9,21,127
837,6,11,58
838,3,7,47
839,3,9,62
840,12,34,230
841,2,9,69
842,6,17,108
843,1,3,20
844,9,21,119
845,12,19,122
846,6,15,106
847,8,13,68
848,6,14,90
849,0,2,17
850,7,19,118
851,9,25,175
852,5,19,127
853,8,16,91
854,0,2,20
855,8,18,106
856,10,25,172
857,6,13,102
858,4,13,92
859,0,3,17
860,10,21,131
861,8,15,87
862,6,20,143
863,15,39,261
864,5,15,105
865,13,28,193
866,8,15,85
867,3,8,54
868,7,15,106
869,10,26,199
870,6,17,111
871,7,15,102
872,4,9,81
873,0,3,18
874,10,33,231
875,11,23,148
876,13,34,244
877,0,3,18
878,11,27,202
879,7,16,100
880,13,26,174
881,7,15,107
882,4,11,74
883,0,3,34
884,13,31,175
885,9,26,197
886,3,6,37
887,1,4,23
888,18,31,161
889,14,21,108
890,6,14,87
891,8,15,76
892,1,4,21
893,8,15,74
894,1,7,43
895,5,20,150
896,6,12,64
897,6,18,116
898,12,26,165
899,1,4,22
900,11,25,168
901,11,23,151
902,5,11,76
903,8,20,118
904,8,14,96
905,5,7,42
906,0,3,32
907,6,22,157
908,13,29,196
909,14,38,246
910,9,25,154
911,3,9,62
912,17,32,173
913,21,42,244
914,5,18,145
915,10,22,132
916,3,8,70
917,7,13,77
918,5,9,48
919,10,33,234
920,10,20,132
921,12,23,151
922,25,41,228
923,0,2,15
924,10,19,112
925,17,35,187
926,4,9,53
927,11,21,110
928,9,21,116
929,0,3,20
930,8,17,113
931,4,16,114
932,10,20,137
933,9,20,113
934,8,23,142
935,11,30,188
936,14,23,121
937,8,21,162
938,20,42,239
939,26,52,329
940,8,18,102
941,1,5,38
942,17,31,166
943,20,39,237
944,15,30,174
945,7,17,99
946,14,26,132
947,20,31,163
948,0,2,12
949,6,16,103
950,6,18,106
951,6,16,90
952,4,12,82
953,9,19,103
954,8,19,133
955,4,21,159
956,10,22,149
957,9,23,142
958,14,32,197
959,6,20,140
960,6,11,72
961,9,28,205
962,6,21,159
963,0,3,21
964,4,14,100
965,5,6,51
966,4,7,35
967,5,13,100
968,5,16,108
969,2,10,67
970,3,14,130
971,17,33,192
972,6,14,104
973,7,17,106
974,9,16,90
975,25,47,305
976,0,3,15
977,1,7,57
978,6,17,95
979,5,9,57
980,13,28,178
981,6,15,88
982,1,4,30
983,2,5,29
984,1,2,15
985,3,6,40
986,3,6,40
987,5,9,48
988,1,3,19
989,7,18,145
990,3,5,38
991,2,6,40
992,8,22,148
993,10,24,179
994,6,17,126
995,6,14,83
996,10,20,123
997,0,3,17
998,13,32,224
999,10,23,166
1000,7,11,75
1001,3,6,44
1002,5,10,57
1003,9,21,143
1004,5,11,72
1005,0,3,23
1006,10,20,119
1007,2,7,43
1008,4,14,95
1009,3,14,102
1010,14,30,188
1011,5,12,110
1012,3,16,124
1013,5,17,137
1014,17,35,210
1015,14,32,203
1016,0,3,18
1017,10,25,168
1018,22,35,192
1019,17,31,205
1020,0,2,23
1021,17,37,243
1022,15,26,145
1023,0,3,18
1024,15,37,221
1025,9,20,142
1026,13,32,176
1027,0,3,17
1028,7,18,99
1029,7,16,86
1030,10,22,135
1031,14,41,241
1032,10,23,146
1033,3,12,75
1034,0,2,18
1035,11,29,163
1036,12,23,114
1037,9,22,153
1038,13,29,195
1039,1,3,22
1040,11,22,117
1041,9,23,140
1042,2,6,56
1043,11,23,117
1044,11,29,207
1045,21,50,265
1046,9,18,90
1047,5,13,70
1048,0,2,10
1049,16,39,216
1050,5,13,74
1051,12,24,121
1052,6,14,77
1053,9,27,153
1054,0,2,13
1055,7,18,107
1056,5,9,43
1057,3,8,49
1058,6,15,96
1059,22,45,239
1060,0,2,23
1061,13,37,253
1062,7,14,80
1063,2,8,68
1064,16,36,284
1065,0,2,17
1066,5,15,115
1067,6,17,96
1068,16,26,143
1069,8,21,134
1070,0,3,29
1071,9,25,167
1072,14,25,126
1073,10,25,149
1074,6,21,159
1075,1,4,23
1076,10,28,208
1077,7,20,165
1078,11,33,209
1079,6,13,80
1080,0,3,14
1081,6,24,160
1082,3,9,69
1083,13,27,178
1084,12,30,206
1085,10,16,78
1086,9,22,134
1087,9,22,155
1088,4,13,88
1089,4,14,105
1090,9,20,114
1091,9,18,119
1092,4,10,70
1093,4,7,45
1094,0,2,22
1095,6,27,226
1096,19,35,187
1097,0,2,18
1098,16,38,219
1099,12,27,169
1100,10,29,185
1101,0,4,22
1102,14,32,182
1103,7,13,86
1104,0,3,27
1105,10,28,186
1106,11,29,176
1107,7,12,70
1108,7,15,74
1109,10,22,130
1110,2,4,27
1111,14,32,217
1112,5,13,108
1113,10,24,142
1114,0,4,31
1115,9,25,183
1116,5,12,66
1117,11,20,111
1118,0,3,39
1119,7,26,157
1120,0,2,14
1121,6,21,140
1122,3,15,101
1123,10,24,135
1124,17,34,185
1125,4,10,66
1126,9,24,157
1127,11,20,114
1128,6,15,107
1129,3,8,95
1130,9,17,90
1131,9,19,112
1132,5,9,53
1133,16,36,205
1134,7,20,110
1135,6,18,121
1136,10,23,134
1137,9,21,108
1138,7,16,95
1139,9,16,103
1140,17,40,226
1141,5,12,70
1142,5,11,77
1143,3,10,63
1144,8,12,57
1145,13,21,96
1146,4,8,44
1147,9,17,93
1148,5,12,88
1149,5,12,70
1150,0,1,11
1151,8,18,110
1152,13,28,198
1153,7,20,141
1154,5,9,53
1155,19,41,263
1156,7,18,107
1157,9,23,145
1158,2,2,13
1159,4,9,48
1160,6,23,155
1161,3,6,35
1162,8,19,114
1163,14,26,137
1164,11,22,124
1165,9,21,124
1166,5,7,31
1167,4,16,117
1168,4,10,54
1169,0,6,57
1170,5,12,70
1171,6,10,52
1172,7,18,108
1173,4,12,83
1174,8,16,107
1175,5,12,69
1176,10,20,118
1177,6,11,57
1178,11,25,156
1179,6,11,60
1180,4,8,45
1181,6,20,121
1182,4,10,61
1183,6,8,41
1184,9,20,92
1185,5,9,57
1186,6,13,71
1187,5,12,73
1188,13,20,95
1189,8,21,131
1190,6,17,120
1191,11,20,112
1192,6,15,86
1193,0,2,14
1194,23,50,309
1195,14,37,209
1196,14,41,247
1197,4,16,114
1198,13,31,188
1199,28,49,272
1200,10,30,215
1201,13,34,210
1202,2,3,23
1203,0,2,17
1204,5,12,76
1205,23,51,309
1206,9,22,142
1207,4,10,55
1208,6,15,105
1209,13,23,133
1210,15,27,152
1211,13,25,128
1212,7,16,98
1213,9,15,109
1214,15,37,223
1215,1,4,28
1216,8,22,137
1217,7,21,132
1218,6,19,154
1219,14,35,225
1220,6,13,88
1221,7,22,179
1222,5,11,65
1223,15,31,208
1224,5,18,125
1225,13,23,166
1226,7,17,115
1227,7,15,81
1228,4,12,73
1229,9,16,93
1230,9,18,97
1231,7,18,105
1232,3,14,90
1233,4,11,58
1234,11,23,115
1235,12,30,184
1236,10,20,114
1237,6,20,139
1238,8,19,102
1239,7,16,90
1240,10,21,129
1241,13,31,159
1242,1,3,21
1243,3,10,58
1244,9,17,91
1245,6,13,74
1246,3,8,41
1247,9,18,108
1248,6,19,124
1249,6,15,80
1250,0,3,31
1251,7,24,177
1252,0,2,38
1253,18,44,247
1254,8,14,69
1255,5,11,62
1256,10,17,81
1257,11,23,130
1258,11,28,145
1259,17,36,172
1260,15,38,215
1261,12,32,181
1262,12,28,170
1263,0,4,30
1264,3,14,94
1265,5,7,39
1266,12,19,94
1267,6,11,59
1268,6,14,84
1269,15,41,250
1270,11,23,145
1271,6,17,110
1272,7,17,102
1273,8,14,74
1274,4,9,44
1275,3,5,26
1276,4,7,38
1277,5,9,48
1278,8,11,47
1279,6,7,32
1280,13,23,131
1281,4,8,42
1282,5,15,95
1283,1,4,24
1284,1,3,13
1285,1,3,15
1286,2,5,31
1287,11,23,124
1288,15,26,199
1289,9,18,121
1290,5,15,105
1291,10,18,96
1292,8,16,103
1293,7,16,80
1294,11,20,129
1295,1,14,86
1296,11,23,125
1297,10,22,155
1298,10,26,180
1299,10,28,158
1300,5,9,55
1301,8,22,116
1302,14,34,203
1303,5,16,99
1304,14,24,139
1305,2,8,58
1306,8,20,101
1307,3,4,27
1308,2,9,67
1309,10,21,124
1310,9,18,104
1311,17,35,197
1312,13,29,163
1313,9,22,129
1314,6,11,72
1315,13,23,115
1316,6,11,68
1317,9,18,103
1318,7,20,122
1319,10,18,106
1320,0,3,24
1321,11,28,192
1322,16,39,225
1323,5,18,126
1324,6,17,118
1325,2,9,58
1326,5,9,53
1327,11,27,148
1328,14,29,163
1329,12,23,129
1330,14,30,146
1331,10,19,143
1332,0,1,22
1333,5,17,115
1334,8,14,102
1335,5,12,63
1336,9,25,154
1337,2,5,31
1338,2,5,27
1339,1,3,19
1340,3,5,33
1341,9,30,193
1342,8,18,107
1343,12,23,134
1344,9,18,106
1345,4,11,65
1346,6,15,100
1347,0,3,20
1348,12,26,184
1349,4,9,56
1350,4,12,81
1351,6,14,100
1352,7,13,77
1353,5,15,79
1354,4,8,48
1355,1,7,46
1356,9,19,121
1357,12,32,187
1358,14,37,286
1359,10,25,157
1360,1,5,56
1361,7,19,122
1362,2,9,53
1363,9,25,153
1364,8,18,117
1365,7,16,84
1366,0,3,23
1367,16,28,168
1368,13,30,196
1369,5,23,149
1370,6,12,61
1371,9,17,95
1372,1,8,69
1373,9,20,121
1374,11,25,148
1375,8,19,111
1376,1,4,25
1377,3,10,65
1378,13,28,176
1379,2,8,54
1380,4,11,67
1381,3,9,75
1382,2,5,28
1383,4,12,89
1384,4,10,62
1385,3,15,101
1386,6,14,87
1387,8,15,86
1388,8,22,161
1389,4,8,34
1390,8,22,140
1391,5,9,45
1392,9,22,140
1393,6,21,169
1394,8,20,146
1395,9,25,166
1396,4,11,79
1397,0,3,17
1398,6,14,77
1399,7,14,81
1400,18,34,236
1401,7,16,90
1402,6,12,66
1403,2,4,19
1404,13,26,163
1405,11,20,111
1406,9,16,104
1407,8,16,92
1408,11,29,166
1409,2,4,28
1410,9,15,85
1411,2,4,19
1412,6,13,80
1413,5,10,62
1414,7,10,51
1415,6,12,59
1416,5,8,63
1417,4,10,53
1418,5,7,29
1419,11,19,110
1420,18,36,205
1421,9,18,100
1422,11,25,151
1423,3,11,64
1424,1,3,18
1425,3,5,32
1426,3,9,53
1427,0,4,32
1428,2,9,70
1429,3,3,13
1430,1,5,37
1431,6,8,38
1432,16,28,146
1433,4,7,40
1434,9,21,104
1435,1,4,29
1436,12,24,123
1437,4,12,75
1438,9,19,111
1439,15,28,147
1440,15,34,192
1441,3,7,44
1442,7,12,67
1443,5,8,45
1444,4,7,48
1445,12,30,182
1446,2,4,19
1447,4,7,41
1448,2,5,29
1449,2,4,30
1450,4,7,38
1451,4,10,62
1452,9,16,83
1453,7,12,68
1454,3,7,40
1455,13,20,104
1456,10,19,119
1457,13,21,105
1458,16,36,220
1459,11,28,223
1460,13,27,172
1461,6,14,90
1462,2,7,54
1463,9,14,78
1464,6,16,104
1465,10,20,122
1466,6,13,81
1467,3,10,63
1468,12,25,143
1469,13,29,186
1470,7,11,66
1471,1,3,20
1472,9,27,204
1473,4,10,59
1474,3,7,73
1475,10,30,178
1476,6,17,104
1477,10,30,182
1478,3,7,38
1479,7,12,81
1480,5,16,103
1481,5,7,35
1482,1,4,23
1483,6,19,115
1484,9,21,131
1485,7,11,59
1486,2,7,47
1487,6,13,77
1488,3,13,96
1489,6,10,56
1490,5,9,50
1491,6,22,148
1492,1,3,16
1493,10,19,115
1494,7,25,166
1495,1,4,24
1496,1,3,15
1497,0,0,1
1498,7,14,82
1499,19,37,196
1500,11,19,96
1501,8,16,99
1502,3,6,38
1503,3,4,24
1504,1,3,15
1505,13,25,134
1506,6,12,93
1507,4,6,40
1508,3,5,29
1509,6,12,73
1510,11,18,120
1511,6,13,88
1512,11,22,124
1513,12,24,127
1514,8,15,92
1515,11,24,143
1516,2,7,48
1517,16,32,193
1518,4,17,111
1519,11,24,144
1520,15,30,182
1521,5,10,60
1522,13,19,90
1523,12,23,126
1524,9,20,123
1525,7,15,112
1526,13,23,135
1527,6,16,142
1528,9,19,112
1529,15,30,173
1530,10,20,120
1531,9,20,120
1532,9,21,123
1533,4,12,90
1534,12,23,115
1535,15,32,192
1536,7,14,114
1537,11,31,228
1538,7,15,94
1539,18,34,204
1540,3,10,57
1541,9,29,186
1542,10,17,88
1543,3,8,52
1544,13,34,178
1545,10,19,119
1546,3,8,44
1547,9,19,123
1548,0,2,13
1549,7,18,109
1550,20,42,238
1551,5,9,43
1552,8,19,123
1553,3,4,25
1554,8,21,181
1555,16,27,166
1556,10,20,123
1557,9,23,153
1558,0,2,15
1559,18,33,197
1560,4,11,75
1561,15,28,170
1562,9,23,152
1563,3,7,39
1564,8,20,118
1565,16,30,185
1566,9,22,113
1567,13,28,167
1568,5,12,70
1569,5,10,53
1570,17,38,264
1571,1,3,14
1572,7,15,81
1573,7,21,130
1574,14,32,181
1575,11,28,193
1576,6,11,61
1577,4,10,72
1578,6,12,71
1579,9,18,131
1580,7,12,80
1581,2,5,34
1582,4,10,75
1583,2,5,35
1584,6,12,81
1585,12,27,178
1586,2,6,44
1587,5,11,62
1588,3,7,37
1589,2,4,19
1590,15,31,202
1591,12,26,163
1592,2,5,32
1593,7,17,112
1594,9,21,144
1595,7,16,103
1596,8,17,109
1597,0,0,12
1598,13,34,204
1599,4,11,58
1600,5,10,66
1601,10,22,133
1602,2,7,43
1603,4,10,65
1604,13,28,197
1605,3,3,14
1606,8,26,180
1607,6,18,116
1608,18,50,343
1609,11,25,168
1610,18,37,237
1611,5,13,96
1612,5,12,70
1613,26,50,300
1614,0,2,16
1615,2,6,45
1616,6,20,143
1617,3,6,54
1618,4,13,101
1619,5,12,74
1620,7,16,103
1621,13,28,176
1622,13,26,150
1623,5,14,76
1624,0,0,14
1625,16,37,227
1626,8,19,106
1627,7,13,79
1628,6,16,88
1629,7,15,94
1630,11,18,93
1631,2,7,41
1632,3,3,14
1633,10,27,206
1634,9,32,222
1635,10,24,121
1636,6,24,190
1637,3,9,64
1638,5,17,148
1639,2,3,14
1640,12,22,112
1641,9,17,97
1642,8,22,136
1643,7,11,54
1644,6,20,131
1645,4,15,93
1646,6,10,61
1647,3,6,37
1648,4,11,68
1649,4,14,107
1650,6,17,108
1651,5,15,92
1652,10,34,245
1653,6,12,76
1654,10,21,141
1655,3,11,72
1656,8,15,79
1657,7,18,102
1658,4,8,44
1659,5,17,111
1660,6,16,110
1661,7,18,115
1662,7,25,147
1663,6,19,129
1664,3,6,35
1665,0,3,21
1666,3,16,114
1667,4,12,76
1668,3,7,44
1669,5,14,97
1670,12,34,200
1671,6,15,86
1672,19,42,244
1673,6,16,108
1674,6,15,95
1675,10,21,142
1676,3,6,31
1677,8,23,141
1678,12,29,198
1679,1,4,35
1680,5,13,72
1681,8,20,116
1682,4,8,43
1683,4,15,105
1684,2,6,35
1685,11,26,148
1686,9,20,110
1687,1,4,21
1688,5,18,99
1689,2,5,38
1690,16,36,221
1691,9,20,119
1692,10,19,112
1693,13,24,136
1694,9,21,127
1695,7,17,110
1696,8,22,157
1697,6,15,101
1698,5,11,90
1699,2,7,45
1700,1,3,16
1701,9,22,136
1702,4,13,94
1703,10,21,128
1704,8,20,145
1705,0,2,14
1706,9,22,146
1707,4,9,48
1708,11,22,126
1709,9,18,126
1710,10,26,154
1711,3,8,48
1712,0,2,12
1713,6,15,106
1714,6,14,95
1715,6,10,52
1716,3,9,59
1717,5,13,89
1718,3,40,423
1719,4,9,52
1720,7,18,138
1721,5,9,97
1722,2,7,48
1723,5,12,92
1724,5,16,108
1725,8,18,121
1726,5,13,75
1727,4,9,45
1728,18,32,183
1729,24,48,277
1730,10,20,104
1731,15,29,158
1732,15,29,159
1733,9,17,99
1734,6,10,56
1735,4,8,52
1736,15,32,192
1737,15,28,159
1738,13,25,141
1739,7,18,120
1740,13,22,157
1741,12,34,185
1742,6,10,59
1743,2,4,21
1744,9,17,99
1745,6,10,50
1746,3,8,46
1747,12,24,142
1748,1,3,14
1749,9,29,195
1750,20,37,239
1751,7,15,108
1752,6,9,50
1753,6,13,92
1754,3,16,123
1755,1,3,15
1756,11,26,154
1757,4,12,65
1758,11,20,106
1759,16,37,240
1760,2,2,15
1761,12,36,249
1762,2,2,13
1763,13,23,159
1764,12,28,179
1765,4,9,69
1766,7,17,118
1767,6,12,62
1768,6,12,84
1769,4,12,81
1770,3,8,61
1771,12,34,208
1772,11,27,156
1773,20,49,289
1774,4,15,106
1775,5,9,47
1776,6,17,118
1777,7,13,76
1778,9,26,180
1779,10,27,188
1780,5,15,92
1781,8,16,95
1782,3,6,34
1783,6,24,163
1784,6,12,72
1785,10,22,139
1786,6,15,99
1787,6,14,76
1788,7,21,123
1789,7,14,84
1790,7,21,117
1791,1,7,54
1792,4,7,36
1793,14,35,208
1794,9,22,144
1795,9,22,127
1796,13,24,137
1797,1,3,36
1798,17,36,231
1799,3,5,30
1800,1,4,26
1801,6,10,53
1802,9,14,71
1803,0,3,17
1804,18,36,220
1805,7,16,101
1806,0,2,21
1807,5,8,43
1808,14,20,89
1809,5,9,51
1810,4,6,26
1811,15,23,112
1812,0,2,14
1813,3,9,53
1814,13,24,149
1815,9,22,145
1816,20,45,292
1817,0,2,14
1818,16,30,179
1819,6,12,67
1820,10,20,104
1821,10,21,155
1822,13,22,134
1823,1,3,17
1824,2,10,73
1825,7,11,69
1826,7,15,85
1827,12,26,160
1828,5,11,69
1829,2,6,49
1830,3,8,59
1831,1,4,42
1832,1,5,53
1833,1,5,41
1834,5,12,99
1835,11,23,164
1836,16,32,182
1837,10,28,192
1838,5,38,411
1839,5,12,82
1840,3,24,272
1841,10,23,143
1842,12,22,100
1843,11,21,162
1844,2,5,34
1845,4,6,32
1846,2,4,21
1847,7,19,135
1848,4,5,23
1849,20,42,255
1850,9,16,82
1851,6,11,56
1852,11,23,147
1853,0,2,12
1854,9,23,143
1855,4,16,102
1856,10,18,94
1857,10,20,108
1858,3,6,44
1859,11,18,108
1860,0,2,16
1861,3,8,67
1862,3,15,134
1863,2,26,268
1864,6,14,128
1865,5,12,72
1866,5,11,77
1867,7,15,110
1868,9,19,158
1869,5,14,98
1870,8,24,178
1871,2,10,65
1872,3,9,80
1873,3,10,78
1874,8,18,126
1875,9,21,154
1876,11,23,189
1877,8,19,154
1878,6,14,94
1879,3,9,62
1880,7,14,86
1881,7,25,182
1882,4,9,59
1883,6,16,116
1884,3,8,46
1885,8,17,101
1886,20,42,250
1887,13,32,250
1888,10,22,139
1889,7,14,84
1890,11,26,173
1891,10,29,200
1892,17,49,347
1893,12,25,163
1894,9,27,174
1895,6,20,122
1896,3,16,105
1897,6,19,111
1898,6,24,164
1899,6,20,143
1900,10,27,187
1901,3,7,56
1902,10,29,206
1903,8,15,102
1904,1,3,23
1905,4,7,39
1906,10,20,121
1907,6,9,60
1908,0,0,1
1909,6,16,102
1910,12,30,197
1911,8,16,89
1912,16,30,169
1913,11,23,120
1914,8,21,144
1915,9,18,87
1916,6,11,60
1917,9,19,114
1918,14,35,225
1919,10,25,149
1920,5,17,122
1921,6,15,110
1922,7,14,76
1923,1,4,21
1924,4,10,66
1925,4,7,39
1926,4,15,109
1927,6,18,98
1928,0,1,18
1929,19,34,212
1930,14,29,209
1931,14,25,154
1932,0,2,19
1933,16,29,186
1934,11,18,109
1935,3,5,34
1936,5,7,35
1937,10,23,122
1938,21,42,261
1939,17,41,278
1940,10,16,88
1941,8,21,146
1942,5,10,62
1943,6,13,75
1944,4,7,43
1945,6,17,91
1946,0,2,15
1947,6,14,93
1948,13,27,177
1949,16,35,212
1950,0,2,17
1951,14,31,188
1952,6,13,64
1953,5,13,104
1954,8,26,193
1955,1,4,18
1956,3,9,70
1957,6,16,93
1958,1,5,34
1959,14,33,207
1960,15,33,215
1961,16,42,263
1962,0,2,30
1963,13,29,198
1964,4,9,72
1965,7,11,51
1966,2,11,86
1967,10,25,157
1968,6,14,77
1969,0,4,24
1970,18,39,267
1971,4,10,58
1972,11,23,126
1973,5,14,99
1974,0,3,20
1975,7,16,95
1976,5,17,121
1977,9,18,111
1978,0,1,18
1979,3,14,119
1980,14,33,217
1981,6,15,100
1982,1,3,22
1983,12,24,151
1984,7,13,102
1985,4,11,66
1986,10,16,99
1987,12,21,116
1988,5,19,171
1989,1,5,40
1990,2,5,52
1991,2,5,48
1992,3,7,56
1993,10,26,180
1994,3,6,43
1995,2,5,51
1996,2,5,48
1997,3,7,58
1998,4,14,118
1999,11,25,142
2000,9,20,134
2001,18,41,284
2002,17,50,353
2003,0,3,20
2004,4,10,65
2005,6,17,154
2006,6,15,108
2007,4,9,94
2008,11,19,106
2009,7,14,85
2010,5,11,77
2011,2,8,62
2012,9,19,140
2013,0,1,15
2014,9,33,253
2015,8,17,103
2016,7,12,56
2017,8,18,107
2018,7,17,112
2019,1,4,19
2020,14,26,142
2021,3,6,30
2022,3,16,118
2023,8,15,90
2024,5,15,104
2025,12,25,158
2026,1,3,17
2027,4,12,83
2028,8,23,150
2029,0,0,1
2030,24,55,334
2031,8,17,106
2032,1,4,27
2033,2,6,30
2034,16,37,230
2035,1,4,21
2036,9,15,96
2037,19,53,339
2038,9,19,109
2039,7,16,93
2040,2,7,44
2041,9,23,159
2042,4,11,92
2043,12,26,167
2044,1,3,22
2045,13,25,146
2046,10,24,158
2047,18,41,255
2048,8,15,87
2049,0,2,13
2050,9,20,118
2051,14,35,211
2052,13,25,137
2053,5,15,108
2054,13,31,192
2055,7,18,107
2056,5,10,56
2057,10,20,118
2058,0,3,22
2059,11,34,238
2060,7,12,63
2061,11,29,187
2062,11,27,174
2063,12,28,170
2064,6,12,55
2065,7,12,77
2066,2,8,54
2067,2,8,65
2068,6,14,90
2069,14,23,144
2070,22,47,290
2071,1,3,22
2072,7,18,127
2073,2,5,26
2074,2,5,30
2075,16,46,295
2076,5,12,73
2077,19,48,310
2078,8,25,181
2079,12,30,191
2080,2,4,24
2081,21,44,250
2082,4,8,55
2083,7,21,159
2084,4,11,92
2085,20,47,312
2086,2,3,19
2087,4,15,113
2088,10,16,100
2089,7,19,141
2090,5,12,74
2091,7,24,165
2092,14,34,216
2093,9,25,155
2094,9,19,107
2095,5,11,81
2096,9,36,239
2097,10,22,130
2098,12,25,141
2099,4,7,37
2100,18,42,293
2101,14,29,173
2102,10,18,120
2103,8,14,77
2104,13,32,204
2105,10,32,229
2106,9,22,173
2107,6,21,131
2108,5,20,121
2109,10,29,175
2110,0,2,30
2111,7,22,151
2112,1,7,51
2113,15,30,174
2114,0,2,18
2115,14,30,196
2116,2,4,46
2117,4,9,53
2118,5,11,71
2119,7,11,61
2120,4,11,71
2121,1,3,16
2122,14,27,170
2123,10,19,111
2124,7,17,108
2125,1,5,42
2126,10,15,101
2127,1,3,16
2128,11,28,167
2129,4,11,62
2130,4,10,62
2131,18,34,194
2132,1,3,15
2133,5,11,84
2134,13,22,126
2135,15,33,197
2136,4,10,61
2137,9,20,135
2138,1,6,36
2139,10,18,99
2140,7,12,63
2141,15,38,224
2142,12,28,209
2143,13,38,251
2144,0,2,17
2145,13,29,217
2146,10,28,180
2147,11,31,211
2148,0,2,11
2149,10,31,193
2150,2,11,90
2151,6,10,67
2152,0,1,14
2153,0,1,15
2154,1,2,20
2155,13,31,186
2156,11,27,183
2157,0,1,12
2158,8,27,231
2159,5,23,188
2160,10,29,215
2161,1,3,17
2162,12,25,156
2163,3,14,92
2164,9,30,204
2165,11,31,213
2166,1,3,17
2167,8,31,204
2168,14,30,200
2169,13,28,185
2170,0,2,16
2171,3,10,61
2172,4,9,48
2173,8,14,79
2174,7,11,60
2175,10,18,93
2176,9,23,158
2177,11,32,207
2178,8,27,184
2179,0,3,15
2180,13,30,183
2181,5,14,92
2182,13,26,158
2183,9,20,139
2184,0,2,13
2185,13,32,211
2186,7,17,96
2187,3,10,59
2188,7,15,99
2189,0,2,10
2190,11,30,196
2191,6,18,124
2192,12,25,160
2193,6,11,67
2194,1,3,13
2195,4,13,80
2196,7,14,93
2197,7,15,94
2198,11,28,178
2199,4,11,75
2200,0,2,13
2201,5,22,140
2202,10,28,200
2203,6,11,77
2204,5,10,64
2205,0,2,19
2206,7,27,192
2207,4,14,93
2208,12,29,177
2209,0,3,17
2210,9,23,160
2211,8,26,174
2212,2,8,49
2213,10,25,149
2214,0,3,18
2215,8,15,93
2216,7,20,140
2217,11,27,167
2218,8,13,87
2219,15,28,157
2220,15,31,199
2221,6,15,89
2222,12,29,165
2223,7,22,162
2224,11,27,175
2225,11,22,162
2226,23,50,355
2227,8,17,106
2228,10,19,113
2229,18,47,330
2230,15,29,174
2231,3,7,47
2232,9,18,119
2233,1,2,13
2234,7,15,97
2235,9,23,180
2236,6,18,139
2237,14,33,236
2238,18,30,180
2239,16,42,303
2240,0,2,19
2241,7,15,99
2242,42,89,614
2243,11,32,175
2244,4,12,84
2245,7,17,116
2246,13,32,221
2247,6,20,161
2248,9,20,121
2249,1,3,20
2250,8,18,116
2251,5,10,66
2252,6,14,100
2253,18,34,191
2254,13,25,141
2255,1,2,11
2256,9,21,118
2257,8,18,135
2258,1,12,92
2259,10,24,158
2260,3,6,31
2261,2,6,46
2262,8,20,132
2263,11,29,173
2264,17,41,280
2265,7,20,125
2266,0,1,19
2267,3,10,81
2268,5,9,56
2269,7,12,69
2270,5,8,39
2271,1,11,107
2272,4,12,94
2273,0,2,12
2274,3,12,92
2275,2,5,30
2276,8,15,78
2277,6,13,104
2278,2,8,61
2279,0,2,16
2280,5,13,87
2281,1,7,67
2282,3,11,78
2283,6,18,174
2284,16,36,216
2285,6,17,142
2286,0,2,14
2287,2,5,32
2288,10,26,191
2289,10,23,137
2290,7,16,90
2291,3,10,60
2292,0,2,15
2293,5,9,52
2294,6,15,89
2295,13,24,129
2296,7,13,82
2297,6,15,91
2298,4,10,60
2299,4,14,96
2300,3,6,39
2301,16,29,174
2302,9,23,146
2303,9,17,102
2304,9,20,141
2305,11,19,99
2306,9,19,104
2307,8,20,140
2308,10,31,231
2309,8,20,170
2310,6,13,87
2311,5,12,80
2312,3,13,96
2313,15,38,228
2314,9,18,124
2315,11,21,114
2316,5,14,91
2317,9,17,103
2318,5,13,103
2319,4,10,58
2320,6,15,99
2321,6,22,132
2322,5,12,83
2323,9,21,120
2324,5,12,81
2325,1,3,18
2326,6,16,118
2327,6,19,159
2328,0,2,17
2329,12,35,208
2330,17,31,170
2331,16,30,212
2332,12,22,114
2333,11,20,110
2334,4,10,68
2335,0,3,14
2336,22,46,305
2337,15,34,204
2338,15,32,197
2339,15,31,197
2340,19,36,203
2341,23,41,234
2342,0,3,20
2343,17,30,176
2344,11,22,125
2345,11,29,182
2346,9,16,95
2347,3,13,117
2348,15,21,128
2349,6,11,74
2350,0,2,17
2351,8,24,170
2352,21,48,325
2353,10,19,122
2354,17,29,148
2355,6,13,78
2356,5,13,78
2357,11,31,205
2358,9,21,152
2359,14,32,190
2360,3,15,106
2361,7,16,111
2362,15,31,193
2363,3,7,50
2364,7,15,103
2365,8,31,243
2366,7,18,133
2367,3,8,81
2368,7,17,125
2369,2,3,20
2370,2,5,35
2371,1,4,37
2372,2,21,163
2373,8,28,226
2374,9,22,133
2375,4,16,116
2376,2,4,38
2377,6,14,95
2378,10,16,91
2379,8,21,135
2380,9,18,103
2381,5,11,64
2382,10,21,113
2383,5,11,71
2384,2,6,33
2385,1,4,33
2386,0,4,55
2387,7,16,100
2388,2,5,36
2389,1,4,26
2390,1,5,60
2391,1,4,34
2392,1,8,57
2393,1,3,24
2394,6,16,106
2395,3,7,45
2396,11,28,207
2397,16,34,228
2398,10,25,167
2399,7,17,162
2400,11,25,180
2401,1,3,22
2402,11,29,200
2403,7,20,128
2404,10,22,141
2405,9,26,171
2406,5,13,103
2407,5,14,108
2408,7,14,111
2409,0,2,14
2410,6,18,163
2411,4,12,89
2412,6,17,126
2413,0,5,41
2414,0,3,25
2415,0,3,27
2416,0,3,25
2417,1,4,32
2418,0,2,21
2419,7,21,151
2420,8,17,119
2421,5,17,120
2422,6,16,114
2423,4,16,97
2424,3,9,54
2425,0,1,9
2426,4,14,88
2427,3,12,78
2428,3,14,86
2429,5,16,96
2430,3,13,84
2431,5,18,108
2432,4,15,96
2433,2,9,67
2434,10,28,177
2435,3,11,58
2436,6,19,114
2437,7,17,100
2438,2,11,80
2439,7,22,141
2440,3,17,117
2441,13,30,179
2442,6,14,73
2443,2,9,47
2444,3,6,40
2445,14,31,185
2446,6,11,65
2447,16,37,217
2448,16,41,283
2449,8,24,137
2450,2,5,33
2451,5,13,94
2452,1,3,27
2453,8,25,166
2454,7,17,114
2455,4,16,103
2456,4,5,28
2457,4,10,70
2458,4,10,50
2459,7,15,80
2460,4,6,46
2461,6,9,54
2462,9,18,116
2463,5,14,96
2464,5,12,71
2465,12,33,197
2466,19,41,232
2467,9,23,153
2468,11,29,197
2469,9,27,186
2470,7,25,174
2471,14,36,225
2472,15,44,301
2473,1,10,78
2474,6,11,64
2475,11,35,231
2476,1,3,27
2477,8,18,101
2478,5,15,97
2479,11,26,153
2480,9,24,161
2481,21,50,357
2482,17,44,319
2483,3,9,75
2484,16,36,257
2485,9,20,113
2486,15,30,199
2487,4,12,93
2488,1,5,36
2489,2,6,52
2490,8,21,150
2491,6,16,122
2492,3,5,38
2493,5,14,96
2494,3,7,48
2495,6,12,79
2496,11,31,194
2497,13,29,222
2498,2,8,53
2499,6,9,54
2500,12,23,128
2501,6,16,94
2502,10,27,197
2503,10,24,136
2504,6,16,92
2505,12,24,152
2506,15,28,191
2507,9,17,101
2508,13,21,131
2509,7,24,172
2510,12,23,133
2511,11,25,139
2512,3,10,64
2513,0,2,27
2514,12,31,173
2515,7,25,169
2516,5,12,82
2517,15,37,243
2518,2,6,37
2519,6,13,74
2520,13,21,108
2521,7,17,102
2522,9,24,155
2523,12,21,105
2524,9,24,149
2525,3,6,32
2526,20,37,191
2527,6,12,61
2528,4,8,48
2529,8,16,87
2530,10,21,117
2531,10,19,100
2532,5,7,31
2533,6,17,122
2534,0,3,19
2535,9,21,141
2536,6,17,121
2537,4,7,39
2538,6,25,188
2539,6,13,99
2540,6,12,73
2541,0,2,19
2542,7,27,208
2543,11,19,113
2544,7,22,143
2545,11,23,125
2546,6,16,103
2547,9,20,140
2548,21,44,285
2549,7,25,183
2550,3,7,50
2551,1,3,34
2552,7,20,137
2553,6,22,135
2554,10,27,198
2555,9,22,139
2556,6,15,103
2557,10,26,180
2558,5,12,67
2559,10,23,113
2560,4,6,33
2561,14,30,210
2562,6,12,74
2563,3,8,50
2564,5,9,57
2565,5,7,32
2566,9,19,147
2567,9,16,109
2568,7,16,97
2569,3,9,59
2570,8,22,151
2571,6,17,139
2572,12,24,143
2573,4,10,60
2574,1,5,43
2575,6,13,72
2576,6,11,59
2577,12,30,191
2578,11,24,147
2579,10,23,138
2580,6,17,108
2581,6,10,55
2582,8,18,109
2583,16,31,171
2584,7,20,119
2585,3,8,44
2586,6,11,78
2587,6,17,120
2588,3,14,120
2589,3,10,70
2590,4,7,40
2591,1,32,272
2592,6,18,154
2593,9,24,156
2594,4,10,68
2595,12,29,177
2596,11,22,135
2597,8,15,85
2598,2,5,32
2599,6,15,102
2600,10,21,141
2601,12,29,194
2602,11,24,165
2603,1,3,14
2604,6,31,216
2605,6,23,173
2606,9,21,117
2607,9,15,76
2608,1,3,20
2609,16,37,263
2610,6,16,107
2611,7,18,129
2612,6,16,115
2613,1,3,13
2614,3,10,68
2615,11,31,197
2616,5,18,132
2617,11,24,129
2618,3,10,63
2619,5,9,69
2620,1,2,17
2621,13,33,213
2622,8,20,154
2623,10,26,176
2624,11,17,100
2625,5,16,107
2626,7,19,136
2627,9,23,154
2628,16,35,212
2629,6,16,101
2630,16,27,140
2631,16,40,292
2632,7,19,149
2633,0,3,22
2634,15,38,258
2635,7,18,107
2636,15,28,172
2637,9,19,122
2638,0,3,21
2639,10,18,105
2640,6,12,78
2641,9,21,122
2642,4,11,72
2643,5,15,91
2644,1,2,13
2645,3,13,93
2646,0,2,22
2647,10,23,158
2648,13,29,167
2649,6,13,96
2650,9,14,72
2651,17,25,122
2652,16,32,191
2653,9,16,95
2654,6,12,79
2655,15,24,113
2656,8,13,69
2657,6,16,130
2658,11,19,103
2659,8,14,69
2660,11,27,168
2661,23,42,251
2662,11,21,118
2663,3,8,53
2664,1,5,44
2665,4,10,61
2666,10,21,132
2667,13,23,139
2668,12,27,171
2669,21,39,211
2670,5,12,61
2671,7,10,58
2672,9,20,115
2673,16,33,194
2674,12,31,197
2675,25,44,267
2676,10,21,116
2677,7,22,170
2678,19,37,223
2679,8,21,135
2680,14,26,159
2681,17,35,219
2682,12,26,144
2683,10,18,91
2684,21,41,207
2685,10,24,162
2686,8,18,116
2687,12,21,134
2688,9,19,111
2689,11,22,128
2690,15,33,200
2691,4,8,63
2692,3,7,56
2693,3,12,81
2694,9,21,141
2695,3,8,60
2696,6,14,85
2697,2,4,38
2698,4,7,53
2699,9,16,94
2700,6,13,86
2701,4,11,81
2702,8,18,125
2703,1,3,18
2704,4,11,73
2705,2,7,57
2706,4,10,90
2707,6,14,83
2708,2,5,42
2709,3,6,43
2710,5,15,97
2711,8,21,144
2712,2,6,48
2713,3,8,55
2714,11,27,175
2715,6,18,117
2716,3,7,46
2717,1,5,38
2718,4,10,68
2719,5,18,125
2720,6,18,121
2721,4,10,77
2722,5,14,77
2723,4,12,77
2724,3,5,35
2725,3,14,87
2726,2,5,40
2727,4,13,83
2728,3,11,77
2729,8,22,138
2730,7,18,105
2731,1,7,65
2732,5,14,92
2733,8,19,151
2734,16,37,244
2735,7,16,104
2736,8,22,136
2737,10,23,141
2738,6,17,124
2739,17,41,268
2740,11,22,140
2741,4,14,109
2742,11,23,134
2743,5,17,121
2744,6,24,170
2745,4,18,147
2746,2,11,76
2747,2,12,78
2748,3,12,87
2749,2,9,73
2750,2,11,71
2751,2,10,65
2752,3,11,73
2753,7,24,174
2754,14,33,236
2755,0,2,13
2756,13,42,307
2757,20,45,291
2758,5,14,99
2759,2,4,20
2760,20,45,286
2761,26,46,269
2762,0,2,14
2763,13,29,208
2764,21,40,258
2765,0,2,12
2766,8,20,141
2767,23,42,251
2768,14,35,250
2769,0,2,17
2770,7,18,105
2771,2,5,30
2772,4,8,46
2773,18,33,202
2774,14,27,155
2775,16,31,174
2776,13,19,96
2777,0,3,15
2778,9,26,165
2779,14,35,220
2780,15,26,147
2781,1,3,14
2782,7,18,109
2783,6,16,89
2784,7,22,135
2785,2,7,58
2786,2,6,56
2787,3,10,53
2788,2,7,51
2789,2,8,63
2790,15,34,230
2791,11,29,230
2792,0,2,16
2793,27,49,308
2794,7,17,125
2795,25,51,309
2796,1,3,15
2797,10,22,127
2798,13,31,210
2799,14,28,173
2800,8,23,165
2801,7,18,133
2802,12,33,215
2803,6,21,145
2804,6,13,100
2805,1,2,11
2806,7,22,199
2807,6,13,97
2808,1,1,15
2809,1,1,15
2810,1,1,15
2811,2,3,34
2812,0,3,15
2813,3,14,94
2814,3,8,66
2815,4,9,63
2816,2,7,57
2817,0,1,8
2818,9,18,136
2819,2,6,37
2820,4,7,42
2821,8,12,64
2822,0,1,6
2823,4,13,88
2824,6,20,162
2825,3,13,87
2826,5,10,81
2827,4,8,43
2828,6,12,69
2829,7,13,67
2830,11,18,90
2831,9,19,115
2832,12,22,145
2833,4,13,79
2834,13,22,118
2835,2,7,46
2836,3,8,50
2837,0,2,17
2838,9,28,203
2839,18,38,255
2840,0,2,18
2841,6,26,178
2842,8,19,115
2843,15,33,194
2844,3,9,57
2845,0,2,13
2846,14,39,257
2847,12,25,166
2848,8,24,165
2849,8,19,88
2850,8,16,100
2851,4,12,81
2852,0,2,17
2853,3,12,102
2854,4,8,64
2855,3,6,32
2856,0,3,31
2857,1,5,55
2858,9,19,126
2859,13,32,228
2860,0,2,17
2861,4,10,75
2862,3,5,32
2863,5,12,88
2864,5,15,123
2865,4,8,44
2866,3,5,39
2867,9,12,91
2868,1,3,19
2869,14,31,216
2870,0,1,13
2871,11,33,190
2872,3,8,44
2873,7,20,132
2874,9,15,94
2875,10,24,152
2876,5,16,99
2877,13,39,248
2878,9,20,116
2879,11,31,197
2880,11,31,180
2881,10,32,224
2882,6,16,101
2883,1,5,25
2884,12,32,201
2885,4,8,53
2886,6,12,88
2887,5,15,99
2888,6,14,84
2889,10,17,99
2890,18,35,210
2891,10,21,121
2892,12,30,176
2893,9,17,97
2894,5,12,79
2895,1,5,41
2896,3,6,35
2897,1,2,20
2898,12,29,190
2899,6,18,136
2900,9,25,178
2901,9,18,132
2902,7,30,202
2903,8,21,146
2904,6,17,102
2905,10,21,128
2906,10,24,151
2907,12,28,181
2908,2,7,57
2909,12,30,231
2910,1,9,60
2911,8,20,165
2912,4,12,89
2913,14,31,223
2914,3,11,74
2915,10,20,112
2916,9,19,125
2917,10,24,157
2918,14,30,176
2919,10,25,187
2920,14,31,185
2921,7,16,102
2922,14,26,172
2923,4,9,65
2924,14,31,207
2925,14,29,188
2926,9,18,111
2927,5,11,65
2928,14,28,154
2929,5,12,76
2930,8,23,151
2931,10,25,176
2932,2,6,34
2933,15,26,149
2934,9,22,143
2935,7,11,53
2936,5,14,84
2937,19,37,223
2938,12,31,184
2939,13,23,121
2940,10,19,128
2941,13,25,154
2942,12,26,141
2943,11,23,166
2944,3,11,75
2945,14,30,186
2946,9,17,114
2947,18,35,188
2948,10,23,139
2949,16,32,185
2950,6,21,145
2951,2,5,29
2952,8,16,86
2953,14,37,236
2954,3,9,55
2955,9,22,152
2956,0,1,10
2957,5,15,108
2958,11,26,178
2959,9,24,144
2960,12,26,171
2961,9,22,135
2962,15,27,165
2963,14,30,202
2964,10,20,143
2965,10,19,158
2966,6,19,134
2967,4,12,92
2968,7,29,204
2969,15,36,246
2970,9,23,161
2971,8,16,101
2972,18,37,239
2973,10,20,115
2974,18,31,182
2975,2,6,39
2976,2,5,31
2977,6,15,85
2978,5,11,80
2979,6,15,83
2980,2,6,46
2981,9,17,101
2982,10,18,107
2983,5,17,109
2984,4,10,87
2985,7,14,75
2986,11,22,139
2987,12,25,148
2988,8,18,102
2989,4,14,92
2990,7,15,100
2991,10,20,141
2992,9,22,187
2993,4,9,53
2994,13,24,147
2995,10,23,158
2996,10,21,118
2997,5,14,111
2998,16,31,168
2999,5,12,79
3000,12,28,172
3001,7,18,98
3002,9,19,97
3003,6,15,99
3004,9,20,130
3005,5,10,45
3006,3,13,86
3007,7,13,69
3008,2,5,32
3009,7,18,116
3010,9,19,121
3011,10,16,89
3012,12,23,128
3013,6,12,70
3014,7,15,105
3015,3,5,28
3016,6,16,114
3017,5,10,53
3018,3,15,108
3019,4,10,81
3020,6,19,120
3021,5,13,85
3022,5,11,74
3023,7,12,70
3024,0,2,16
3025,2,7,47
3026,2,5,29
3027,3,8,40
3028,3,9,48
3029,3,9,62
3030,5,17,104
3031,1,6,43
3032,5,11,70
3033,2,6,38
3034,6,15,96
3035,5,12,67
3036,0,0,1
3037,9,25,185
3038,7,14,79
3039,16,36,233
3040,13,29,179
3041,12,29,200
3042,6,20,141
3043,15,43,290
3044,7,14,103
3045,11,26,164
3046,6,28,178
3047,6,22,172
3048,10,24,156
3049,9,23,152
3050,7,22,150
3051,4,10,64
3052,3,18,140
3053,10,20,113
3054,6,15,103
3055,6,15,82
3056,9,24,175
3057,5,13,85
3058,10,24,171
3059,5,7,43
3060,8,14,87
3061,6,17,120
3062,5,12,96
3063,6,13,72
3064,11,21,125
3065,3,10,62
3066,5,10,57
3067,5,12,74
3068,6,13,77
3069,1,4,40
3070,10,17,86
3071,4,9,61
3072,6,22,156
3073,7,16,122
3074,9,14,80
3075,12,29,175
3076,2,6,31
3077,9,15,74
3078,3,9,67
3079,0,2,33
3080,2,9,85
3081,1,7,61
3082,8,18,140
3083,11,24,145
3084,4,9,69
3085,7,23,148
3086,1,3,14
3087,5,11,64
3088,2,4,31
3089,6,12,77
3090,4,7,34
3091,9,16,86
3092,7,12,70
3093,11,21,112
3094,11,29,195
3095,9,23,145
3096,11,22,146
3097,2,7,38
3098,4,17,110
3099,9,14,79
3100,5,19,155
3101,5,12,94
3102,1,5,38
3103,9,20,138
3104,11,27,152
3105,11,21,124
3106,6,13,82
3107,11,28,177
3108,7,14,82
3109,10,22,115
3110,15,27,148
3111,16,30,165
3112,9,14,88
3113,6,10,54
3114,6,13,71
3115,18,25,135
3116,9,21,126
3117,16,31,163
3118,5,8,43
3119,3,6,35
3120,6,12,53
3121,2,8,46
3122,5,10,46
3123,4,6,34
3124,10,19,101
3125,10,19,102
3126,22,36,154
3127,5,7,43
3128,1,2,13
3129,4,10,66
3130,2,2,17
3131,2,3,13
3132,7,11,66
3133,11,20,109
3134,4,8,37
3135,2,5,34
3136,3,6,40
3137,6,8,37
3138,20,32,156
3139,8,14,75
3140,11,16,66
3141,6,9,42
3142,17,28,119
3143,2,4,30
3144,7,13,63
3145,10,17,90
3146,14,26,135
3147,23,41,204
3148,3,6,39
3149,13,21,108
3150,8,15,71
3151,1,4,29
3152,5,14,89
3153,10,28,157
3154,6,22,173
3155,11,30,225
3156,1,3,18
3157,4,12,76
3158,14,36,205
3159,2,9,61
3160,5,18,119
3161,6,16,117
3162,5,15,105
3163,0,2,17
3164,7,17,101
3165,6,13,75
3166,2,6,35
3167,5,13,75
3168,2,5,30
3169,8,18,120
3170,6,13,96
3171,8,18,131
3172,6,14,93
3173,1,3,18
3174,14,29,183
3175,7,16,95
3176,13,39,276
3177,8,17,102
3178,5,13,109
3179,9,21,117
3180,14,30,171
3181,5,12,81
3182,6,13,67
3183,8,20,120
3184,20,38,205
3185,0,2,15
3186,10,21,121
3187,12,24,132
3188,10,17,92
3189,14,35,206
3190,6,10,71
3191,2,6,46
3192,8,23,166
3193,6,14,94
3194,9,18,124
3195,16,33,208
3196,7,15,105
3197,16,34,222
3198,0,2,16
3199,13,23,135
3200,5,17,111
3201,15,34,205
3202,4,20,130
3203,16,33,180
3204,7,15,91
3205,7,14,94
3206,5,12,71
3207,13,24,127
3208,0,1,9
3209,4,10,58
3210,3,11,72
3211,3,11,81
3212,3,9,52
3213,12,26,166
3214,11,25,138
3215,12,31,186
3216,1,3,12
3217,9,25,175
3218,11,23,132
3219,5,16,94
3220,9,17,94
3221,8,18,113
3222,11,22,132
3223,10,20,110
3224,0,2,10
3225,3,10,68
3226,2,5,32
3227,2,6,37
3228,10,24,157
3229,8,26,163
3230,4,13,84
3231,5,13,80
3232,3,3,14
3233,3,7,35
3234,10,26,182
3235,2,9,62
3236,4,14,92
3237,7,18,107
3238,5,18,106
3239,3,13,121
3240,5,16,108
3241,4,8,42
3242,4,9,53
3243,11,26,128
3244,5,11,79
3245,0,0,1
3246,1,3,15
3247,3,19,118
3248,3,7,40
3249,3,15,94
3250,0,2,13
3251,9,29,211
3252,2,7,50
3253,9,17,97
3254,0,2,15
3255,7,16,105
3256,4,19,128
3257,4,10,69
3258,8,18,137
3259,7,17,154
3260,1,4,38
3261,3,6,38
3262,0,1,9
3263,7,19,154
3264,10,18,110
3265,16,25,132
3266,6,17,120
3267,19,36,235
3268,4,6,49
3269,0,1,25
3270,0,1,21
3271,0,2,20
3272,0,2,15
3273,7,22,150
3274,6,21,142
3275,5,15,103
3276,10,19,122
3277,17,32,185
3278,8,16,94
3279,7,22,130
3280,5,10,66
3281,14,26,150
3282,16,32,207
3283,11,27,158
3284,17,28,160
3285,12,27,193
3286,8,17,101
3287,11,27,163
3288,17,41,248
3289,9,19,115
3290,10,23,138
3291,12,27,172
3292,10,28,163
3293,8,22,172
3294,14,28,168
3295,4,13,72
3296,23,49,285
3297,11,23,129
3298,3,14,111
3299,11,23,129
3300,7,14,77
3301,6,11,80
3302,8,23,162
3303,8,19,128
3304,5,7,32
3305,4,9,63
3306,8,24,168
3307,14,35,216
3308,11,22,152
3309,7,13,84
3310,10,23,139
3311,7,15,114
3312,5,18,144
3313,11,33,231
3314,10,21,147
3315,6,14,82
3316,7,21,155
3317,11,28,180
3318,9,32,230
3319,2,13,95
3320,26,53,347
3321,4,7,34
3322,12,23,148
3323,13,26,149
3324,9,17,101
3325,7,12,99
3326,13,21,118
3327,0,1,7
3328,10,17,110
3329,5,13,74
3330,8,22,135
3331,13,27,181
3332,15,26,145
3333,17,35,224
3334,12,19,111
3335,11,20,112
3336,14,27,161
3337,13,26,165
3338,0,1,3
3339,22,43,250
3340,1,6,49
3341,1,6,50
3342,10,22,141
3343,6,15,109
3344,24,44,277
3345,17,46,297
3346,13,26,149
3347,12,25,141
3348,4,9,68
3349,1,5,35
3350,9,21,141
3351,8,21,139
3352,7,21,137
3353,13,30,197
3354,5,9,52
3355,18,36,213
3356,13,24,148
3357,19,42,246
3358,3,7,42
3359,9,23,142
3360,8,20,108
3361,11,27,194
3362,22,37,189
3363,4,10,65
3364,3,8,38
3365,6,10,57
3366,8,14,81
3367,9,14,69
3368,6,18,102
3369,7,18,92
3370,3,7,37
3371,6,16,93
3372,11,18,96
3373,4,7,50
3374,5,8,64
3375,8,17,105
3376,11,22,129
3377,9,15,79
3378,9,17,101
3379,5,14,88
3380,12,24,123
3381,2,7,43
3382,10,16,90
3383,5,12,72
3384,7,13,82
3385,5,8,32
3386,9,14,81
3387,3,8,57
3388,19,39,257
3389,11,18,92
3390,5,20,131
3391,8,17,114
3392,11,34,230
3393,5,20,130
3394,10,31,221
3395,4,7,42
3396,1,6,36
3397,2,7,36
3398,3,5,22
3399,1,4,23
3400,4,8,39
3401,9,17,77
3402,2,7,31
3403,5,10,55
3404,4,8,45
3405,4,9,54
3406,1,5,27
3407,3,10,60
3408,3,9,55
3409,8,15,85
3410,2,9,56
3411,2,7,44
3412,12,22,108
3413,0,2,15
3414,2,6,33
3415,0,0,2
3416,2,4,30
3417,3,5,25
3418,4,9,42
3419,4,6,32
3420,1,3,19
3421,5,9,55
3422,0,3,26
3423,1,1,16
3424,1,6,38
3425,9,16,83
3426,2,5,34
3427,2,4,23
3428,4,8,53
3429,1,5,41
3430,2,5,47
3431,9,15,79
3432,5,12,71
3433,5,9,49
3434,7,11,60
3435,5,11,51
3436,0,0,1
3437,16,36,242
3438,12,25,149
3439,7,11,62
3440,11,29,202
3441,6,25,174
3442,5,20,126
3443,15,37,229
3444,11,23,148
3445,5,18,123
3446,14,26,169
3447,9,20,118
3448,7,11,54
3449,10,26,170
3450,5,23,189
3451,6,16,112
3452,10,27,203
3453,8,15,69
3454,22,49,297
3455,13,27,151
3456,9,18,107
3457,12,23,147
3458,14,31,195
3459,15,35,222
3460,26,60,385
3461,19,28,147
3462,24,49,327
3463,21,36,197
3464,20,43,243
3465,9,24,169
3466,5,10,68
3467,4,11,73
3468,9,20,103
3469,11,23,138
3470,9,24,161
3471,9,13,63
3472,15,37,236
3473,6,30,234
3474,9,23,137
3475,10,23,149
3476,14,36,236
3477,4,10,63
3478,7,10,58
3479,9,17,102
3480,9,20,117
3481,7,13,91
3482,10,18,94
3483,4,10,84
3484,8,20,138
3485,3,9,60
3486,9,21,122
3487,14,25,153
3488,7,11,70
3489,9,21,144
3490,10,21,129
3491,5,9,58
3492,4,13,96
3493,12,21,129
3494,8,22,173
3495,15,31,194
3496,5,14,99
3497,15,38,250
3498,12,20,96
3499,2,5,30
3500,12,26,171
3501,5,10,70
3502,6,9,57
3503,11,24,159
3504,6,16,94
3505,8,15,71
3506,13,29,158
3507,14,27,155
3508,4,6,33
3509,5,9,43
3510,4,7,54
3511,3,6,33
3512,8,17,83
3513,14,29,179
3514,4,12,76
3515,9,20,114
3516,14,29,185
3517,16,30,192
3518,11,17,98
3519,4,9,65
3520,3,7,39
3521,6,12,62
3522,12,25,167
3523,11,18,105
3524,7,12,70
3525,4,10,61
3526,5,10,61
3527,6,11,63
3528,7,20,116
3529,11,34,207
3530,1,3,21
3531,10,26,161
3532,0,2,21
3533,6,14,98
3534,7,17,120
3535,21,37,227
3536,11,21,118
3537,1,6,39
3538,4,13,93
3539,5,11,84
3540,14,26,148
3541,11,24,160
3542,9,19,133
3543,5,12,68
3544,14,29,161
3545,1,3,14
3546,18,40,244
3547,7,16,106
3548,6,16,91
3549,5,12,91
3550,10,25,169
3551,9,22,130
3552,9,18,127
3553,14,32,220
3554,0,1,22
3555,11,26,176
3556,12,23,135
3557,15,37,235
3558,16,29,173
3559,8,17,97
3560,13,25,151
3561,10,18,98
3562,0,2,17
3563,10,19,102
3564,6,13,80
3565,9,20,121
3566,15,31,171
3567,16,30,190
3568,14,32,215
3569,5,13,104
3570,4,9,56
3571,14,27,175
3572,7,17,113
3573,18,33,226
3574,1,3,17
3575,7,16,106
3576,12,24,161
3577,12,22,134
3578,19,41,247
3579,9,22,149
3580,10,20,113
3581,10,28,214
3582,5,16,129
3583,5,14,90
3584,12,25,150
3585,18,38,239
3586,10,20,136
3587,3,8,46
3588,8,22,147
3589,15,35,251
3590,15,31,185
3591,10,19,115
3592,5,14,97
3593,9,15,75
3594,18,37,215
3595,17,33,197
3596,6,15,95
3597,4,9,57
3598,9,20,121
3599,10,23,172
3600,1,4,34
3601,16,32,217
3602,17,35,229
3603,1,2,11
3604,19,44,345
3605,8,18,129
3606,7,12,85
3607,8,14,88
3608,15,29,154
3609,11,20,112
3610,13,27,155
3611,16,30,180
3612,8,19,110
3613,5,11,68
3614,1,3,22
3615,14,25,160
3616,12,22,116
3617,13,27,150
3618,6,13,82
3619,13,24,130
3620,8,17,98
3621,19,39,245
3622,12,27,169
3623,12,29,183
3624,13,21,132
3625,3,6,30
3626,12,26,161
3627,10,23,139
3628,20,37,223
3629,12,21,130
3630,15,30,194
3631,5,12,83
3632,8,23,153
3633,7,17,109
3634,12,21,122
3635,7,16,116
3636,16,33,240
3637,10,17,90
3638,5,11,86
3639,10,22,139
3640,18,38,248
3641,6,15,97
3642,13,31,205
3643,8,15,93
3644,7,21,140
3645,14,29,203
3646,11,26,166
3647,9,22,171
3648,15,33,227
3649,21,37,225
3650,7,12,93
3651,12,24,158
3652,10,25,173
3653,4,6,35
3654,5,12,71
3655,2,10,53
3656,9,26,192
3657,25,52,327
3658,7,17,143
3659,7,17,135
3660,11,19,112
3661,19,42,334
3662,19,38,253
3663,19,39,242
3664,47,90,561
3665,26,46,294
3666,25,46,290
3667,25,42,267
3668,17,28,150
3669,8,21,140
3670,12,23,125
3671,6,14,86
3672,4,16,113
3673,7,19,143
3674,28,51,284
3675,26,45,257
3676,6,15,91
3677,8,12,72
3678,24,42,229
3679,18,31,165
3680,16,34,213
3681,1,4,40
3682,14,34,225
3683,15,31,195
3684,18,35,240
3685,24,40,227
3686,18,38,240
3687,14,24,140
3688,24,42,272
3689,6,13,80
3690,13,29,183
3691,13,25,159
3692,7,14,96
3693,11,24,179
3694,15,28,185
3695,14,22,116
3696,8,18,131
3697,27,47,313
3698,10,21,147
3699,14,32,223
3700,16,31,178
3701,25,50,351
3702,6,15,103
3703,15,34,211
3704,15,27,158
3705,10,25,197
3706,10,30,213
3707,16,35,243
3708,7,16,110
3709,1,4,36
3710,6,13,86
3711,7,14,97
3712,20,40,271
3713,5,14,101
3714,7,12,54
3715,7,15,88
3716,3,10,62
3717,15,32,219
3718,12,25,181
3719,14,28,168
3720,6,13,81
3721,20,36,200
3722,8,17,114
3723,5,13,85
3724,6,9,61
3725,17,29,185
3726,8,13,65
3727,20,40,242
3728,13,30,203
3729,6,12,68
3730,7,14,119
3731,16,31,178
3732,10,20,137
3733,22,39,238
3734,2,9,97
3735,9,20,137
3736,8,19,118
3737,32,58,364
3738,8,18,122
3739,11,22,121
3740,12,28,226
3741,0,0,1
3742,11,26,170
3743,5,10,63
3744,11,22,135
3745,11,23,147
3746,7,17,110
3747,5,14,103
3748,14,32,219
3749,7,15,118
3750,7,14,105
3751,10,20,124
3752,14,31,177
3753,2,6,36
3754,24,48,291
3755,5,10,94
3756,13,25,144
3757,4,7,43
3758,5,16,127
3759,22,42,283
3760,9,15,105
3761,4,8,48
3762,3,12,78
3763,23,38,220
3764,11,19,103
3765,31,63,431
3766,5,12,99
3767,22,48,305
3768,24,51,328
3769,10,19,136
3770,8,19,129
3771,31,57,343
3772,5,11,62
3773,4,7,44
3774,15,33,216
3775,9,18,101
3776,14,25,158
3777,2,6,37
3778,5,14,109
3779,3,7,54
3780,3,10,68
3781,8,18,133
3782,10,19,117
3783,6,14,97
3784,1,2,10
3785,1,2,19
3786,8,26,177
3787,3,11,81
3788,5,11,77
3789,12,22,135
3790,9,27,209
3791,0,1,10
3792,19,51,338
3793,5,17,150
3794,9,15,98
3795,4,6,39
3796,6,17,142
3797,2,7,69
3798,12,26,168
3799,0,1,10
3800,15,37,241
3801,13,28,189
3802,11,31,201
3803,8,25,150
3804,19,40,252
3805,0,2,18
3806,10,17,100
3807,13,29,177
3808,7,17,98
3809,4,9,57
3810,22,50,312
3811,13,32,198
3812,6,12,78
3813,19,38,228
3814,26,54,305
3815,5,18,127
3816,6,18,112
3817,9,20,135
3818,1,2,12
3819,2,4,20
3820,15,38,227
3821,9,22,147
3822,7,15,100
3823,8,18,136
3824,8,13,71
3825,0,2,17
3826,14,38,305
3827,11,24,150
3828,12,28,183
3829,8,19,124
3830,9,15,97
3831,6,11,62
3832,16,42,338
3833,0,2,17
3834,9,19,136
3835,13,22,130
3836,19,41,307
3837,5,14,99
3838,8,15,89
3839,19,36,227
3840,10,31,212
3841,4,14,87
3842,17,36,190
3843,2,7,46
3844,3,10,65
3845,0,1,24
3846,7,14,93
3847,15,35,270
3848,5,22,143
3849,1,3,15
3850,7,17,98
3851,7,18,131
3852,17,37,227
3853,13,25,158
3854,6,16,109
3855,8,16,87
3856,11,32,229
3857,15,35,250
3858,11,22,116
3859,9,15,81
3860,2,4,20
3861,15,31,202
3862,8,19,140
3863,12,33,266
3864,11,29,214
3865,4,15,91
3866,3,10,70
3867,6,13,88
3868,7,19,149
3869,19,37,217
3870,11,25,151
3871,10,17,99
3872,0,1,11
3873,0,2,8
3874,5,17,112
3875,12,22,136
3876,22,51,315
3877,4,13,104
3878,16,26,150
3879,9,19,110
3880,17,34,188
3881,11,26,159
3882,14,26,151
3883,8,11,54
3884,5,14,77
3885,4,8,40
3886,19,44,263
3887,2,3,21
3888,6,9,69
3889,13,25,166
3890,8,15,83
3891,11,20,114
3892,10,24,131
3893,13,22,107
3894,11,20,112
3895,10,19,111
3896,13,27,137
3897,5,15,105
3898,19,39,223
3899,7,16,90
3900,16,36,233
3901,13,29,170
3902,13,32,207
3903,1,3,12
3904,10,29,176
3905,12,27,197
3906,14,30,189
3907,10,17,93
3908,13,25,151
3909,4,6,30
3910,16,34,218
3911,9,19,129
3912,8,21,122
3913,8,15,84
3914,2,4,21
3915,16,32,178
3916,31,56,288
3917,12,22,128
3918,10,19,109
3919,8,16,92
3920,7,14,92
3921,8,21,141
3922,8,16,96
3923,0,2,15
3924,7,16,104
3925,10,19,97
3926,15,34,208
3927,7,14,89
3928,5,9,49
3929,17,34,208
3930,8,17,106
3931,8,14,75
3932,5,16,114
3933,6,19,110
3934,3,11,69
3935,0,0,1
3936,12,24,131
3937,34,59,323
3938,12,25,144
3939,8,19,108
3940,13,23,114
3941,8,14,94
3942,11,29,193
3943,16,36,204
3944,17,34,205
3945,20,42,256
3946,2,4,25
3947,14,27,161
3948,13,26,148
3949,12,24,150
3950,1,5,27
3951,2,5,30
3952,5,10,52
3953,15,28,165
3954,2,6,35
3955,12,25,128
3956,1,6,45
3957,11,20,102
3958,6,17,99
3959,8,18,99
3960,9,16,81
3961,14,24,133
3962,11,25,155
3963,5,13,78
3964,4,8,54
3965,9,16,88
3966,8,13,66
3967,7,12,58
3968,4,7,51
3969,4,6,49
3970,15,27,162
3971,16,27,140
3972,11,21,113
3973,4,14,86
3974,8,24,150
3975,4,17,126
3976,25,55,359
3977,2,3,23
3978,7,13,70
3979,13,31,213
3980,8,25,143
3981,7,18,117
3982,11,26,156
3983,9,21,137
3984,6,15,93
3985,8,21,150
3986,12,24,145
3987,11,27,184
3988,9,21,121
3989,2,10,80
3990,6,17,100
3991,0,2,15
3992,11,28,183
3993,13,27,150
3994,9,16,89
3995,3,7,49
3996,3,8,65
3997,9,21,146
3998,7,12,60
3999,2,10,72
4000,10,21,110
4001,6,11,68
4002,6,18,117
4003,0,0,1
4004,9,20,139
4005,7,9,41
4006,5,9,46
4007,0,1,11
4008,4,11,83
4009,10,25,162
4010,14,25,162
4011,11,29,176
4012,13,28,166
4013,6,22,146
4014,6,20,146
4015,4,10,52
4016,4,11,57
4017,17,39,281
4018,8,25,174
4019,12,32,219
4020,6,15,125
4021,12,26,172
4022,3,8,40
4023,3,8,42
4024,9,19,139
4025,7,15,96
4026,2,8,55
4027,11,21,125
4028,0,2,15
4029,8,26,180
4030,5,19,145
4031,7,15,95
4032,6,9,51
4033,1,5,33
4034,4,11,73
4035,5,8,46
4036,12,22,146
4037,7,14,79
4038,7,18,114
4039,1,3,22
4040,3,6,53
4041,0,3,28
4042,7,19,97
4043,11,23,127
4044,8,20,127
4045,8,15,80
4046,1,2,14
4047,5,10,53
4048,6,14,82
4049,4,6,29
4050,2,5,35
4051,7,16,111
4052,1,2,12
4053,6,14,79
4054,4,7,39
4055,3,6,31
4056,5,10,53
4057,13,26,121
4058,0,1,14
4059,8,18,104
4060,1,4,26
4061,15,32,165
4062,9,14,79
4063,2,3,25
4064,0,2,12
4065,5,9,50
4066,1,5,32
4067,19,45,275
4068,2,6,32
4069,1,3,19
4070,14,23,102
4071,2,5,25
4072,7,12,68
4073,5,12,72
4074,15,31,167
4075,15,30,161
4076,7,17,107
4077,5,9,45
4078,3,5,31
4079,4,9,56
4080,13,26,173
4081,7,13,122
4082,4,15,92
4083,2,7,51
4084,3,5,27
4085,3,6,30
4086,7,15,89
4087,4,11,57
4088,9,22,155
4089,11,25,156
4090,3,9,63
4091,1,5,34
4092,10,20,107
4093,6,15,93
4094,0,7,65
4095,9,19,117
4096,9,19,114
4097,11,25,163
4098,2,6,43
4099,3,6,32
4100,5,21,201
4101,12,32,197
4102,11,25,159
4103,12,20,93
4104,13,25,153
4105,11,27,188
4106,17,39,222
4107,17,41,243
4108,7,16,81
4109,17,33,173
4110,3,7,49
4111,4,10,50
4112,7,19,140
4113,5,10,53
4114,5,8,43
4115,5,14,88
4116,13,38,271
4117,23,53,348
4118,14,34,236
4119,12,25,173
4120,7,17,107
4121,10,23,143
4122,11,35,247
4123,13,40,261
4124,13,29,190
4125,3,5,33
4126,2,4,22
4127,3,7,42
4128,5,9,46
4129,13,19,93
4130,2,5,32
4131,1,3,27
4132,10,25,217
4133,18,35,223
4134,16,32,192
4135,20,38,213
4136,7,16,115
4137,5,19,125
4138,11,20,133
4139,12,28,194
4140,12,24,126
4141,4,12,69
4142,16,25,119
4143,18,36,206
4144,8,18,98
4145,8,17,103
4146,5,15,118
4147,6,13,71
4148,11,25,146
4149,3,10,59
4150,7,11,55
4151,8,14,89
4152,9,19,114
4153,14,27,161
4154,8,15,85
4155,12,23,138
4156,5,10,48
4157,7,13,75
4158,8,18,109
4159,1,3,16
4160,13,22,126
4161,8,14,82
4162,4,19,133
4163,12,27,186
4164,6,14,105
4165,7,19,131
4166,11,20,115
4167,6,16,98
4168,1,8,66
4169,8,19,114
4170,5,17,129
4171,8,13,78
4172,14,32,195
4173,9,18,105
4174,4,9,61
4175,7,13,72
4176,5,12,81
4177,12,27,166
4178,10,22,137
4179,14,28,177
4180,8,15,85
4181,5,15,104
4182,1,3,17
4183,6,20,144
4184,3,9,63
4185,3,8,59
4186,1,16,137
4187,18,44,262
4188,11,42,302
4189,10,26,186
4190,7,19,161
4191,14,33,176
4192,7,19,123
4193,10,22,159
4194,5,13,77
4195,10,22,131
4196,10,21,116
4197,12,25,131
4198,13,24,137
4199,7,16,107
4200,5,10,53
4201,10,16,90
4202,6,11,71
4203,8,16,97
4204,7,21,158
4205,4,13,108
4206,5,10,66
4207,5,13,81
4208,8,17,91
4209,13,21,112
4210,6,14,86
4211,6,11,73
4212,8,18,134
4213,18,32,187
4214,11,16,89
4215,24,41,240
4216,12,28,181
4217,9,17,114
4218,12,22,143
4219,21,60,399
4220,6,14,99
4221,4,4,19
4222,5,12,83
4223,6,13,78
4224,2,7,42
4225,12,24,149
4226,15,32,183
4227,13,25,136
4228,2,8,54
4229,8,11,68
4230,4,7,41
4231,11,22,127
4232,7,18,121
4233,6,13,83
4234,18,33,203
4235,5,18,131
4236,7,16,127
4237,8,15,93
4238,8,21,132
4239,8,16,95
4240,8,15,100
4241,2,11,71
4242,2,5,30
4243,0,0,3
4244,7,13,82
4245,8,16,91
4246,6,8,35
4247,11,21,135
4248,12,23,155
4249,2,5,32
4250,8,20,148
4251,11,25,187
4252,8,18,120
4253,13,21,116
4254,5,11,77
4255,16,30,216
4256,7,22,167
4257,9,18,120
4258,19,35,231
4259,7,18,122
4260,12,26,174
4261,5,16,117
4262,4,10,87
4263,9,24,171
4264,6,13,84
4265,6,14,91
4266,10,20,136
4267,0,3,26
4268,2,8,50
4269,13,25,146
4270,9,20,136
4271,31,65,437
4272,0,0,2
4273,16,33,232
4274,4,15,105
4275,16,28,174
4276,7,15,76
4277,5,12,88
4278,15,33,204
4279,6,12,76
4280,11,18,112
4281,12,28,200
4282,8,26,200
4283,8,16,110
4284,3,9,66
4285,0,3,24
4286,17,29,170
4287,13,30,201
4288,8,17,116
4289,17,40,271
4290,5,12,86
4291,26,47,280
4292,4,11,85
4293,13,24,148
4294,15,34,219
4295,8,17,110
4296,10,20,129
4297,2,6,47
4298,7,13,87
4299,2,5,38
4300,13,40,285
4301,6,13,77
4302,20,38,252
4303,12,29,180
4304,11,25,166
4305,9,27,185
4306,7,15,116
4307,4,14,104
4308,7,16,96
4309,17,36,246
4310,4,12,84
4311,5,5,22
4312,12,33,231
4313,6,13,81
4314,15,36,219
4315,7,16,104
4316,9,21,138
4317,5,15,93
4318,21,41,248
4319,0,2,21
4320,11,32,222
4321,9,22,143
4322,5,9,56
4323,16,32,186
4324,16,38,233
4325,7,13,71
4326,3,5,29
4327,10,23,138
4328,7,13,71
4329,4,5,30
4330,5,13,80
4331,5,10,56
4332,20,36,228
4333,6,19,148
4334,0,1,10
4335,7,16,91
4336,4,11,72
4337,6,13,89
4338,4,8,38
4339,8,13,76
4340,7,19,120
4341,13,30,154
4342,4,8,45
4343,7,15,85
4344,4,12,80
4345,1,5,42
4346,1,4,40
4347,5,15,110
4348,9,17,96
4349,7,26,170
4350,10,20,115
4351,4,14,91
4352,13,32,202
4353,11,21,121
4354,18,32,187
4355,10,21,122
4356,14,28,159
4357,13,31,173
4358,13,30,244
4359,0,1,7
4360,5,10,51
4361,13,28,161
4362,6,12,85
4363,3,7,37
4364,6,15,107
4365,5,18,111
4366,4,12,73
4367,3,6,28
4368,2,7,54
4369,2,4,17
4370,6,9,49
4371,6,18,106
4372,6,16,105
4373,3,7,48
4374,7,17,111
4375,8,15,74
4376,5,10,55
4377,7,18,110
4378,7,11,58
4379,12,24,170
4380,5,14,82
4381,8,19,132
4382,1,3,22
4383,8,18,112
4384,10,24,162
4385,17,32,214
4386,12,29,203
4387,19,34,217
4388,9,17,123
4389,13,28,178
4390,2,8,58
4391,15,30,179
4392,4,14,104
4393,10,18,144
4394,2,12,79
4395,1,5,29
4396,13,20,103
4397,9,14,92
4398,17,38,224
4399,10,23,154
4400,8,24,191
4401,16,37,209
4402,8,21,146
4403,6,14,102
4404,3,9,64
4405,1,8,51
4406,9,18,102
4407,11,21,130
4408,5,9,54
4409,4,13,77
4410,13,28,186
4411,8,15,90
4412,6,18,128
4413,6,12,66
4414,7,13,98
4415,2,11,80
4416,0,1,18
4417,4,11,94
4418,8,12,57
4419,13,25,138
4420,20,37,196
4421,8,16,84
4422,9,15,88
4423,6,17,101
4424,19,30,172
4425,0,2,18
4426,11,24,145
4427,5,12,73
4428,5,12,71
4429,15,28,159
4430,5,12,63
4431,3,8,64
4432,3,7,43
4433,9,17,107
4434,4,13,81
4435,10,24,144
4436,6,10,58
4437,6,11,70
4438,10,18,106
4439,3,8,48
4440,8,19,114
4441,7,14,93
4442,0,2,16
4443,10,16,86
4444,7,16,118
4445,11,26,164
4446,6,14,93
4447,2,4,32
4448,9,21,136
4449,2,7,46
4450,4,10,74
4451,14,25,172
4452,3,9,55
4453,10,21,164
4454,0,2,15
4455,5,11,81
4456,2,6,44
4457,8,21,144
4458,17,37,243
4459,9,21,127
4460,2,4,27
4461,7,15,106
4462,8,17,109
4463,11,17,92
4464,13,27,166
4465,2,4,34
4466,5,11,63
4467,10,19,101
4468,5,16,119
4469,6,14,91
4470,9,19,131
4471,11,33,226
4472,3,8,45
4473,5,11,72
4474,7,19,119
4475,4,6,34
4476,4,9,54
4477,5,12,72
4478,1,5,42
4479,7,13,69
4480,5,11,76
4481,3,7,47
4482,3,9,73
4483,3,16,112
4484,6,11,69
4485,2,10,71
4486,2,3,72
4487,6,12,68
4488,4,11,71
4489,6,13,83
4490,7,13,71
4491,6,19,132
4492,7,20,139
4493,4,9,58
4494,7,15,134
4495,3,9,56
4496,10,21,149
4497,7,19,118
4498,8,17,112
4499,6,13,67
4500,11,26,210
4501,5,11,89
4502,9,23,149
4503,5,9,58
4504,15,30,182
4505,5,20,150
4506,7,16,109
4507,15,33,231
4508,4,13,93
4509,4,12,88
4510,3,7,47
4511,6,16,113
4512,2,5,34
4513,6,15,101
4514,7,17,123
4515,2,9,62
4516,3,9,61
4517,5,11,72
4518,3,8,60
4519,13,26,172
4520,10,20,142
4521,4,9,66
4522,2,10,73
4523,14,34,202
4524,9,22,132
4525,5,20,141
4526,7,16,94
4527,5,9,58
4528,8,18,116
4529,2,4,25
4530,6,12,72
4531,4,13,81
4532,15,32,203
4533,6,9,54
4534,10,21,141
4535,6,12,68
4536,13,28,177
4537,2,6,48
4538,14,33,205
4539,4,10,66
4540,22,39,241
4541,18,37,245
4542,14,26,153
4543,14,26,171
4544,10,26,149
4545,11,25,165
4546,25,45,278
4547,12,24,134
4548,5,12,74
4549,11,23,129
4550,4,8,42
4551,12,24,145
4552,10,27,173
4553,5,12,78
4554,12,30,221
4555,3,8,48
4556,23,42,245
4557,12,26,171
4558,10,18,94
4559,12,26,157
4560,17,40,223
4561,12,33,200
4562,9,18,101
4563,15,32,207
4564,8,21,140
4565,10,22,159
4566,12,27,171
4567,11,24,162
4568,13,28,164
4569,7,15,101
4570,1,6,48
4571,14,25,141
4572,8,16,95
4573,9,21,141
4574,2,7,58
4575,1,8,64
4576,3,8,65
4577,2,7,61
4578,5,10,81
4579,11,26,172
4580,5,10,56
4581,17,32,201
4582,18,41,236
4583,5,9,51
4584,8,17,108
4585,6,9,47
4586,11,30,209
4587,10,23,153
4588,11,32,233
4589,11,24,163
4590,7,17,112
4591,10,33,280
4592,7,18,143
4593,10,21,132
4594,9,21,160
4595,7,18,122
4596,12,31,206
4597,5,16,133
4598,4,13,88
4599,10,22,146
4600,7,14,99
4601,15,27,164
4602,8,20,116
4603,8,16,112
4604,15,23,140
4605,11,21,126
4606,11,25,149
4607,3,7,43
4608,23,38,213
4609,6,13,75
4610,6,10,59
4611,6,8,47
4612,9,12,46
4613,18,40,236
4614,8,16,89
4615,17,32,183
4616,11,24,149
4617,7,17,110
4618,10,19,151
4619,10,24,155
4620,13,19,103
4621,12,27,170
4622,4,9,64
4623,10,22,137
4624,0,5,34
4625,10,20,126
4626,16,30,180
4627,7,18,128
4628,11,24,156
4629,12,23,151
4630,6,14,86
4631,5,9,55
4632,6,13,72
4633,23,57,342
4634,12,30,185
4635,10,22,131
4636,7,13,87
4637,12,28,163
4638,5,11,73
4639,18,38,224
4640,3,8,44
4641,10,21,132
4642,3,6,26
4643,10,29,192
4644,12,25,175
4645,7,19,135
4646,11,21,114
4647,8,13,67
4648,7,14,77
4649,2,7,44
4650,13,36,237
4651,11,23,158
4652,12,27,188
4653,2,5,38
4654,15,29,196
4655,0,6,43
4656,7,20,132
4657,8,15,89
4658,4,6,30
4659,5,12,76
4660,9,24,142
4661,6,12,75
4662,9,23,141
4663,5,14,108
4664,12,35,240
4665,2,7,37
4666,11,21,112
4667,14,40,289
4668,26,53,307
4669,2,7,40
4670,3,9,70
4671,9,21,148
4672,4,15,108
4673,1,3,17
4674,1,6,43
4675,7,19,128
4676,7,13,73
4677,17,32,185
4678,9,25,170
4679,9,23,190
4680,5,12,58
4681,11,21,122
4682,10,18,105
4683,9,17,90
4684,4,8,54
4685,4,8,55
4686,8,21,123
4687,13,22,120
4688,7,19,110
4689,2,6,38
4690,2,7,49
4691,6,10,50
4692,15,33,199
4693,3,6,37
4694,2,4,19
4695,5,12,75
4696,8,20,158
4697,13,27,156
4698,2,7,48
4699,13,29,179
4700,11,23,152
4701,19,42,251
4702,11,26,165
4703,12,29,201
4704,9,14,76
4705,2,8,54
4706,7,14,96
4707,9,23,160
4708,21,37,217
4709,10,19,131
4710,14,31,203
4711,3,10,79
4712,2,7,72
4713,6,12,80
4714,14,31,202
4715,5,8,45
4716,10,22,158
4717,8,19,114
4718,3,13,110
4719,8,17,96
4720,10,24,160
4721,1,4,22
4722,13,36,255
4723,14,32,218
4724,20,33,175
4725,10,21,117
4726,8,17,94
4727,0,4,30
4728,13,29,191
4729,12,18,97
4730,17,37,208
4731,7,20,154
4732,11,24,143
4733,14,29,195
4734,14,29,175
4735,11,25,142
4736,24,50,315
4737,12,25,167
4738,19,39,236
4739,8,15,103
4740,7,13,85
4741,11,24,156
4742,8,26,162
4743,6,14,82
4744,6,17,113
4745,26,51,326
4746,0,3,21
4747,10,23,161
4748,5,13,82
4749,19,37,217
4750,23,44,249
4751,7,20,137
4752,8,15,91
4753,4,11,60
4754,5,16,108
4755,5,15,97
4756,5,12,75
4757,2,4,17
4758,6,15,123
4759,11,24,183
4760,10,26,181
4761,2,9,89
4762,3,11,65
4763,4,11,74
4764,9,20,134
4765,17,32,180
4766,13,28,180
4767,21,42,310
4768,2,4,17
4769,0,3,28
4770,14,31,190
4771,14,23,131
4772,5,15,109
4773,9,25,157
4774,7,12,68
4775,19,39,229
4776,5,8,46
4777,5,8,53
4778,12,26,173
4779,9,18,108
4780,5,11,87
4781,16,29,159
4782,11,19,109
4783,7,15,93
4784,6,17,97
4785,8,16,92
4786,0,4,21
4787,6,15,83
4788,6,20,134
4789,10,16,94
4790,8,24,153
4791,7,17,102
4792,9,18,102
4793,7,13,63
4794,8,15,87
4795,10,24,134
4796,9,17,101
4797,16,29,166
4798,19,42,232
4799,3,9,46
4800,5,10,54
4801,5,15,107
4802,14,30,224
4803,28,55,357
4804,8,20,129
4805,15,34,197
4806,13,21,116
4807,8,28,193
4808,17,36,228
4809,8,16,117
4810,24,44,244
4811,2,7,58
4812,2,5,25
4813,6,18,133
4814,6,16,94
4815,3,7,39
4816,8,20,123
4817,11,26,166
4818,6,13,81
4819,7,14,101
4820,7,17,127
4821,14,26,159
4822,1,4,20
4823,0,2,16
4824,0,0,1
4825,5,14,78
4826,6,10,53
4827,5,10,69
4828,23,43,259
4829,6,11,57
4830,8,18,94
4831,11,17,104
4832,14,25,137
4833,13,25,149
4834,10,17,83
4835,5,10,67
4836,4,6,38
4837,3,7,38
4838,8,14,76
4839,15,32,177
4840,4,11,78
4841,6,17,98
4842,11,25,164
4843,11,16,87
4844,8,16,87
4845,8,12,56
4846,11,20,124
4847,11,22,128
4848,5,7,31
4849,9,14,70
4850,13,20,116
4851,3,4,26
4852,10,15,75
4853,9,22,148
4854,4,14,106
4855,8,10,45
4856,23,37,224
4857,11,16,87
4858,2,6,45
4859,6,9,54
4860,12,21,112
4861,5,11,77
4862,2,5,22
4863,13,33,196
4864,7,12,75
4865,8,16,104
4866,9,15,93
4867,12,26,166
4868,14,25,133
4869,6,14,84
4870,6,24,183
4871,7,14,77
4872,15,30,198
4873,18,37,193
4874,25,44,222
4875,9,19,110
4876,4,9,71
4877,6,11,56
4878,9,14,79
4879,6,17,108
4880,9,13,81
4881,5,12,84
4882,12,20,112
4883,17,32,172
4884,3,9,56
4885,0,2,19
4886,16,31,221
4887,21,44,265
4888,17,27,166
4889,16,31,193
4890,10,21,134
4891,3,14,96
4892,12,23,150
4893,12,22,134
4894,2,5,34
4895,8,18,102
4896,27,46,275
4897,6,16,97
4898,15,30,200
4899,22,50,279
4900,28,59,359
4901,18,32,188
4902,7,10,66
4903,24,42,224
4904,13,28,160
4905,17,39,244
4906,13,27,150
4907,12,40,283
4908,8,22,150
4909,20,43,279
4910,19,33,210
4911,14,31,164
4912,2,4,24
4913,0,0,1
4914,17,31,178
4915,21,43,245
4916,14,29,157
4917,8,17,100
4918,2,5,24
4919,6,17,98
4920,12,25,132
4921,9,17,85
4922,3,7,42
4923,5,9,54
4924,8,20,135
4925,2,4,33
4926,5,10,49
4927,12,26,175
4928,7,15,89
4929,4,10,85
4930,8,13,87
4931,10,21,129
4932,8,16,84
4933,9,21,132
4934,6,18,136
4935,4,7,34
4936,7,13,79
4937,8,14,78
4938,17,32,169
4939,4,6,29
4940,1,3,24
4941,7,19,115
4942,4,7,40
4943,6,16,94
4944,4,9,52
4945,7,19,151
4946,7,15,84
4947,8,17,107
4948,9,19,118
4949,7,19,113
4950,6,15,102
4951,8,20,129
4952,5,9,51
4953,3,6,41
4954,8,15,79
4955,10,22,119
4956,1,5,47
4957,6,12,72
4958,8,19,121
4959,3,7,29
4960,11,28,180
4961,4,9,55
4962,3,8,59
4963,8,16,103
4964,14,38,250
4965,10,20,126
4966,22,45,262
4967,10,18,115
4968,4,9,57
4969,11,22,118
4970,0,4,28
4971,7,18,115
4972,4,10,63
4973,11,26,170
4974,8,20,104
4975,2,5,39
4976,5,9,56
4977,14,28,181
4978,5,14,105
4979,3,9,62
4980,5,15,103
4981,13,25,141
4982,14,24,130
4983,16,33,185
4984,9,20,116
4985,13,28,166
4986,7,18,115
4987,9,17,86
4988,3,8,48
4989,7,18,121
4990,7,19,131
4991,1,4,25
4992,7,16,102
4993,11,16,83
4994,10,21,171
4995,4,11,102
4996,9,17,98
4997,13,33,217
4998,4,9,64
4999,0,0,3
5000,5,12,94
5001,0,0,3
5002,9,15,101
5003,0,0,3
5004,9,21,143
5005,0,0,3
5006,6,17,115
5007,0,0,3
5008,12,21,125
5009,5,9,55
5010,10,22,151
5011,19,33,200
5012,17,41,279
5013,4,7,36
5014,11,26,148
5015,7,14,83
5016,1,2,12
5017,18,37,221
5018,14,25,141
5019,7,13,83
5020,19,34,180
5021,1,5,25
5022,8,18,128
5023,18,34,211
5024,19,39,257
5025,12,20,113
5026,10,16,92
5027,19,32,168
5028,8,18,116
5029,15,34,218
5030,7,18,149
5031,6,14,89
5032,11,18,92
5033,5,15,104
5034,12,21,126
5035,1,3,16
5036,13,32,215
5037,1,5,37
5038,2,6,37
5039,13,26,167
5040,11,22,136
5041,12,29,189
5042,10,22,152
5043,7,17,127
5044,10,24,157
5045,4,7,46
5046,9,18,134
5047,7,18,122
5048,1,3,18
5049,10,24,151
5050,7,9,40
5051,3,12,83
5052,9,20,132
5053,9,20,130
5054,5,9,43
5055,7,14,96
5056,10,24,158
5057,10,21,122
5058,8,15,108
5059,13,26,148
5060,18,37,201
5061,0,1,9
5062,10,30,197
5063,13,27,166
5064,18,40,238
5065,3,5,41
5066,6,13,80
5067,8,17,113
5068,3,9,59
5069,6,15,105
5070,3,12,86
5071,9,17,113
5072,5,11,70
5073,6,18,127
5074,1,4,21
5075,10,21,146
5076,8,20,129
5077,7,12,82
5078,4,9,74
5079,14,31,212
5080,13,28,174
5081,11,24,146
5082,16,35,232
5083,18,35,208
5084,6,19,152
5085,4,8,59
5086,0,2,11
5087,4,11,82
5088,13,24,144
5089,13,27,156
5090,8,13,59
5091,14,28,170
5092,10,21,127
5093,17,41,234
5094,6,15,98
5095,2,6,42
5096,15,29,152
5097,4,12,72
5098,0,2,17
5099,14,38,251
5100,10,19,110
5101,8,13,63
5102,8,18,116
5103,10,22,138
5104,0,2,14
5105,7,18,123
5106,13,26,148
5107,12,26,175
5108,17,30,188
5109,7,14,75
5110,5,11,66
5111,7,22,148
5112,8,23,164
5113,7,14,89
5114,18,32,170
5115,13,30,204
5116,7,16,99
5117,14,22,113
5118,2,5,33
5119,5,12,69
5120,2,4,19
5121,20,39,208
5122,8,23,153
5123,8,23,145
5124,20,35,201
5125,12,27,178
5126,19,32,178
5127,14,38,256
5128,15,30,173
5129,7,19,122
5130,3,10,70
5131,3,7,44
5132,1,2,10
5133,9,24,154
5134,8,16,100
5135,6,11,68
5136,4,6,35
5137,11,21,133
5138,5,8,39
5139,11,25,165
5140,15,35,266
5141,7,14,108
5142,4,16,116
5143,7,15,102
5144,12,19,102
5145,6,17,116
5146,7,21,147
5147,2,4,22
5148,11,26,173
5149,14,31,191
5150,11,23,157
5151,7,16,96
5152,8,16,106
5153,7,20,129
5154,10,25,190
5155,8,17,146
5156,11,24,151
5157,4,13,112
5158,8,17,110
5159,4,16,101
5160,14,31,205
5161,10,27,194
5162,11,23,151
5163,12,27,175
5164,13,27,190
5165,2,4,17
5166,4,8,45
5167,6,12,62
5168,2,10,68
5169,10,23,134
5170,10,22,135
5171,15,31,171
5172,10,17,93
5173,21,35,216
5174,12,21,133
5175,8,11,60
5176,11,20,123
5177,2,4,20
5178,1,3,14
5179,11,28,192
5180,3,8,59
5181,9,18,128
5182,7,21,144
5183,6,15,110
5184,8,17,101
5185,15,27,175
5186,7,17,131
5187,10,17,106
5188,1,6,39
5189,16,34,215
5190,8,15,112
5191,6,13,82
5192,9,16,89
5193,0,2,27
5194,5,15,101
5195,9,25,169
5196,15,35,203
5197,2,4,28
5198,7,16,100
5199,15,28,170
5200,4,17,139
5201,5,11,83
5202,2,8,68
5203,16,34,221
5204,8,14,85
5205,6,15,119
5206,6,11,82
5207,16,37,226
5208,6,9,48
5209,7,15,101
5210,2,4,17
5211,8,19,107
5212,12,23,131
5213,11,26,156
5214,9,19,107
5215,14,33,240
5216,6,10,80
5217,5,15,98
5218,13,29,185
5219,7,16,103
5220,8,17,94
5221,7,18,113
5222,12,23,144
5223,1,4,19
5224,18,44,304
5225,26,50,293
5226,7,14,79
5227,9,22,146
5228,5,15,98
5229,5,15,92
5230,11,23,121
5231,9,20,136
5232,18,33,183
5233,12,27,142
5234,5,11,72
5235,8,27,179
5236,9,19,139
5237,16,26,151
5238,38,72,450
5239,1,3,29
5240,9,24,178
5241,3,4,17
5242,11,28,197
5243,26,49,320
5244,9,18,120
5245,8,13,75
5246,12,25,156
5247,8,12,64
5248,23,41,239
5249,15,29,192
5250,25,44,256
5251,13,22,125
5252,17,27,154
5253,17,41,273
5254,7,12,65
5255,9,20,122
5256,20,39,236
5257,3,5,25
5258,11,24,127
5259,5,7,41
5260,27,54,335
5261,10,21,127
5262,5,11,80
5263,11,26,186
5264,7,18,111
5265,5,10,70
5266,7,17,116
5267,2,8,72
5268,3,9,62
5269,4,11,83
5270,19,35,210
5271,5,14,110
5272,14,31,196
5273,2,5,35
5274,12,29,175
5275,8,20,148
5276,7,18,130
5277,19,43,266
5278,5,10,68
5279,3,6,38
5280,7,16,98
5281,0,1,20
5282,11,29,187
5283,8,12,79
5284,9,16,96
5285,12,24,152
5286,22,39,240
5287,8,16,94
5288,4,7,42
5289,10,24,154
5290,5,10,39
5291,8,18,112
5292,12,20,132
5293,1,3,17
5294,9,27,187
5295,19,45,307
5296,21,38,227
5297,16,42,279
5298,18,31,174
5299,19,35,192
5300,15,31,191
5301,30,59,365
5302,1,4,27
5303,5,14,102
5304,6,17,110
5305,9,21,123
5306,2,7,44
5307,5,16,103
5308,5,11,79
5309,19,37,240
5310,2,10,82
5311,18,39,253
5312,5,10,55
5313,3,7,67
5314,7,16,112
5315,10,22,142
5316,19,41,251
5317,18,32,192
5318,3,7,44
5319,1,8,78
5320,7,13,75
5321,11,20,114
5322,3,5,25
5323,8,17,111
5324,17,38,233
5325,18,38,239
5326,21,48,297
5327,3,6,30
5328,2,6,31
5329,10,23,143
5330,6,14,78
5331,3,9,55
5332,6,10,55
5333,3,5,30
5334,4,7,43
5335,10,21,129
5336,16,28,152
5337,17,27,143
5338,9,19,103
5339,9,22,121
5340,6,14,97
5341,7,14,84
5342,6,9,48
5343,5,15,102
5344,7,14,70
5345,9,12,80
5346,5,10,54
5347,4,9,47
5348,6,16,123
5349,1,5,42
5350,11,21,119
5351,15,33,223
5352,13,25,129
5353,4,7,43
5354,12,26,155
5355,24,42,228
5356,11,19,123
5357,8,17,94
5358,12,17,80
5359,1,4,28
5360,1,3,17
5361,1,4,26
5362,3,6,29
5363,6,11,59
5364,2,6,38
5365,5,12,66
5366,11,22,128
5367,3,6,29
5368,8,18,94
5369,8,15,81
5370,3,7,36
5371,11,24,128
5372,16,28,134
5373,7,15,91
5374,3,6,40
5375,17,29,153
5376,8,16,86
5377,10,20,105
5378,4,10,58
5379,1,3,23
5380,1,7,49
5381,8,16,94
5382,13,29,190
5383,0,1,19
5384,11,19,98
5385,3,8,60
5386,7,17,99
5387,7,14,89
5388,2,7,44
5389,5,14,84
5390,10,18,86
5391,11,20,98
5392,7,16,85
5393,8,15,85
5394,0,3,20
5395,2,8,53
5396,0,1,20
5397,8,15,78
5398,13,20,113
5399,0,1,12
5400,16,26,139
5401,21,41,210
5402,17,25,138
5403,27,47,256
5404,5,11,65
5405,1,2,11
5406,9,17,94
5407,2,3,25
5408,3,6,38
5409,17,29,142
5410,14,23,131
5411,8,12,61
5412,4,8,46
5413,11,24,165
5414,13,18,72
5415,3,5,31
5416,1,2,9
5417,1,2,17
5418,2,3,17
5419,0,1,13
5420,4,5,28
5421,15,22,130
5422,6,9,48
5423,11,20,115
5424,8,21,152
5425,7,10,51
5426,5,9,44
5427,11,19,106
5428,13,20,97
5429,3,4,36
5430,3,10,80
5431,3,7,37
5432,9,17,95
5433,6,9,40
5434,5,9,45
5435,3,6,30
5436,4,6,30
5437,11,24,139
5438,13,24,131
5439,11,21,136
5440,0,0,2
5441,21,36,188
5442,31,55,276
5443,10,16,83
5444,12,21,103
5445,11,20,97
5446,15,30,164
5447,4,8,51
5448,34,54,281
5449,12,20,118
5450,19,38,216
5451,9,15,71
5452,7,11,51
5453,14,24,123
5454,13,25,116
5455,4,8,46
5456,4,7,33
5457,8,15,77
5458,15,32,170
5459,4,13,83
5460,6,13,78
5461,6,10,50
5462,16,30,170
5463,5,10,57
5464,8,14,71
5465,9,16,80
5466,6,17,133
5467,16,33,205
5468,13,25,134
5469,7,15,89
5470,2,8,48
5471,6,10,68
5472,7,17,101
5473,9,19,131
5474,4,8,40
5475,10,20,117
5476,6,13,74
5477,8,15,71
5478,12,21,131
5479,5,13,62
5480,0,1,8
5481,18,30,157
5482,8,13,70
5483,14,25,182
5484,17,34,206
5485,2,6,35
5486,3,7,35
5487,1,4,28
5488,16,29,204
5489,5,13,87
5490,8,13,69
5491,21,51,301
5492,4,5,28
5493,4,4,21
5494,2,3,18
5495,0,2,19
5496,8,14,68
5497,10,21,123
5498,6,7,40
5499,1,3,26
5500,15,26,155
5501,5,8,46
5502,2,5,23
5503,2,3,17
5504,18,30,168
5505,13,20,98
5506,4,9,44
5507,0,0,2
5508,7,13,72
5509,17,34,212
5510,11,22,129
5511,8,18,104
5512,8,19,108
5513,11,20,106
5514,0,1,13
5515,1,2,10
5516,9,21,116
5517,4,6,25
5518,8,8,40
5519,2,3,23
5520,9,18,103
5521,4,6,32
5522,2,5,29
5523,6,8,36
5524,0,1,6
5525,8,26,164
5526,4,12,88
5527,9,23,143
5528,3,9,75
5529,6,10,52
5530,8,12,60
5531,14,29,164
5532,9,18,111
5533,6,10,51
5534,3,6,39
5535,11,18,109
5536,8,20,120
5537,12,25,159
5538,7,12,82
5539,7,15,94
5540,22,32,179
5541,5,10,59
5542,9,24,144
5543,6,14,77
5544,11,22,141
5545,6,14,85
5546,4,17,142
5547,4,10,56
5548,13,24,145
5549,5,10,55
5550,5,14,88
5551,6,14,88
5552,16,32,215
5553,10,18,99
5554,10,22,135
5555,13,28,174
5556,13,33,197
5557,4,7,39
5558,4,7,39
5559,7,14,87
5560,5,12,76
5561,8,13,72
5562,9,15,87
5563,7,15,115
5564,13,23,149
5565,9,22,133
5566,4,12,70
5567,7,17,109
5568,13,29,166
5569,5,12,61
5570,10,19,108
5571,4,10,68
5572,9,24,167
5573,10,23,141
5574,8,12,81
5575,7,11,68
5576,3,8,46
5577,6,15,91
5578,11,24,118
5579,6,15,98
5580,7,16,116
5581,10,21,130
5582,12,26,176
5583,15,35,200
5584,0,2,25
5585,10,24,139
5586,6,14,79
5587,4,11,68
5588,8,14,77
5589,12,24,143
5590,8,13,69
5591,7,14,85
5592,11,14,76
5593,0,3,14
5594,9,22,116
5595,11,22,127
5596,16,29,142
5597,10,17,95
5598,20,35,193
5599,12,23,132
5600,4,7,49
5601,8,15,79
5602,1,4,21
5603,0,0,1
5604,12,18,104
5605,2,5,30
5606,1,6,46
5607,5,9,47
5608,12,14,66
5609,8,11,57
5610,6,16,90
5611,9,17,106
5612,8,15,89
5613,10,14,70
5614,11,21,109
5615,4,8,61
5616,1,4,22
5617,0,0,1
5618,4,9,52
5619,3,4,20
5620,5,11,52
5621,10,15,71
5622,12,22,122
5623,5,9,54
5624,6,15,93
5625,5,7,46
5626,2,7,60
5627,6,9,51
5628,10,18,101
5629,8,15,83
5630,13,20,98
5631,12,21,110
5632,12,19,105
5633,18,43,233
5634,8,14,63
5635,9,16,100
5636,9,20,112
5637,17,33,183
5638,9,14,69
5639,6,8,39
5640,3,6,41
5641,6,14,79
5642,5,12,60
5643,11,16,86
5644,7,16,88
5645,14,26,148
5646,5,9,53
5647,6,13,82
5648,15,23,126
5649,4,7,38
5650,3,5,29
5651,1,3,22
5652,9,19,110
5653,5,10,53
5654,6,11,66
5655,5,7,37
5656,6,13,85
5657,18,31,165
5658,9,23,144
5659,1,2,11
5660,0,2,17
5661,0,0,4
5662,19,34,183
5663,6,8,38
5664,14,24,150
5665,7,8,41
5666,9,20,118
5667,4,10,59
5668,9,17,107
5669,14,23,103
5670,9,15,82
5671,3,6,48
5672,2,5,30
5673,5,12,75
5674,5,9,51
5675,8,15,81
5676,8,17,100
5677,7,15,78
5678,10,15,83
5679,3,5,32
5680,1,3,17
5681,5,13,82
5682,10,14,74
5683,11,19,108
5684,13,22,107
5685,11,17,80
5686,5,11,58
5687,4,7,53
5688,4,6,33
5689,2,10,64
5690,12,28,176
5691,0,1,16
5692,0,1,8
5693,1,13,100
5694,7,16,98
5695,11,22,117
5696,6,10,58
5697,3,6,38
5698,5,12,72
5699,0,1,6
5700,10,27,169
5701,8,17,92
5702,4,9,57
5703,7,17,117
5704,13,19,100
5705,6,15,85
5706,13,26,172
5707,11,24,135
5708,4,7,31
5709,10,23,155
5710,9,26,181
5711,12,24,147
5712,10,18,95
5713,15,37,224
5714,0,2,17
5715,10,29,219
5716,10,18,103
5717,8,18,104
5718,15,25,145
5719,13,31,185
5720,12,29,216
5721,3,6,30
5722,13,26,181
5723,7,17,120
5724,4,11,100
5725,3,6,32
5726,8,20,145
5727,0,0,1
5728,2,7,64
5729,0,0,1
5730,3,9,92
5731,0,0,1
5732,6,15,123
5733,7,23,172
5734,3,8,73
5735,15,37,241
5736,9,21,147
5737,8,20,142
5738,13,30,210
5739,5,20,152
5740,5,12,77
5741,4,13,104
5742,11,25,171
5743,4,12,98
5744,4,8,49
5745,14,27,179
5746,11,23,151
5747,5,13,87
5748,13,34,223
5749,10,16,106
5750,5,18,125
5751,7,13,75
5752,12,34,252
5753,8,24,162
5754,0,0,1
5755,8,26,227
5756,1,5,41
5757,7,18,138
5758,12,17,80
5759,4,7,35
5760,5,13,89
5761,8,17,99
5762,5,7,31
5763,13,27,184
5764,10,15,92
5765,15,41,267
5766,4,12,84
5767,1,3,20
5768,4,10,62
5769,14,31,197
5770,10,21,125
5771,11,22,127
5772,4,13,74
5773,8,21,146
5774,8,24,162
5775,3,11,72
5776,0,2,24
5777,0,0,1
5778,2,8,51
5779,6,18,113
5780,13,40,293
5781,3,7,39
5782,7,24,164
5783,10,20,141
5784,16,37,227
5785,9,25,171
5786,4,7,47
5787,3,7,37
5788,11,23,141
5789,12,25,172
5790,1,7,54
5791,7,17,106
5792,1,5,36
5793,12,31,203
5794,2,8,54
5795,6,12,72
5796,10,25,155
5797,13,28,171
5798,11,29,202
5799,7,15,93
5800,1,6,40
5801,1,9,88
5802,5,11,75
5803,5,8,52
5804,3,10,62
5805,10,24,147
5806,11,28,177
5807,7,20,141
5808,11,21,124
5809,9,21,124
5810,4,8,47
5811,4,11,65
5812,4,9,49
5813,17,39,275
5814,12,26,164
5815,18,36,220
5816,14,22,124
5817,23,42,288
5818,9,22,138
5819,13,22,119
5820,7,15,92
5821,6,12,78
5822,18,40,225
5823,11,21,117
5824,13,26,146
5825,9,29,228
5826,7,14,72
5827,7,16,87
5828,1,4,37
5829,0,12,85
5830,5,16,101
5831,8,16,82
5832,4,17,134
5833,11,30,200
5834,11,27,184
5835,6,18,107
5836,0,0,3
5837,5,14,78
5838,11,25,153
5839,0,0,3
5840,1,5,38
5841,0,0,3
5842,13,25,119
5843,0,0,3
5844,13,31,199
5845,0,0,3
5846,9,20,122
5847,0,0,3
5848,11,21,107
5849,12,32,212
5850,18,40,239
5851,4,10,74
5852,5,12,66
5853,8,15,90
5854,4,12,103
5855,6,14,105
5856,12,20,122
5857,9,16,97
5858,2,7,49
5859,7,12,64
5860,7,32,248
5861,3,10,55
5862,2,8,37
5863,0,1,10
5864,9,23,166
5865,22,43,286
5866,7,17,110
5867,25,47,299
5868,15,27,160
5869,2,3,10
5870,13,25,126
5871,8,26,193
5872,21,35,213
5873,9,21,124
5874,5,14,92
5875,16,30,155
5876,9,15,106
5877,6,11,69
5878,0,2,12
5879,5,13,92
5880,11,25,159
5881,6,15,97
5882,19,36,212
5883,2,10,62
5884,17,38,249
5885,16,28,166
5886,5,17,139
5887,11,22,139
5888,9,23,169
5889,10,28,224
5890,1,2,9
5891,28,52,292
5892,6,14,86
5893,5,16,101
5894,14,27,156
5895,16,31,182
5896,25,49,299
5897,7,17,121
5898,7,14,79
5899,10,18,96
5900,11,21,118
5901,3,4,22
5902,19,36,199
5903,0,2,15
5904,20,38,217
5905,2,5,28
5906,4,5,25
5907,1,2,11
5908,5,8,39
5909,5,9,50
5910,7,12,59
5911,3,6,31
5912,10,17,91
5913,6,14,73
5914,6,12,89
5915,0,0,1
5916,19,39,240
5917,7,17,104
5918,4,7,41
5919,8,14,79
5920,4,6,36
5921,19,40,245
5922,4,6,33
5923,11,29,195
5924,3,5,34
5925,0,2,19
5926,23,43,244
5927,8,17,120
5928,14,30,187
5929,11,19,104
5930,2,5,31
5931,12,27,164
5932,4,7,42
5933,22,60,396
5934,11,25,173
5935,5,13,82
5936,8,14,76
5937,3,9,55
5938,3,12,90
5939,2,6,39
5940,6,17,96
5941,2,8,52
5942,6,11,64
5943,3,10,60
5944,6,12,64
5945,0,2,13
5946,11,24,141
5947,6,15,105
5948,3,6,37
5949,10,29,163
5950,7,18,94
5951,5,13,84
5952,5,12,65
5953,7,14,81
5954,3,10,52
5955,2,7,47
5956,4,16,90
5957,1,3,17
5958,3,8,55
5959,8,16,76
5960,7,19,107
5961,5,12,63
5962,2,5,31
5963,6,18,114
5964,10,21,113
5965,10,18,108
5966,10,17,77
5967,11,24,137
5968,15,23,125
5969,4,8,36
5970,8,17,86
5971,4,12,84
5972,8,20,124
5973,7,14,77
5974,12,23,139
5975,5,13,94
5976,11,24,154
5977,18,35,218
5978,6,11,56
5979,11,19,99
5980,5,12,83
5981,1,2,9
5982,6,16,102
5983,0,1,7
5984,1,1,4
5985,10,19,102
5986,7,16,92
5987,0,2,11
5988,3,8,49
5989,0,1,7
5990,7,14,80
5991,6,10,49
5992,0,3,22
5993,3,8,49
5994,0,1,7
5995,5,15,125
5996,7,16,97
5997,1,3,18
5998,3,7,42
5999,0,1,7
6000,3,11,64
6001,1,3,23
6002,8,14,83
6003,0,1,7
6004,1,1,4
6005,2,4,20
6006,8,14,76
6007,9,15,78
6008,6,11,59
6009,7,16,102
6010,14,33,193
6011,3,14,92
6012,9,22,140
6013,5,7,45
6014,8,18,124
6015,2,10,73
6016,9,23,142
6017,8,34,245
6018,3,11,72
6019,5,15,104
6020,4,15,117
6021,4,12,96
6022,15,32,229
6023,4,11,89
6024,7,26,188
6025,7,23,147
6026,14,28,157
6027,11,20,150
6028,3,6,37
6029,4,27,204
6030,6,12,64
6031,5,11,70
6032,10,25,166
6033,6,18,111
6034,3,7,47
6035,17,35,241
6036,6,14,82
6037,18,35,208
6038,16,29,169
6039,17,37,186
6040,14,27,156
6041,13,25,151
6042,14,20,90
6043,3,6,34
6044,9,16,87
6045,9,17,98
6046,2,4,26
6047,2,5,36
6048,3,7,49
6049,8,13,63
6050,2,4,27
6051,4,9,40
6052,9,14,73
6053,2,4,23
6054,4,12,77
6055,3,10,71
6056,17,27,147
6057,11,15,80
6058,9,12,61
6059,4,5,50
6060,6,9,52
6061,4,7,44
6062,3,6,46
6063,9,13,64
6064,7,14,99
6065,10,16,86
6066,8,13,66
6067,10,19,105
6068,9,18,123
6069,6,9,51
6070,6,11,62
6071,10,16,85
6072,6,9,57
6073,0,3,22
6074,0,2,20
6075,5,9,52
6076,7,15,86
6077,12,21,120
6078,10,20,133
6079,5,13,63
6080,17,32,188
6081,20,32,179
6082,12,26,173
6083,18,36,178
6084,23,43,239
6085,0,1,14
6086,23,45,268
6087,5,9,56
6088,1,3,16
6089,8,12,60
6090,4,9,55
6091,1,3,19
6092,11,27,156
6093,8,16,88
6094,6,11,55
6095,6,10,53
6096,19,35,191
6097,7,17,94
6098,32,56,310
6099,0,1,18
6100,4,8,54
6101,7,13,75
6102,2,6,34
6103,19,31,156
6104,5,9,45
6105,7,10,48
6106,14,24,117
6107,1,4,24
6108,1,4,24
6109,13,20,74
6110,10,15,72
6111,6,12,74
6112,5,11,65
6113,4,12,64
6114,2,6,47
6115,3,5,34
6116,1,4,30
6117,1,2,20
6118,2,5,41
6119,6,10,60
6120,4,5,18
6121,2,3,12
6122,12,22,114
6123,12,29,181
6124,6,11,93
6125,11,20,106
6126,3,13,106
6127,4,6,45
6128,3,8,56
6129,3,8,57
6130,7,15,92
6131,13,26,159
6132,6,17,129
6133,5,13,79
6134,0,2,14
6135,10,24,131
6136,4,13,87
6137,16,32,199
6138,10,17,104
6139,9,21,142
6140,15,26,140
6141,10,19,105
6142,11,31,217
6143,13,32,192
6144,0,2,15
6145,9,23,160
6146,28,57,332
6147,13,27,171
6148,1,7,66
6149,5,13,87
6150,5,15,99
6151,12,20,114
6152,17,34,192
6153,25,48,291
6154,8,17,89
6155,5,12,60
6156,3,8,62
6157,11,17,93
6158,16,28,192
6159,14,29,177
6160,4,14,99
6161,13,23,136
6162,6,14,115
6163,10,25,162
6164,11,27,183
6165,6,10,58
6166,4,8,51
6167,10,20,113
6168,6,16,109
6169,4,12,89
6170,7,16,87
6171,5,8,47
6172,6,17,108
6173,3,4,25
6174,2,5,34
6175,6,10,56
6176,4,10,48
6177,2,4,24
6178,6,16,95
6179,2,15,108
6180,7,15,73
6181,6,10,59
6182,5,11,61
6183,15,33,207
6184,6,7,28
6185,4,7,54
6186,4,7,41
6187,19,33,182
6188,11,19,114
6189,3,12,84
6190,0,5,39
6191,6,12,77
6192,10,26,163
6193,4,10,61
6194,5,11,57
6195,5,12,78
6196,10,17,90
6197,8,22,168
6198,11,24,174
6199,10,21,131
6200,6,14,88
6201,8,13,60
6202,21,39,228
6203,12,25,163
6204,7,18,120
6205,5,13,96
6206,9,20,138
6207,7,18,111
6208,18,37,210
6209,17,31,187
6210,7,16,87
6211,38,78,515
6212,11,23,129
6213,12,22,122
6214,19,41,242
6215,11,27,176
6216,19,41,255
6217,18,28,163
6218,13,21,135
6219,10,18,91
6220,16,29,186
6221,1,2,17
6222,10,31,265
6223,0,0,3
6224,4,14,86
6225,0,0,3
6226,11,27,174
6227,0,0,3
6228,9,23,144
6229,0,0,3
6230,15,37,231
6231,0,0,3
6232,12,30,188
6233,0,0,3
6234,7,21,142
6235,17,32,179
6236,8,17,98
6237,11,21,134
6238,16,34,197
6239,12,20,109
6240,16,33,197
6241,14,27,153
6242,16,27,147
6243,7,13,63
6244,5,13,84
6245,2,9,73
6246,2,6,49
6247,13,25,153
6248,15,25,140
6249,9,16,94
6250,4,9,48
6251,4,9,50
6252,7,11,68
6253,11,19,98
6254,14,26,131
6255,10,23,133
6256,6,11,48
6257,15,29,165
6258,8,13,65
6259,11,20,105
6260,11,22,109
6261,5,12,80
6262,2,5,31
6263,13,22,124
6264,7,17,99
6265,6,14,83
6266,14,21,103
6267,11,19,95
6268,17,23,113
6269,2,7,33
6270,15,37,271
6271,7,14,70
6272,14,29,220
6273,9,15,87
6274,9,22,151
6275,12,20,105
6276,21,42,281
6277,5,12,92
6278,7,11,80
6279,11,25,151
6280,8,14,68
6281,4,8,42
6282,8,17,93
6283,5,10,66
6284,6,11,64
6285,12,22,120
6286,13,25,139
6287,10,16,85
6288,4,12,84
6289,14,27,143
6290,13,25,132
6291,8,18,108
6292,5,12,79
6293,11,26,185
6294,10,19,129
6295,9,24,147
6296,8,15,96
6297,9,23,161
6298,9,26,181
6299,1,3,17
6300,0,1,16
6301,13,26,170
6302,3,5,40
6303,12,26,173
6304,7,17,131
6305,9,16,89
6306,10,20,111
6307,0,2,18
6308,0,1,26
6309,5,19,144
6310,9,16,95
6311,12,30,165
6312,13,28,171
6313,20,47,282
6314,7,17,90
6315,2,5,26
6316,0,1,16
6317,6,8,45
6318,5,9,44
6319,9,28,152
6320,15,22,106
6321,12,18,101
6322,10,19,106
6323,6,14,80
6324,4,18,104
6325,8,14,73
6326,0,2,13
6327,0,1,16
6328,7,19,121
6329,7,18,117
6330,7,18,127
6331,1,3,18
6332,0,2,17
6333,5,13,82
6334,12,22,132
6335,9,14,76
6336,13,26,154
6337,15,24,130
6338,2,11,93
6339,0,2,14
6340,0,1,16
6341,13,24,131
6342,7,13,65
6343,16,26,150
6344,11,17,97
6345,14,26,149
6346,7,12,63
6347,9,15,90
6348,9,17,102
6349,7,16,96
6350,1,8,50
6351,6,9,50
6352,4,5,24
6353,12,22,111
6354,15,30,178
6355,23,39,191
6356,2,6,40
6357,0,1,16
6358,16,25,147
6359,2,10,85
6360,11,20,113
6361,11,23,146
6362,9,16,104
6363,10,20,127
6364,19,33,183
6365,22,42,269
6366,15,27,156
6367,1,3,24
6368,0,1,16
6369,22,48,338
6370,15,33,223
6371,32,68,463
6372,1,3,21
6373,0,1,20
6374,13,22,110
6375,12,24,140
6376,1,4,22
6377,0,1,16
6378,8,13,75
6379,7,21,160
6380,10,22,129
6381,8,13,73
6382,16,29,170
6383,1,3,15
6384,4,10,69
6385,0,1,19
6386,9,26,181
6387,9,20,138
6388,11,34,231
6389,12,29,186
6390,12,29,203
6391,2,8,56
6392,6,12,67
6393,12,26,181
6394,19,32,200
6395,9,20,139
6396,12,23,169
6397,3,11,102
6398,7,14,91
6399,0,2,20
6400,0,1,17
6401,8,16,107
6402,8,17,109
6403,5,8,50
6404,6,12,75
6405,5,11,71
6406,0,2,14
6407,0,2,22
6408,7,22,154
6409,5,9,48
6410,7,14,83
6411,8,16,91
6412,0,2,16
6413,0,1,19
6414,3,12,92
6415,8,27,208
6416,9,25,155
6417,3,7,39
6418,3,12,84
6419,2,4,26
6420,2,3,15
6421,12,32,218
6422,17,30,166
6423,10,19,134
6424,2,5,40
6425,7,13,77
6426,9,15,92
6427,6,14,113
6428,13,23,126
6429,10,17,92
6430,0,1,23
6431,2,3,15
6432,20,34,169
6433,15,27,165
6434,7,13,86
6435,14,24,135
6436,16,30,181
6437,18,33,175
6438,0,1,6
6439,2,3,15
6440,5,13,75
6441,4,8,42
6442,4,4,13
6443,9,15,69
6444,0,2,16
6445,2,3,15
6446,13,29,192
6447,11,25,144
6448,6,13,96
6449,3,5,35
6450,11,21,130
6451,7,13,94
6452,14,25,179
6453,0,3,20
6454,2,3,15
6455,23,44,245
6456,10,20,111
6457,10,23,144
6458,10,17,97
6459,2,4,22
6460,10,19,106
6461,13,23,126
6462,35,60,354
6463,14,26,141
6464,17,35,190
6465,2,5,41
6466,0,2,19
6467,2,3,15
6468,6,14,98
6469,7,15,86
6470,11,21,116
6471,11,20,102
6472,4,8,48
6473,0,2,20
6474,2,3,15
6475,4,10,49
6476,4,11,72
6477,14,26,129
6478,0,2,15
6479,2,3,15
6480,8,20,124
6481,6,8,41
6482,18,27,147
6483,7,18,104
6484,18,34,195
6485,0,2,16
6486,2,3,15
6487,9,19,93
6488,11,24,129
6489,2,8,39
6490,3,4,24
6491,0,3,20
6492,11,23,133
6493,13,25,151
6494,7,17,105
6495,7,14,78
6496,16,25,133
6497,7,17,99
6498,11,22,120
6499,14,27,180
6500,16,38,261
6501,1,3,17
6502,7,15,100
6503,8,18,99
6504,0,0,3
6505,4,11,76
6506,5,7,39
6507,2,6,37
6508,6,12,72
6509,12,20,122
6510,0,0,3
6511,7,17,117
6512,5,8,38
6513,9,21,111
6514,0,0,3
6515,8,15,93
6516,13,23,138
6517,3,8,41
6518,0,0,3
6519,4,14,104
6520,13,32,223
6521,8,19,130
6522,26,49,264
6523,1,3,18
6524,11,22,146
6525,14,29,151
6526,20,35,191
6527,25,46,236
6528,9,22,148
6529,0,2,14
6530,5,10,55
6531,3,8,53
6532,6,10,69
6533,3,9,54
6534,3,8,54
6535,12,19,86
6536,7,15,97
6537,7,18,119
6538,7,15,88
6539,5,11,63
6540,11,20,100
6541,4,13,81
6542,7,20,116
6543,1,4,28
6544,12,31,188
6545,2,4,21
6546,2,8,52
6547,4,8,37
6548,11,30,183
6549,5,14,88
6550,14,32,232
6551,9,21,124
6552,8,13,72
6553,9,19,116
6554,10,18,105
6555,11,19,99
6556,7,14,82
6557,5,12,66
6558,9,19,105
6559,5,12,71
6560,8,18,102
6561,0,2,18
6562,5,12,78
6563,5,11,59
6564,18,35,212
6565,12,26,156
6566,4,15,104
6567,3,11,75
6568,9,18,108
6569,7,19,125
6570,13,30,179
6571,8,21,130
6572,0,2,24
6573,4,8,37
6574,12,27,185
6575,8,11,54
6576,9,17,124
6577,6,12,62
6578,0,2,29
6579,5,12,80
6580,0,1,16
6581,9,17,103
6582,0,1,17
6583,28,51,288
6584,8,14,94
6585,29,55,327
6586,35,63,402
6587,1,4,24
6588,0,8,56
6589,4,8,37
6590,17,32,205
6591,15,33,208
6592,19,42,251
6593,9,16,85
6594,16,32,180
6595,17,34,231
6596,11,20,121
6597,15,32,177
6598,24,57,331
6599,13,26,161
6600,1,4,26
6601,4,8,37
6602,14,33,229
6603,13,26,145
6604,6,17,138
6605,4,10,71
6606,6,15,103
6607,0,3,24
6608,4,8,37
6609,9,18,91
6610,8,17,97
6611,15,25,131
6612,6,15,98
6613,9,18,147
6614,16,32,205
6615,0,1,19
6616,2,3,15
6617,6,11,86
6618,14,24,113
6619,5,7,41
6620,0,3,25
6621,2,3,15
6622,4,11,77
6623,4,13,77
6624,5,8,37
6625,12,23,131
6626,8,15,81
6627,6,15,95
6628,1,4,29
6629,3,10,74
6630,10,25,155
6631,3,9,61
6632,6,12,70
6633,1,3,17
6634,2,3,15
6635,10,21,142
6636,11,20,113
6637,4,11,75
6638,7,14,78
6639,11,22,135
6640,11,19,102
6641,5,11,68
6642,4,11,62
6643,9,12,67
6644,1,6,38
6645,2,3,15
6646,15,38,234
6647,13,27,162
6648,15,30,175
6649,0,2,15
6650,2,3,15
6651,7,14,80
6652,11,18,109
6653,6,11,60
6654,15,34,216
6655,7,16,104
6656,18,32,201
6657,0,3,19
6658,2,3,15
6659,7,17,91
6660,0,2,14
6661,4,6,31
6662,9,20,130
6663,6,18,117
6664,1,3,22
6665,6,13,66
6666,0,3,18
6667,4,6,31
6668,16,25,140
6669,6,14,81
6670,7,19,115
6671,3,8,44
6672,3,8,42
6673,11,24,135
6674,3,4,19
6675,4,6,31
6676,10,23,157
6677,10,20,105
6678,8,16,95
6679,7,13,78
6680,0,2,10
6681,4,6,31
6682,9,20,106
6683,8,16,100
6684,9,17,101
6685,15,29,163
6686,21,38,199
6687,4,8,42
6688,4,9,43
6689,2,3,18
6690,4,6,31
6691,5,15,91
6692,3,8,46
6693,3,4,15
6694,4,6,31
6695,11,26,147
6696,15,25,113
6697,13,19,90
6698,1,3,19
6699,4,6,31
6700,12,24,129
6701,7,9,53
6702,12,20,102
6703,4,10,53
6704,1,2,15
6705,4,6,31
6706,10,19,95
6707,5,14,82
6708,8,21,137
6709,12,27,162
6710,7,17,96
6711,5,7,49
6712,0,2,15
6713,4,6,31
6714,14,33,207
6715,15,31,198
6716,7,21,155
6717,16,32,209
6718,12,22,139
6719,14,25,126
6720,10,19,110
6721,1,3,20
6722,4,6,31
6723,10,26,173
6724,13,26,165
6725,0,0,6
6726,4,9,56
6727,0,5,36
6728,4,6,31
6729,3,9,80
6730,0,6,64
6731,6,13,78
6732,5,12,66
6733,19,30,156
6734,5,12,78
6735,10,17,87
6736,12,27,151
6737,4,8,57
6738,2,9,46
6739,0,0,5
6740,6,13,79
6741,0,0,5
6742,4,13,89
6743,9,26,169
6744,0,0,5
6745,9,24,172
6746,1,4,29
6747,4,6,31
6748,3,10,65
6749,0,5,38
6750,0,0,3
6751,7,14,78
6752,6,10,55
6753,3,9,49
6754,3,10,54
6755,8,16,96
6756,12,24,153
6757,15,32,179
6758,5,9,51
6759,0,3,25
6760,11,21,125
6761,7,11,57
6762,7,12,65
6763,3,5,29
6764,5,8,51
6765,3,11,71
6766,5,11,67
6767,2,4,28
6768,9,18,107
6769,7,18,147
6770,1,2,11
6771,7,26,138
6772,17,34,191
6773,1,3,22
6774,2,5,31
6775,14,30,165
6776,10,26,145
6777,11,24,134
6778,11,17,85
6779,2,2,26
6780,4,6,31
6781,8,14,77
6782,7,13,91
6783,6,10,51
6784,10,15,72
6785,11,22,162
6786,46,80,461
6787,5,9,65
6788,0,6,44
6789,2,3,15
6790,12,25,148
6791,7,17,118
6792,10,23,159
6793,9,16,112
6794,10,19,125
6795,9,20,135
6796,14,32,216
6797,16,27,171
6798,0,3,21
6799,10,20,115
6800,10,19,127
6801,6,10,67
6802,8,22,158
6803,6,18,118
6804,13,23,129
6805,10,15,90
6806,2,6,51
6807,20,34,185
6808,12,24,165
6809,6,15,100
6810,2,9,60
6811,4,9,67
6812,9,15,97
6813,19,36,197
6814,12,25,141
6815,17,39,248
6816,13,24,151
6817,4,8,49
6818,3,6,34
6819,12,23,142
6820,10,18,109
6821,14,27,169
6822,8,16,99
6823,7,15,96
6824,14,28,176
6825,7,15,89
6826,9,26,186
6827,12,22,112
6828,1,3,14
6829,9,20,113
6830,9,14,75
6831,10,19,120
6832,5,13,84
6833,6,16,120
6834,18,33,221
6835,4,14,103
6836,4,12,73
6837,26,60,367
6838,4,7,47
6839,6,14,86
6840,5,13,98
6841,16,34,217
6842,12,21,114
6843,4,6,32
6844,11,20,104
6845,9,24,155
6846,7,11,54
6847,14,26,169
6848,8,16,90
6849,11,18,99
6850,0,1,7
6851,12,25,153
6852,6,11,62
6853,15,38,225
6854,9,16,100
6855,13,21,106
6856,4,10,78
6857,7,17,126
6858,3,10,75
6859,8,21,130
6860,2,7,45
6861,4,9,51
6862,12,27,167
6863,6,10,61
6864,3,4,26
6865,14,26,125
6866,12,23,146
6867,4,10,59
6868,12,26,175
6869,7,13,57
6870,5,14,86
6871,1,4,16
6872,22,41,256
6873,14,31,178
6874,14,28,174
6875,14,22,124
6876,19,38,257
6877,5,11,76
6878,16,27,157
6879,9,20,120
6880,10,20,128
6881,4,9,62
6882,7,16,90
6883,7,15,101
6884,4,7,38
6885,10,21,136
6886,15,27,151
6887,2,4,20
6888,0,0,1
6889,9,18,96
6890,11,20,127
6891,3,8,65
6892,3,8,55
6893,7,22,165
6894,13,32,217
6895,8,23,159
6896,10,26,162
6897,9,19,114
6898,6,14,111
6899,10,19,100
6900,6,12,72
6901,2,5,33
6902,4,5,23
6903,5,12,81
6904,3,7,39
6905,4,10,70
6906,8,18,100
6907,10,16,82
6908,15,33,211
6909,15,23,133
6910,6,14,106
6911,6,10,56
6912,4,10,56
6913,19,43,278
6914,19,38,206
6915,11,23,129
6916,9,16,87
6917,9,24,145
6918,10,20,140
6919,9,18,120
6920,6,14,78
6921,9,21,144
6922,20,43,276
6923,6,15,108
6924,3,5,23
6925,29,56,328
6926,19,34,206
6927,14,31,215
6928,6,17,126
6929,33,62,357
6930,13,27,183
6931,17,32,196
6932,21,36,224
6933,12,21,120
6934,3,10,63
6935,10,22,137
6936,17,37,231
6937,8,16,102
6938,5,12,81
6939,10,27,166
6940,10,19,106
6941,17,36,217
6942,7,13,83
6943,9,18,97
6944,8,14,90
6945,20,37,228
6946,3,10,82
6947,3,4,35
6948,11,29,218
6949,18,45,298
6950,2,5,31
6951,11,19,114
6952,8,19,139
6953,13,20,111
6954,19,48,305
6955,17,35,209
6956,14,23,135
6957,21,44,269
6958,16,37,245
6959,10,21,127
6960,25,50,314
6961,12,28,165
6962,15,39,300
6963,9,14,88
6964,14,29,177
6965,11,27,185
6966,17,36,226
6967,9,18,121
6968,12,26,159
6969,6,16,99
6970,12,28,185
6971,6,9,38
6972,11,21,121
6973,10,25,152
6974,18,29,159
6975,13,25,137
6976,17,29,159
6977,2,5,35
6978,15,31,171
6979,3,6,32
6980,19,38,227
6981,7,13,80
6982,14,33,206
6983,10,25,177
6984,11,32,195
6985,15,29,189
6986,0,3,26
6987,12,27,145
6988,5,10,62
6989,5,9,41
6990,12,26,157
6991,8,20,131
6992,8,17,115
6993,12,25,145
6994,9,20,119
6995,3,7,36
6996,12,26,162
6997,3,7,44
6998,7,9,48
6999,7,14,81
7000,8,20,137
7001,8,22,154
7002,6,20,145
7003,7,18,99
7004,14,22,123
7005,6,10,54
7006,7,11,72
7007,5,7,40
7008,15,35,200
7009,8,15,91
7010,9,21,140
7011,17,35,215
7012,24,41,232
7013,18,35,200
7014,23,48,282
7015,17,39,231
7016,10,21,133
7017,13,26,176
7018,11,22,138
7019,5,8,48
7020,13,25,158
7021,16,26,141
7022,13,25,144
7023,8,17,90
7024,13,20,105
7025,4,11,65
7026,0,2,16
7027,13,31,210
7028,5,13,74
7029,14,26,149
7030,10,17,99
7031,14,25,142
7032,9,22,130
7033,12,26,150
7034,13,31,187
7035,5,15,116
7036,13,25,121
7037,13,30,171
7038,12,22,140
7039,8,25,172
7040,7,25,168
7041,5,13,88
7042,12,31,209
7043,12,21,117
7044,18,43,274
7045,5,9,52
7046,1,3,18
7047,6,20,148
7048,24,42,237
7049,10,23,145
7050,6,13,91
7051,23,49,308
7052,10,20,136
7053,4,9,51
7054,13,30,214
7055,7,19,137
7056,9,22,143
7057,9,20,158
7058,17,32,191
7059,11,22,155
7060,9,18,126
7061,6,12,63
7062,1,3,16
7063,10,26,204
7064,14,29,190
7065,1,5,42
7066,15,38,269
7067,6,13,97
7068,12,30,213
7069,12,21,160
7070,7,15,93
7071,21,42,276
7072,9,23,152
7073,6,11,67
7074,5,13,107
7075,12,26,164
7076,19,38,240
7077,27,54,350
7078,8,18,116
7079,7,15,92
7080,5,10,56
7081,7,11,73
7082,14,29,178
7083,7,17,127
7084,10,12,55
7085,15,29,196
7086,17,24,130
7087,1,2,11
7088,4,9,55
7089,8,17,92
7090,4,11,85
7091,15,26,151
7092,7,12,60
7093,4,10,68
7094,3,8,50
7095,24,43,254
7096,21,34,190
7097,8,14,83
7098,8,11,63
7099,0,2,13
7100,3,5,30
7101,5,11,64
7102,12,26,153
7103,0,3,30
7104,3,5,35
7105,5,11,63
7106,0,3,18
7107,10,21,132
7108,0,1,9
7109,0,1,12
7110,0,1,10
7111,11,22,113
7112,3,5,25
7113,8,22,131
7114,6,20,139
7115,3,10,77
7116,7,13,76
7117,7,18,120
7118,6,11,72
7119,6,13,83
7120,10,20,135
7121,11,20,116
7122,6,9,49
7123,2,6,46
7124,3,4,21
7125,2,5,49
7126,4,7,40
7127,15,27,144
7128,12,21,128
7129,4,10,65
7130,6,9,55
7131,4,7,40
7132,6,17,112
7133,6,13,86
7134,3,6,35
7135,14,19,95
7136,13,23,143
7137,4,6,35
7138,9,16,100
7139,11,30,225
7140,2,5,29
7141,3,9,55
7142,3,8,72
7143,4,13,92
7144,9,15,72
7145,5,9,50
7146,2,9,53
7147,8,19,126
7148,7,17,99
7149,4,9,51
7150,6,13,78
7151,6,13,82
7152,5,7,34
7153,4,12,93
7154,7,16,105
7155,15,32,175
7156,5,9,58
7157,13,21,119
7158,14,23,125
7159,7,10,60
7160,6,14,90
7161,10,18,96
7162,9,16,96
7163,5,9,45
7164,9,21,133
7165,2,6,38
7166,7,12,60
7167,1,3,19
7168,3,8,69
7169,15,30,176
7170,8,17,85
7171,7,16,90
7172,8,14,70
7173,8,11,56
7174,3,11,58
7175,8,20,133
7176,26,49,325
7177,7,13,80
7178,9,16,90
7179,12,24,143
7180,5,8,43
7181,4,7,35
7182,5,11,89
7183,12,28,168
7184,6,11,58
7185,2,7,48
7186,5,12,106
7187,2,4,23
7188,15,30,187
7189,9,18,105
7190,4,8,54
7191,11,18,109
7192,4,7,41
7193,5,10,53
7194,7,15,76
7195,7,16,102
7196,10,22,154
7197,0,0,1
7198,13,25,126
7199,9,13,75
7200,16,37,202
7201,6,13,134
7202,21,38,229
7203,10,26,192
7204,2,4,48
7205,14,23,139
7206,12,21,140
7207,2,4,18
7208,20,38,237
7209,12,31,253
7210,4,11,64
7211,11,20,119
7212,8,15,84
7213,0,1,8
7214,1,2,15
7215,12,23,126
7216,6,11,64
7217,7,11,57
7218,5,10,64
7219,6,19,128
7220,1,3,18
7221,13,26,137
7222,3,9,55
7223,4,13,100
7224,4,11,60
7225,9,25,194
7226,10,22,147
7227,1,5,37
7228,2,7,53
7229,14,27,160
7230,9,26,162
7231,9,21,147
7232,9,24,159
7233,1,3,13
7234,5,11,76
7235,7,17,100
7236,12,24,149
7237,7,17,109
7238,8,14,99
7239,12,20,103
7240,11,25,145
7241,8,22,155
7242,4,7,42
7243,6,13,110
7244,8,25,172
7245,5,11,74
7246,0,1,10
7247,1,3,17
7248,5,7,39
7249,3,5,32
7250,19,47,302
7251,2,5,29
7252,13,31,210
7253,8,21,160
7254,1,5,40
7255,8,18,125
7256,6,18,105
7257,9,25,185
7258,6,13,72
7259,2,4,36
7260,16,34,186
7261,1,3,22
7262,10,21,134
7263,8,17,103
7264,18,41,261
7265,10,29,190
7266,7,21,135
7267,4,5,23
7268,2,4,27
7269,4,8,48
7270,13,29,196
7271,6,13,88
7272,14,24,151
7273,1,3,17
7274,9,21,132
7275,5,16,101
7276,10,26,165
7277,5,12,68
7278,7,12,57
7279,16,30,189
7280,10,20,118
7281,1,3,25
7282,12,38,238
7283,4,10,76
7284,19,41,236
7285,9,16,81
7286,18,41,247
7287,10,21,120
7288,8,21,143
7289,12,24,140
7290,25,50,308
7291,11,16,80
7292,9,21,130
7293,1,4,24
7294,11,21,133
7295,3,9,52
7296,12,28,184
7297,3,11,88
7298,8,15,91
7299,14,31,176
7300,2,6,47
7301,3,13,128
7302,7,15,91
7303,18,35,194
7304,2,3,19
7305,10,23,142
7306,10,20,114
7307,10,19,106
7308,5,8,37
7309,11,23,154
7310,14,26,168
7311,10,18,108
7312,7,16,101
7313,17,31,181
7314,7,20,137
7315,5,16,115
7316,11,17,83
7317,0,2,22
7318,22,39,217
7319,10,18,95
7320,13,30,216
7321,17,35,207
7322,21,39,254
7323,31,64,432
7324,19,38,242
7325,22,43,281
7326,32,59,373
7327,13,29,177
7328,2,6,45
7329,7,13,70
7330,9,20,119
7331,13,28,224
7332,10,23,128
7333,26,50,286
7334,17,31,183
7335,5,9,59
7336,10,22,156
7337,14,27,163
7338,5,12,81
7339,22,43,285
7340,2,7,53
7341,8,11,69
7342,9,17,111
7343,9,16,87
7344,23,51,368
7345,11,25,159
7346,10,16,104
7347,25,41,224
7348,30,60,395
7349,11,21,139
7350,0,2,18
7351,18,39,227
7352,15,30,174
7353,11,24,171
7354,10,19,144
7355,17,35,282
7356,29,56,381
7357,12,25,161
7358,15,33,211
7359,10,16,90
7360,7,14,76
7361,3,4,26
7362,15,32,230
7363,11,16,104
7364,20,41,239
7365,8,17,102
7366,11,23,149
7367,13,27,165
7368,13,36,230
7369,5,9,61
7370,12,26,209
7371,6,7,30
7372,17,31,195
7373,24,54,348
7374,9,17,128
7375,5,13,80
7376,16,26,136
7377,4,7,41
7378,13,29,184
7379,2,8,43
7380,10,27,167
7381,9,22,157
7382,6,17,98
7383,6,9,51
7384,9,18,122
7385,13,24,147
7386,7,23,161
7387,5,17,119
7388,20,53,366
7389,13,30,183
7390,5,12,83
7391,6,13,84
7392,14,33,189
7393,7,15,89
7394,6,11,69
7395,7,14,78
7396,3,11,72
7397,6,13,86
7398,5,13,92
7399,9,19,130
7400,15,27,186
7401,1,3,19
7402,6,15,94
7403,6,8,49
7404,13,30,196
7405,3,5,26
7406,9,14,72
7407,3,6,44
7408,5,11,79
7409,5,7,36
7410,9,20,109
7411,11,21,113
7412,9,19,125
7413,5,13,81
7414,8,14,73
7415,15,28,151
7416,12,23,122
7417,19,30,165
7418,1,3,18
7419,17,37,248
7420,20,29,167
7421,11,24,143
7422,16,27,142
7423,3,5,24
7424,8,17,116
7425,10,19,116
7426,18,39,247
7427,19,30,166
7428,19,31,204
7429,9,21,132
7430,21,41,265
7431,4,11,98
7432,12,28,186
7433,16,37,228
7434,11,17,88
7435,6,15,104
7436,6,13,73
7437,3,11,90
7438,26,56,367
7439,7,20,129
7440,11,21,134
7441,10,14,69
7442,3,7,50
7443,12,26,172
7444,14,26,152
7445,0,0,8
7446,0,2,20
7447,17,39,250
7448,3,5,24
7449,13,25,149
7450,8,17,96
7451,25,48,284
7452,11,24,151
7453,12,24,140
7454,13,24,149
7455,16,28,149
7456,4,7,40
7457,13,27,189
7458,8,15,86
7459,9,18,96
7460,14,22,116
7461,9,17,104
7462,29,61,339
7463,1,4,29
7464,7,18,119
7465,3,5,25
7466,20,38,243
7467,8,14,84
7468,23,47,276
7469,0,3,20
7470,6,17,123
7471,2,4,45
7472,19,47,333
7473,2,5,27
7474,7,12,74
7475,15,35,254
7476,21,38,226
7477,15,24,142
7478,7,16,99
7479,5,11,58
7480,5,12,61
7481,0,3,26
7482,0,6,47
7483,4,17,119
7484,4,15,94
7485,9,15,88
7486,3,8,52
7487,4,13,87
7488,3,6,45
7489,4,13,86
7490,8,14,70
7491,3,5,34
7492,5,11,77
7493,1,2,10
7494,14,27,163
7495,1,3,25
7496,0,2,18
7497,10,15,88
7498,0,0,3
7499,0,2,19
7500,3,6,59
7501,0,0,3
7502,0,2,26
7503,6,11,66
7504,0,0,3
7505,0,2,23
7506,2,6,60
7507,1,5,44
7508,2,3,39
7509,0,0,3
7510,0,4,48
7511,21,50,344
7512,8,20,129
7513,0,1,13
7514,20,36,225
7515,7,16,95
7516,24,37,194
7517,6,11,68
7518,3,7,61
7519,4,8,48
7520,8,19,114
7521,8,14,90
7522,2,6,38
7523,8,13,62
7524,5,11,83
7525,8,16,107
7526,11,19,112
7527,10,23,151
7528,9,17,108
7529,3,6,38
7530,8,18,104
7531,3,8,69
7532,6,16,95
7533,16,29,168
7534,9,20,133
7535,12,27,163
7536,0,2,22
7537,8,20,118
7538,15,28,153
7539,8,22,135
7540,1,3,14
7541,6,14,108
7542,18,42,283
7543,6,9,48
7544,5,11,74
7545,4,9,68
7546,3,10,63
7547,3,5,33
7548,18,35,202
7549,5,10,65
7550,8,18,112
7551,7,15,85
7552,19,39,241
7553,7,10,59
7554,30,52,280
7555,17,30,179
7556,0,3,28
7557,11,28,169
7558,13,26,149
7559,8,16,109
7560,7,10,55
7561,10,18,109
7562,8,13,104
7563,10,18,113
7564,19,36,199
7565,10,17,116
7566,5,12,85
7567,17,45,285
7568,15,22,117
7569,10,15,75
7570,10,14,71
7571,3,4,22
7572,16,25,139
7573,22,34,206
7574,5,7,49
7575,3,5,27
7576,11,23,139
7577,0,1,18
7578,4,6,39
7579,15,24,122
7580,17,31,187
7581,12,22,119
7582,6,11,61
7583,16,26,143
7584,12,28,171
7585,7,14,82
7586,12,21,111
7587,15,28,163
7588,13,26,142
7589,2,5,31
7590,5,10,70
7591,10,17,97
7592,16,26,123
7593,6,11,75
7594,12,23,132
7595,2,6,31
7596,15,37,244
7597,0,2,10
7598,14,26,131
7599,11,24,160
7600,7,12,52
7601,5,9,46
7602,18,33,205
7603,3,12,93
7604,10,18,98
7605,8,15,86
7606,19,36,231
7607,11,19,114
7608,18,41,265
7609,6,14,90
7610,13,36,277
7611,6,11,68
7612,5,15,117
7613,0,1,13
7614,10,23,172
7615,5,9,50
7616,10,17,83
7617,8,19,135
7618,6,11,60
7619,8,14,64
7620,13,28,169
7621,8,13,63
7622,26,57,375
7623,8,15,95
7624,11,18,103
7625,8,15,95
7626,8,17,93
7627,9,15,72
7628,8,26,182
7629,5,9,49
7630,2,6,36
7631,13,26,156
7632,7,12,71
7633,10,28,188
7634,7,21,157
7635,12,25,146
7636,0,3,20
7637,13,28,184
7638,1,8,66
7639,6,17,149
7640,5,8,83
7641,0,3,23
7642,7,20,128
7643,5,14,92
7644,6,18,102
7645,3,7,37
7646,21,36,210
7647,10,19,105
7648,20,41,244
7649,3,4,16
7650,2,10,74
7651,5,15,94
7652,10,15,74
7653,3,10,75
7654,2,4,23
7655,1,3,17
7656,7,21,131
7657,2,6,39
7658,2,3,15
7659,12,26,152
7660,6,9,42
7661,3,4,23
7662,4,13,98
7663,5,9,62
7664,6,11,56
7665,2,7,50
7666,4,7,40
7667,4,12,75
7668,6,15,94
7669,6,7,33
7670,15,33,194
7671,2,6,46
7672,8,25,209
7673,7,17,127
7674,3,5,28
7675,8,16,127
7676,14,44,296
7677,3,11,72
7678,8,13,75
7679,8,14,72
7680,12,26,148
7681,5,10,63
7682,2,8,55
7683,7,22,163
7684,2,3,17
7685,10,23,149
7686,16,31,190
7687,10,19,110
7688,6,10,51
7689,1,3,19
7690,2,3,15
7691,10,18,99
7692,6,13,71
7693,4,11,61
7694,5,12,72
7695,10,21,147
7696,7,23,139
7697,5,7,34
7698,9,25,162
7699,5,12,86
7700,8,19,123
7701,9,22,132
7702,4,9,58
7703,4,8,42
7704,11,27,157
7705,6,12,81
7706,9,13,55
7707,7,10,51
7708,7,18,94
7709,3,5,26
7710,18,30,161
7711,3,11,75
7712,5,10,56
7713,4,8,50
7714,15,27,161
7715,11,26,151
7716,15,28,148
7717,5,9,50
7718,17,40,277
7719,19,39,306
7720,20,43,262
7721,25,50,349
7722,9,13,77
7723,4,11,88
7724,12,28,170
7725,13,27,187
7726,11,20,135
7727,6,10,64
7728,9,17,101
7729,7,20,144
7730,14,25,148
7731,10,21,133
7732,19,32,164
7733,14,29,162
7734,11,24,159
7735,20,39,237
7736,11,24,151
7737,16,29,154
7738,14,29,191
7739,10,17,117
7740,10,22,118
7741,0,8,69
7742,22,43,235
7743,8,16,95
7744,9,25,163
7745,12,28,196
7746,14,31,171
7747,9,21,131
7748,10,18,107
7749,5,17,120
7750,8,14,79
7751,4,24,176
7752,3,8,41
7753,2,9,63
7754,3,9,54
7755,0,0,1
7756,11,23,127
7757,7,14,75
7758,11,23,132
7759,9,26,181
7760,20,42,282
7761,15,35,190
7762,6,18,116
7763,8,18,117
7764,16,28,159
7765,8,19,130
7766,9,29,205
7767,22,47,272
7768,7,16,103
7769,9,26,222
7770,11,28,199
7771,2,5,35
7772,18,34,196
7773,12,31,193
7774,6,22,150
7775,4,11,77
7776,9,19,104
7777,6,15,97
7778,3,9,91
7779,2,11,80
7780,4,11,70
7781,5,14,92
7782,8,14,77
7783,13,27,155
7784,1,7,47
7785,3,10,64
7786,12,24,160
7787,2,9,59
7788,5,11,80
7789,9,27,165
7790,5,10,57
7791,1,3,32
7792,4,10,52
7793,11,28,164
7794,13,21,127
7795,8,21,139
7796,8,24,160
7797,7,16,100
7798,15,28,155
7799,4,8,58
7800,12,21,114
7801,16,36,231
7802,8,17,108
7803,15,34,203
7804,16,28,172
7805,13,27,160
7806,14,29,184
7807,3,11,98
7808,24,38,192
7809,19,32,168
7810,7,23,189
7811,9,21,144
7812,13,25,158
7813,10,22,145
7814,9,19,121
7815,8,19,132
7816,4,11,73
7817,5,11,76
7818,5,15,106
7819,6,16,124
7820,7,17,104
7821,18,38,280
7822,5,11,63
7823,12,22,136
7824,3,7,49
7825,9,18,108
7826,16,31,180
7827,11,22,122
7828,11,27,181
7829,3,6,44
7830,8,14,76
7831,7,13,82
7832,12,22,130
7833,9,20,125
7834,9,17,97
7835,14,28,158
7836,4,21,145
7837,5,9,57
7838,4,11,70
7839,18,32,182
7840,6,12,73
7841,16,32,212
7842,5,15,116
7843,4,12,83
7844,13,24,134
7845,6,19,126
7846,12,24,125
7847,9,23,164
7848,5,14,91
7849,13,29,189
7850,3,8,66
7851,11,32,199
7852,15,31,178
7853,5,10,56
7854,10,26,160
7855,11,23,136
7856,7,14,81
7857,8,11,48
7858,14,34,258
7859,4,12,76
7860,7,16,111
7861,8,18,135
7862,6,18,107
7863,4,11,70
7864,8,13,72
7865,8,13,61
7866,6,14,83
7867,6,7,30
7868,6,13,76
7869,11,20,112
7870,4,10,66
7871,12,23,137
7872,20,37,237
7873,8,17,103
7874,7,23,154
7875,12,22,186
7876,6,15,103
7877,16,31,161
7878,10,23,150
7879,8,23,148
7880,6,10,73
7881,3,11,75
7882,9,19,105
7883,1,5,40
7884,9,16,121
7885,2,5,23
7886,4,10,71
7887,17,32,192
7888,11,25,146
7889,4,11,92
7890,5,12,67
7891,8,13,65
7892,13,29,177
7893,5,16,122
7894,3,13,114
7895,1,7,58
7896,1,5,50
7897,1,4,30
7898,1,3,27
7899,1,3,26
7900,3,7,36
7901,2,4,23
7902,5,15,101
7903,8,15,86
7904,13,18,94
7905,13,23,127
7906,2,3,19
7907,10,17,81
7908,12,21,120
7909,6,13,73
7910,15,23,136
7911,20,48,303
7912,18,34,213
7913,14,33,178
7914,8,15,113
7915,17,40,278
7916,3,10,95
7917,13,27,183
7918,10,19,119
7919,10,16,101
7920,5,8,48
7921,2,4,23
7922,6,12,83
7923,3,8,43
7924,1,3,20
7925,3,8,58
7926,6,17,96
7927,2,11,83
7928,7,21,135
7929,5,9,47
7930,1,7,54
7931,12,27,175
7932,16,30,171
7933,26,38,222
7934,22,39,206
7935,6,14,85
7936,17,35,282
7937,10,24,151
7938,9,18,111
7939,7,11,58
7940,6,14,91
7941,4,7,40
7942,13,20,109
7943,12,20,113
7944,11,23,139
7945,6,12,75
7946,10,24,160
7947,3,5,36
7948,8,15,82
7949,14,29,181
7950,4,12,99
7951,1,4,30
7952,1,5,35
7953,1,2,10
7954,7,20,125
7955,16,32,220
7956,13,28,171
7957,20,31,188
7958,3,13,96
7959,4,9,74
7960,10,22,179
7961,8,11,57
7962,4,4,20
7963,10,17,88
7964,11,26,156
7965,7,15,85
7966,4,8,53
7967,8,16,94
7968,5,18,129
7969,1,2,10
7970,9,23,142
7971,15,27,137
7972,6,9,37
7973,7,14,101
7974,8,11,55
7975,6,12,63
7976,16,28,159
7977,13,20,107
7978,11,21,103
7979,9,23,152
7980,9,15,85
7981,8,15,83
7982,13,28,160
7983,4,8,42
7984,11,24,141
7985,7,20,115
7986,16,35,211
7987,12,26,143
7988,8,18,113
7989,1,7,59
7990,6,20,147
7991,1,2,10
7992,8,20,115
7993,16,38,213
7994,8,20,121
7995,13,22,123
7996,7,15,78
7997,16,35,206
7998,4,8,49
7999,4,10,65
8000,4,9,52
8001,7,17,103
8002,12,30,200
8003,10,25,142
8004,11,32,215
8005,1,4,33
8006,3,5,27
8007,12,24,144
8008,4,16,118
8009,1,4,36
8010,15,42,276
8011,1,2,10
8012,6,10,49
8013,18,42,246
8014,1,3,21
8015,9,21,114
8016,5,10,64
8017,26,54,296
8018,4,14,93
8019,8,19,109
8020,11,23,142
8021,7,19,141
8022,4,14,84
8023,20,42,250
8024,23,49,294
8025,6,12,70
8026,14,30,199
8027,11,24,166
8028,7,16,107
8029,6,10,47
8030,18,30,182
8031,19,36,208
8032,6,12,72
8033,0,0,4
8034,13,27,151
8035,10,25,155
8036,1,2,10
8037,23,44,249
8038,33,66,384
8039,5,13,84
8040,10,17,91
8041,14,24,140
8042,9,17,99
8043,16,31,193
8044,8,13,65
8045,4,11,69
8046,8,19,125
8047,5,14,78
8048,28,45,253
8049,10,18,94
8050,18,35,200
8051,9,18,109
8052,8,17,108
8053,8,14,69
8054,19,32,224
8055,17,38,244
8056,3,5,26
8057,10,30,197
8058,21,41,242
8059,15,29,181
8060,12,31,199
8061,19,33,195
8062,17,36,229
8063,24,49,311
8064,9,22,140
8065,16,29,182
8066,23,57,384
8067,8,16,90
8068,9,16,106
8069,18,37,229
8070,6,14,82
8071,17,29,151
8072,4,9,54
8073,3,10,72
8074,12,25,156
8075,12,24,148
8076,5,7,41
8077,7,24,175
8078,9,19,123
8079,23,45,265
8080,10,19,112
8081,13,31,244
8082,3,11,92
8083,12,29,229
8084,9,23,160
8085,7,21,168
8086,12,27,207
8087,13,33,242
8088,14,32,208
8089,19,31,166
8090,19,35,211
8091,6,14,97
8092,7,12,71
8093,6,15,104
8094,14,26,126
8095,7,13,76
8096,3,6,35
8097,5,7,39
8098,7,16,108
8099,6,13,78
8100,9,14,79
8101,3,7,41
8102,8,15,84
8103,13,34,236
8104,13,24,132
8105,3,11,65
8106,3,6,29
8107,4,9,46
8108,11,19,115
8109,18,45,264
8110,8,13,72
8111,9,16,87
8112,13,22,115
8113,5,9,58
8114,12,23,121
8115,13,24,143
8116,3,8,48
8117,6,11,73
8118,2,4,22
8119,5,9,51
8120,5,9,47
8121,7,11,61
8122,6,8,42
8123,7,14,86
8124,4,10,61
8125,12,18,89
8126,8,18,110
8127,8,17,99
8128,0,1,10
8129,8,12,59
8130,0,1,12
8131,6,12,61
8132,0,1,8
8133,13,24,132
8134,9,24,155
8135,3,8,48
8136,2,4,35
8137,5,13,71
8138,2,5,24
8139,2,9,63
8140,10,16,88
8141,4,4,19
8142,10,19,99
8143,14,26,150
8144,9,32,215
8145,7,17,100
8146,14,28,173
8147,1,6,44
8148,11,19,113
8149,19,34,182
8150,10,17,101
8151,5,9,50
8152,14,28,164
8153,10,26,154
8154,6,14,74
8155,11,21,120
8156,8,25,166
8157,16,34,193
8158,13,33,209
8159,7,17,115
8160,11,24,145
8161,21,42,255
8162,6,19,145
8163,22,43,278
8164,9,23,150
8165,15,35,226
8166,10,26,170
8167,18,36,246
8168,5,11,61
8169,0,2,11
8170,56,102,583
8171,15,30,210
8172,26,59,384
8173,2,4,19
8174,33,53,312
8175,15,37,278
8176,9,22,135
8177,11,27,170
8178,9,17,111
8179,11,20,125
8180,12,23,142
8181,6,14,85
8182,5,13,87
8183,8,13,78
8184,3,6,32
8185,14,26,166
8186,7,14,105
8187,5,14,97
8188,0,2,17
8189,12,32,204
8190,1,2,11
8191,6,13,93
8192,6,14,83
8193,3,9,47
8194,11,18,86
8195,12,17,90
8196,0,0,2
8197,10,22,146
8198,48,121,780
8199,16,33,209
8200,21,46,276
8201,4,7,39
8202,20,39,236
8203,14,24,153
8204,12,27,162
8205,9,19,138
8206,11,19,93
8207,15,32,194
8208,21,39,190
8209,13,24,131
8210,7,17,114
8211,22,41,214
8212,8,17,97
8213,24,44,254
8214,9,16,96
8215,14,26,154
8216,6,19,101
8217,12,21,136
8218,16,30,157
8219,8,16,87
8220,3,8,46
8221,15,35,187
8222,9,17,86
8223,23,44,246
8224,13,27,155
8225,10,18,129
8226,5,11,67
8227,15,23,129
8228,7,22,141
8229,10,20,114
8230,10,21,127
8231,7,15,97
8232,14,31,189
8233,21,37,213
8234,14,27,186
8235,21,44,268
8236,11,22,123
8237,5,7,36
8238,12,21,137
8239,17,34,172
8240,8,20,127
8241,3,8,43
8242,7,15,129
8243,10,21,129
8244,3,5,29
8245,10,20,123
8246,5,13,99
8247,4,7,42
8248,4,13,93
8249,8,16,120
8250,8,12,69
8251,4,11,72
8252,5,11,87
8253,6,13,76
8254,5,9,59
8255,8,18,110
8256,4,11,85
8257,7,11,88
8258,3,9,68
8259,5,9,49
8260,4,7,35
8261,9,15,87
8262,9,16,103
8263,6,11,68
8264,9,20,120
8265,8,15,89
8266,2,8,61
8267,5,17,116
8268,6,12,68
8269,3,6,34
8270,6,14,93
8271,5,10,58
8272,7,11,50
8273,11,22,123
8274,16,26,164
8275,11,22,122
8276,6,12,61
8277,11,21,115
8278,11,20,112
8279,18,31,169
8280,11,22,118
8281,6,8,45
8282,7,17,91
8283,3,7,50
8284,4,9,66
8285,6,12,84
8286,3,6,38
8287,6,12,70
8288,12,30,188
8289,9,15,70
8290,8,21,138
8291,1,6,55
8292,5,15,93
8293,7,23,152
8294,5,14,88
8295,12,31,192
8296,7,21,168
8297,12,31,182
8298,0,2,14
8299,7,21,151
8300,11,23,138
8301,17,34,220
8302,12,24,143
8303,3,8,51
8304,18,37,254
8305,10,21,143
8306,8,19,157
8307,2,5,41
8308,2,5,37
8309,1,3,18
8310,5,12,83
8311,5,17,119
8312,6,13,88
8313,15,38,230
8314,4,9,51
8315,6,20,107
8316,6,16,112
8317,8,26,184
8318,9,18,138
8319,8,23,180
8320,5,18,132
8321,5,17,127
8322,14,24,136
8323,9,27,199
8324,8,13,73
8325,9,17,121
8326,8,28,191
8327,6,18,132
8328,4,23,186
8329,14,34,194
8330,6,31,259
8331,16,33,211
8332,8,18,132
8333,6,18,106
8334,8,18,129
8335,4,22,157
8336,3,8,48
8337,7,16,94
8338,17,32,177
8339,5,11,69
8340,11,25,168
8341,9,16,103
8342,3,8,71
8343,9,16,106
8344,6,22,162
8345,6,17,120
8346,5,8,44
8347,4,8,46
8348,5,12,78
8349,4,8,40
8350,11,28,209
8351,8,24,137
8352,6,15,92
8353,2,7,46
8354,2,5,28
8355,8,18,115
8356,12,23,125
8357,7,15,78
8358,17,37,205
8359,9,24,165
8360,3,8,55
8361,13,24,135
8362,21,42,243
8363,2,6,39
8364,2,3,18
8365,2,3,17
8366,1,2,14
8367,4,7,39
8368,10,20,118
8369,12,23,135
8370,12,27,183
8371,9,20,156
8372,7,10,71
8373,9,17,108
8374,12,21,100
8375,7,11,59
8376,18,35,202
8377,7,15,96
8378,25,42,230
8379,12,22,131
8380,14,33,208
8381,24,45,257
8382,19,32,162
8383,13,28,192
8384,5,10,53
8385,15,32,228
8386,9,20,129
8387,9,18,97
8388,3,7,55
8389,13,26,146
8390,15,31,187
8391,12,19,108
8392,13,33,203
8393,6,14,85
8394,10,17,96
8395,19,48,268
8396,16,30,175
8397,13,31,200
8398,10,28,189
8399,16,30,183
8400,6,13,77
8401,11,21,113
8402,4,7,44
8403,27,48,263
8404,7,20,112
8405,30,53,267
8406,0,4,23
8407,9,25,152
8408,11,26,144
8409,17,37,213
8410,16,31,184
8411,28,58,346
8412,0,3,18
8413,12,34,226
8414,4,10,65
8415,15,32,199
8416,3,7,44
8417,18,35,215
8418,10,17,87
8419,1,3,19
8420,7,23,153
8421,7,19,121
8422,8,16,101
8423,24,53,310
8424,18,42,279
8425,10,19,114
8426,18,37,214
8427,0,2,17
8428,23,54,370
8429,23,49,290
8430,13,31,199
8431,9,18,106
8432,1,6,44
8433,0,4,30
8434,12,29,179
8435,3,5,23
8436,8,18,119
8437,8,20,118
8438,3,6,35
8439,4,8,42
8440,8,16,94
8441,9,21,142
8442,5,11,72
8443,4,14,77
8444,2,5,31
8445,10,16,80
8446,26,48,272
8447,1,3,15
8448,9,26,153
8449,8,13,64
8450,5,16,107
8451,15,36,234
8452,5,14,95
8453,3,7,40
8454,1,5,31
8455,0,2,17
8456,1,5,34
8457,20,36,222
8458,4,11,109
8459,12,21,136
8460,13,30,202
8461,9,20,121
8462,12,20,106
8463,18,34,189
8464,1,3,23
8465,8,31,222
8466,14,36,239
8467,6,20,145
8468,12,29,226
8469,11,21,132
8470,13,23,134
8471,12,23,134
8472,15,26,147
8473,6,12,69
8474,2,8,66
8475,14,28,171
8476,9,24,147
8477,19,36,226
8478,7,19,144
8479,19,41,246
8480,15,33,197
8481,12,23,140
8482,15,30,195
8483,9,20,130
8484,13,29,164
8485,6,8,54
8486,18,35,222
8487,6,13,77
8488,12,25,161
8489,10,13,80
8490,10,20,140
8491,7,12,75
8492,21,37,207
8493,4,8,50
8494,17,31,170
8495,30,50,283
8496,13,27,164
8497,7,12,70
8498,12,21,121
8499,16,27,157
8500,8,16,102
8501,10,21,142
8502,0,0,1
8503,0,2,13
8504,7,19,103
8505,19,40,225
8506,21,61,399
8507,19,37,221
8508,7,17,114
8509,12,24,156
8510,5,16,101
8511,3,10,80
8512,0,0,1
8513,14,34,228
8514,11,25,153
8515,9,23,153
8516,3,12,83
8517,18,35,192
8518,9,16,93
8519,5,15,110
8520,9,15,83
8521,13,28,161
8522,0,2,18
8523,15,34,217
8524,11,27,165
8525,7,21,127
8526,10,22,125
8527,7,17,137
8528,15,30,180
8529,18,40,244
8530,5,8,38
8531,5,13,90
8532,5,18,127
8533,7,20,145
8534,13,28,183
8535,6,14,94
8536,15,32,187
8537,14,33,204
8538,4,6,37
8539,8,23,159
8540,8,21,146
8541,2,7,41
8542,0,1,11
8543,0,1,8
8544,0,0,4
8545,12,22,110
8546,13,29,174
8547,19,37,210
8548,7,13,94
8549,11,28,171
8550,11,26,175
8551,10,24,145
8552,3,3,14
8553,12,25,145
8554,10,18,100
8555,36,64,355
8556,5,12,74
8557,5,12,80
8558,6,11,56
8559,2,7,50
8560,7,16,85
8561,22,44,248
8562,18,30,164
8563,7,10,61
8564,8,14,86
8565,10,19,118
8566,14,24,155
8567,14,31,173
8568,10,19,108
8569,9,16,79
8570,1,4,21
8571,7,18,97
8572,15,32,175
8573,10,21,138
8574,22,51,334
8575,11,20,111
8576,5,13,75
8577,0,2,8
8578,8,17,107
8579,13,27,178
8580,14,25,148
8581,12,22,147
8582,17,34,206
8583,13,28,178
8584,4,12,83
8585,10,28,193
8586,13,25,146
8587,10,31,213
8588,4,12,84
8589,8,15,97
8590,9,21,134
8591,17,30,160
8592,15,34,222
8593,14,34,212
8594,9,19,129
8595,8,18,114
8596,10,18,95
8597,11,20,122
8598,4,8,49
8599,2,11,81
8600,8,22,140
8601,8,18,100
8602,9,19,119
8603,4,10,70
8604,11,23,127
8605,9,21,148
8606,2,6,39
8607,5,13,84
8608,6,12,80
8609,12,22,122
8610,5,16,110
8611,11,20,115
8612,6,17,111
8613,7,12,81
8614,7,15,86
8615,6,12,71
8616,18,37,232
8617,6,14,83
8618,8,15,102
8619,5,15,103
8620,3,5,35
8621,13,24,133
8622,9,22,153
8623,10,21,111
8624,11,21,129
8625,10,24,157
8626,8,16,92
8627,2,7,41
8628,14,28,145
8629,5,8,36
8630,9,19,116
8631,11,18,91
8632,7,12,69
8633,9,12,78
8634,9,19,116
8635,6,12,69
8636,9,15,64
8637,8,21,199
8638,2,8,77
8639,4,8,50
8640,5,16,90
8641,6,15,81
8642,9,18,92
8643,4,11,67
8644,3,7,48
8645,0,3,25
8646,0,3,26
8647,0,3,28
8648,1,7,47
8649,9,48,425
8650,23,38,184
8651,1,12,89
8652,15,27,178
8653,6,12,73
8654,1,4,27
8655,9,15,96
8656,14,25,150
8657,2,4,32
8658,3,4,20
8659,10,32,243
8660,7,17,109
8661,8,14,82
8662,7,17,131
8663,6,17,110
8664,11,25,162
8665,7,11,64
8666,11,22,126
8667,13,28,184
8668,11,28,178
8669,4,14,104
8670,6,16,124
8671,13,27,158
8672,10,22,136
8673,13,28,167
8674,13,29,195
8675,12,23,121
8676,3,4,21
8677,0,2,15
8678,13,36,222
8679,17,31,175
8680,16,29,149
8681,11,20,127
8682,14,32,202
8683,6,14,80
8684,28,44,244
8685,7,18,138
8686,16,35,219
8687,6,22,159
8688,10,17,134
8689,4,6,30
8690,10,13,56
8691,14,34,242
8692,13,26,150
8693,7,24,182
8694,11,24,140
8695,13,25,138
8696,8,20,145
8697,3,11,81
8698,12,30,180
8699,1,9,65
8700,12,29,188
8701,2,5,35
8702,3,5,27
8703,22,48,308
8704,5,14,100
8705,4,9,68
8706,8,16,117
8707,13,27,181
8708,8,17,85
8709,14,23,132
8710,5,10,64
8711,9,16,112
8712,6,11,72
8713,12,26,173
8714,2,4,20
8715,6,12,91
8716,6,11,70
8717,10,18,117
8718,9,35,287
8719,7,16,127
8720,8,24,178
8721,3,8,53
8722,9,21,144
8723,6,12,80
8724,8,20,137
8725,6,13,98
8726,13,35,260
8727,4,12,83
8728,5,7,37
8729,7,14,75
8730,9,15,81
8731,8,12,69
8732,1,7,57
8733,7,18,131
8734,1,11,108
8735,5,12,69
8736,2,8,50
8737,4,9,56
8738,5,11,79
8739,12,22,131
8740,0,2,19
8741,16,39,260
8742,2,6,40
8743,2,3,18
8744,5,13,78
8745,14,28,169
8746,10,26,153
8747,12,28,168
8748,14,26,155
8749,14,36,229
8750,17,34,190
8751,20,37,214
8752,8,23,143
8753,9,19,119
8754,5,17,106
8755,3,8,44
8756,14,27,151
8757,6,16,117
8758,5,17,118
8759,7,17,130
8760,5,13,88
8761,6,16,101
8762,13,27,176
8763,15,32,221
8764,5,11,73
8765,15,34,184
8766,9,27,194
8767,13,20,121
8768,10,18,104
8769,12,24,152
8770,13,27,170
8771,4,11,77
8772,7,17,110
8773,7,17,135
8774,13,20,118
8775,9,23,153
8776,7,21,141
8777,13,33,214
8778,10,23,138
8779,4,10,78
8780,10,25,156
8781,10,18,92
8782,9,25,157
8783,6,20,170
8784,5,14,91
8785,11,25,146
8786,14,30,167
8787,4,19,152
8788,13,26,148
8789,12,22,150
8790,10,22,141
8791,14,28,158
8792,3,8,66
8793,3,11,72
8794,0,2,31
8795,2,9,66
8796,6,18,155
8797,2,11,81
8798,18,36,223
8799,6,18,119
8800,8,19,125
8801,15,29,188
8802,15,28,154
8803,4,10,72
8804,10,24,141
8805,15,37,216
8806,17,37,227
8807,9,16,81
8808,9,15,84
8809,10,23,154
8810,3,12,80
8811,4,10,62
8812,6,13,75
8813,10,28,172
8814,3,8,62
8815,5,10,72
8816,18,44,271
8817,15,29,171
8818,14,28,175
8819,5,18,138
8820,5,11,86
8821,16,30,209
8822,5,8,49
8823,13,29,191
8824,13,25,137
8825,12,25,153
8826,4,13,115
8827,18,38,229
8828,15,38,227
8829,8,18,109
8830,6,16,123
8831,9,19,129
8832,13,25,132
8833,9,22,148
8834,7,14,104
8835,9,24,158
8836,16,33,227
8837,14,28,174
8838,6,21,163
8839,8,12,73
8840,7,19,133
8841,7,20,148
8842,10,22,123
8843,10,20,130
8844,16,32,198
8845,5,8,48
8846,23,47,296
8847,12,28,203
8848,4,8,56
8849,15,31,190
8850,10,26,170
8851,14,30,236
8852,14,32,166
8853,1,5,39
8854,12,24,142
8855,17,34,198
8856,16,30,204
8857,8,19,132
8858,9,17,98
8859,4,12,98
8860,2,9,80
8861,8,18,141
8862,6,15,114
8863,1,4,37
8864,12,27,176
8865,9,19,126
8866,17,26,161
8867,11,20,122
8868,6,12,71
8869,1,3,21
8870,17,31,190
8871,15,26,159
8872,2,6,65
8873,7,14,99
8874,12,24,141
8875,7,16,89
8876,17,32,170
8877,17,36,198
8878,16,30,188
8879,11,22,135
8880,15,31,189
8881,12,21,121
8882,8,19,134
8883,3,8,58
8884,22,37,204
8885,8,20,150
8886,7,17,110
8887,6,12,79
8888,0,2,16
8889,12,26,169
8890,16,36,235
8891,16,33,206
8892,4,14,120
8893,9,23,147
8894,21,41,231
8895,12,25,157
8896,9,21,125
8897,16,30,192
8898,13,27,160
8899,26,51,308
8900,11,28,192
8901,9,20,141
8902,9,14,80
8903,7,13,69
8904,12,22,125
8905,12,19,93
8906,16,33,190
8907,12,22,122
8908,3,5,25
8909,7,18,91
8910,24,45,249
8911,28,52,270
8912,11,23,136
8913,9,23,159
8914,14,39,280
8915,6,16,100
8916,10,27,172
8917,9,24,158
8918,7,19,130
8919,6,17,108
8920,7,18,112
8921,9,20,123
8922,10,24,160
8923,15,30,176
8924,7,19,114
8925,6,14,86
8926,7,17,92
8927,6,14,85
8928,9,20,113
8929,3,6,38
8930,8,16,107
8931,3,8,50
8932,14,26,151
8933,4,12,86
8934,9,17,108
8935,5,10,70
8936,5,10,63
8937,4,8,46
8938,4,11,69
8939,4,8,42
8940,13,23,117
8941,0,4,29
8942,6,15,94
8943,18,46,298
8944,7,23,161
8945,12,29,188
8946,9,21,134
8947,3,8,41
8948,2,5,42
8949,11,19,99
8950,13,23,126
8951,12,26,147
8952,6,12,79
8953,27,61,384
8954,2,6,47
8955,3,12,77
8956,19,30,145
8957,13,22,123
8958,8,18,125
8959,5,18,127
8960,11,14,74
8961,5,10,54
8962,17,38,230
8963,14,28,174
8964,5,8,67
8965,10,32,192
8966,12,25,226
8967,10,32,231
8968,17,39,247
8969,9,23,150
8970,12,37,257
8971,5,11,59
8972,10,18,98
8973,12,29,207
8974,8,16,107
8975,4,8,41
8976,2,6,50
8977,8,28,179
8978,12,32,223
8979,29,63,400
8980,10,18,97
8981,3,9,62
8982,8,13,94
8983,4,7,42
8984,15,31,188
8985,6,14,82
8986,14,32,214
8987,1,3,27
8988,10,22,126
8989,6,9,54
8990,1,4,28
8991,7,17,104
8992,20,41,266
8993,11,25,158
8994,13,21,115
8995,6,12,71
8996,14,23,106
8997,3,6,39
8998,8,15,79
8999,10,20,123
9000,14,30,164
9001,13,30,173
9002,4,7,39
9003,13,25,158
9004,7,14,87
9005,4,10,64
9006,5,10,71
9007,9,18,135
9008,1,4,25
9009,11,26,162
9010,5,15,94
9011,38,102,627
9012,2,6,31
9013,2,10,85
9014,15,30,178
9015,11,18,130
9016,3,9,65
9017,21,39,232
9018,8,15,101
9019,19,34,235
9020,16,33,201
9021,17,34,208
9022,6,12,79
9023,12,23,147
9024,14,30,196
9025,17,31,185
9026,7,11,65
9027,4,12,77
9028,12,27,180
9029,1,5,36
9030,3,11,75
9031,11,30,201
9032,5,14,96
9033,5,12,66
9034,6,25,197
9035,11,23,133
9036,9,19,118
9037,29,49,291
9038,11,29,170
9039,23,44,235
9040,5,8,39
9041,12,29,183
9042,6,11,94
9043,5,10,76
9044,1,6,50
9045,3,11,78
9046,17,31,172
9047,21,50,361
9048,10,22,139
9049,7,16,95
9050,9,24,153
9051,10,27,163
9052,4,11,74
9053,3,8,45
9054,8,21,135
9055,8,18,122
9056,5,9,51
9057,0,1,6
9058,0,1,8
9059,9,22,134
9060,5,12,73
9061,10,25,208
9062,4,12,75
9063,0,2,13
9064,6,15,103
9065,8,20,120
9066,9,17,84
9067,8,18,122
9068,0,3,24
9069,10,23,145
9070,9,20,126
9071,9,20,149
9072,7,19,103
9073,0,1,11
9074,12,26,159
9075,9,23,162
9076,0,1,9
9077,13,36,271
9078,6,16,100
9079,13,27,166
9080,4,12,91
9081,10,21,125
9082,8,17,133
9083,1,2,10
9084,10,24,158
9085,8,20,169
9086,5,14,115
9087,0,1,9
9088,0,2,16
9089,4,12,81
9090,8,21,157
9091,6,21,139
9092,14,38,267
9093,6,11,61
9094,6,20,154
9095,9,21,148
9096,4,15,90
9097,16,33,182
9098,1,5,41
9099,0,1,5
9100,0,3,21
9101,13,32,219
9102,13,33,216
9103,1,3,18
9104,8,18,111
9105,23,42,235
9106,2,4,25
9107,0,2,12
9108,15,37,232
9109,7,11,66
9110,3,6,28
9111,15,29,175
9112,10,20,124
9113,0,2,12
9114,14,31,186
9115,0,2,12
9116,0,2,14
9117,13,31,200
9118,0,1,5
9119,0,2,22
9120,6,16,89
9121,5,17,129
9122,12,33,259
9123,0,1,9
9124,1,3,17
9125,15,35,329
9126,15,26,194
9127,5,15,112
9128,4,9,80
9129,9,16,148
9130,0,1,6
9131,0,2,13
9132,16,34,202
9133,25,50,301
9134,0,1,7
9135,0,1,7
9136,10,23,133
9137,7,15,79
9138,4,12,81
9139,5,17,101
9140,1,13,105
9141,8,24,192
9142,15,36,219
9143,6,13,73
9144,7,26,177
9145,11,25,158
9146,9,18,102
9147,8,22,134
9148,4,9,57
9149,0,1,7
9150,0,2,12
9151,11,29,170
9152,4,16,127
9153,5,18,106
9154,5,18,118
9155,9,22,146
9156,6,13,109
9157,5,12,76
9158,7,16,78
9159,4,8,50
9160,3,10,71
9161,0,2,12
9162,13,31,188
9163,14,38,239
9164,2,10,61
9165,6,15,111
9166,0,2,19
9167,8,25,157
9168,3,9,53
9169,4,10,90
9170,6,16,92
9171,0,2,11
9172,9,23,136
9173,4,11,80
9174,2,3,24
9175,14,37,218
9176,7,13,80
9177,13,25,163
9178,4,8,48
9179,3,10,78
9180,13,32,194
9181,9,20,113
9182,4,11,74
9183,12,24,151
9184,4,7,39
9185,12,24,140
9186,9,15,83
9187,20,42,307
9188,8,13,76
9189,11,21,150
9190,2,8,56
9191,16,30,176
9192,6,14,94
9193,21,45,304
9194,3,3,13
9195,17,32,187
9196,4,8,44
9197,16,28,162
9198,27,45,288
9199,3,4,20
9200,14,23,134
9201,2,6,50
9202,8,21,163
9203,18,34,208
9204,7,13,65
9205,11,20,116
9206,3,5,29
9207,3,4,24
9208,7,17,107
9209,13,35,210
9210,4,12,86
9211,9,22,150
9212,7,21,149
9213,15,31,231
9214,4,8,49
9215,7,16,91
9216,17,34,208
9217,12,25,157
9218,13,29,190
9219,5,8,54
9220,1,4,31
9221,7,19,111
9222,12,20,120
9223,7,17,121
9224,7,15,96
9225,5,19,132
9226,10,24,150
9227,8,18,113
9228,2,6,43
9229,4,14,94
9230,9,18,122
9231,6,10,55
9232,12,22,136
9233,12,24,136
9234,10,24,151
9235,31,60,391
9236,6,15,93
9237,15,34,192
9238,8,17,92
9239,3,7,38
9240,7,15,80
9241,15,30,162
9242,38,80,487
9243,8,18,113
9244,7,19,130
9245,10,18,100
9246,3,7,48
9247,7,12,65
9248,9,13,73
9249,6,12,68
9250,8,16,77
9251,9,16,95
9252,5,13,70
9253,4,11,70
9254,15,41,290
9255,11,18,106
9256,9,26,171
9257,24,40,221
9258,2,10,82
9259,16,26,142
9260,3,9,70
9261,9,20,124
9262,6,18,131
9263,9,19,110
9264,5,13,94
9265,7,14,78
9266,13,27,153
9267,14,25,134
9268,23,41,256
9269,18,35,243
9270,12,26,143
9271,14,32,222
9272,16,44,287
9273,6,16,133
9274,4,15,117
9275,1,5,28
9276,21,41,256
9277,14,22,129
9278,3,12,96
9279,13,27,149
9280,6,13,71
9281,0,2,12
9282,5,9,49
9283,8,17,117
9284,5,19,145
9285,9,26,218
9286,7,16,86
9287,12,25,130
9288,14,36,218
9289,17,42,336
9290,10,29,236
9291,13,32,254
9292,1,2,10
9293,4,14,88
9294,7,19,112
9295,20,38,238
9296,8,20,136
9297,3,9,53
9298,1,4,24
9299,2,10,94
9300,4,14,92
9301,1,5,28
9302,13,34,242
9303,1,3,26
9304,11,27,163
9305,1,9,78
9306,22,58,377
9307,5,11,89
9308,9,24,169
9309,5,15,92
9310,7,20,113
9311,12,22,114
9312,23,46,265
9313,5,14,77
9314,5,11,70
9315,3,6,43
9316,5,20,143
9317,5,13,101
9318,9,24,184
9319,1,5,39
9320,2,4,22
9321,6,16,118
9322,6,16,107
9323,8,22,145
9324,1,3,22
9325,5,11,78
9326,9,21,140
9327,8,21,143
9328,7,16,95
9329,7,17,107
9330,10,20,117
9331,8,14,74
9332,7,13,69
9333,13,22,143
9334,17,27,153
9335,7,19,153
9336,9,21,145
9337,3,8,52
9338,3,9,65
9339,8,14,96
9340,10,25,160
9341,1,3,29
9342,7,18,133
9343,22,47,304
9344,5,16,132
9345,13,34,227
9346,5,9,52
9347,14,27,162
9348,7,14,81
9349,12,28,188
9350,8,18,125
9351,7,19,131
9352,11,24,146
9353,7,13,75
9354,7,19,141
9355,1,8,52
9356,10,20,97
9357,20,44,270
9358,0,2,19
9359,9,22,151
9360,9,22,152
9361,2,4,20
9362,10,29,196
9363,10,16,85
9364,5,20,142
9365,11,37,250
9366,15,30,211
9367,4,12,110
9368,7,15,86
9369,3,7,50
9370,10,21,150
9371,7,20,146
9372,12,24,134
9373,6,9,58
9374,11,22,132
9375,7,13,72
9376,7,16,121
9377,14,22,117
9378,19,34,198
9379,9,19,120
9380,11,20,106
9381,11,17,86
9382,14,29,161
9383,11,21,131
9384,13,29,184
9385,18,36,225
9386,10,20,126
9387,10,24,153
9388,10,20,113
9389,15,35,231
9390,8,23,182
9391,14,27,164
9392,6,9,55
9393,10,17,96
9394,16,30,171
9395,17,37,242
9396,15,24,138
9397,24,36,194
9398,6,15,89
9399,13,26,156
9400,12,23,128
9401,11,24,144
9402,13,31,211
9403,7,12,69
9404,23,43,257
9405,22,42,245
9406,22,42,231
9407,12,28,169
9408,6,12,64
9409,16,31,196
9410,9,20,126
9411,13,26,148
9412,17,31,172
9413,14,26,140
9414,12,26,142
9415,5,11,57
9416,29,49,250
9417,6,9,50
9418,22,31,172
9419,18,32,156
9420,24,39,198
9421,3,8,55
9422,25,47,271
9423,6,8,40
9424,10,19,114
9425,16,37,231
9426,30,50,299
9427,25,52,312
9428,0,1,11
9429,13,22,118
9430,17,30,162
9431,15,24,121
9432,13,25,150
9433,23,42,242
9434,9,17,97
9435,1,3,20
9436,8,18,108
9437,14,27,166
9438,5,10,57
9439,5,8,45
9440,4,8,49
9441,8,13,70
9442,8,14,79
9443,21,40,207
9444,12,20,105
9445,15,31,182
9446,7,12,69
9447,8,14,70
9448,20,33,176
9449,7,13,77
9450,7,15,83
9451,5,10,64
9452,11,19,103
9453,9,12,58
9454,13,21,111
9455,22,34,169
9456,31,51,294
9457,11,18,103
9458,5,16,141
9459,19,32,181
9460,15,32,193
9461,18,34,229
9462,15,30,199
9463,3,6,47
9464,30,52,330
9465,21,38,235
9466,28,48,284
9467,11,17,98
9468,22,37,210
9469,6,14,90
9470,20,42,275
9471,11,22,163
9472,23,47,284
9473,20,36,233
9474,16,24,124
9475,23,45,272
9476,23,45,273
9477,7,12,67
9478,24,44,256
9479,11,26,177
9480,27,46,265
9481,16,28,159
9482,18,35,210
9483,22,38,192
9484,19,33,210
9485,12,21,129
9486,10,20,118
9487,14,25,147
9488,8,15,81
9489,26,38,175
9490,20,40,272
9491,9,16,101
9492,4,12,75
9493,20,38,216
9494,12,17,80
9495,27,40,196
9496,21,40,220
9497,20,42,295
9498,14,24,128
9499,21,36,219
9500,1,3,19
9501,13,32,232
9502,17,31,185
9503,14,29,200
9504,18,35,202
9505,18,35,221
9506,11,27,183
9507,13,25,151
9508,17,30,195
9509,12,23,159
9510,23,51,363
9511,28,49,306
9512,10,21,121
9513,10,22,142
9514,28,41,228
9515,22,36,182
9516,19,35,196
9517,4,9,59
9518,22,45,297
9519,2,7,47
9520,25,48,338
9521,3,10,85
9522,14,27,172
9523,8,18,110
9524,20,40,260
9525,10,19,125
9526,6,16,121
9527,16,28,163
9528,15,30,169
9529,8,16,93
9530,7,16,92
9531,6,14,99
9532,8,16,139
9533,5,14,104
9534,11,20,129
9535,16,30,187
9536,14,34,191
9537,14,28,194
9538,3,7,59
9539,22,41,254
9540,8,20,126
9541,12,24,135
9542,11,21,117
9543,6,16,93
9544,26,51,311
9545,13,24,155
9546,13,26,155
9547,6,16,107
9548,5,11,80
9549,11,23,139
9550,9,18,101
9551,12,23,124
9552,8,22,143
9553,17,33,207
9554,10,18,114
9555,27,49,329
9556,20,41,286
9557,4,8,68
9558,10,21,139
9559,13,26,172
9560,21,41,261
9561,10,21,134
9562,11,23,153
9563,8,15,88
9564,18,44,298
9565,8,18,118
9566,11,23,139
9567,9,17,98
9568,7,23,151
9569,6,15,115
9570,8,15,97
9571,14,30,169
9572,12,25,170
9573,13,33,184
9574,12,26,138
9575,16,39,251
9576,11,25,155
9577,10,20,147
9578,12,19,94
9579,18,33,218
9580,27,53,353
9581,11,23,152
9582,9,19,122
9583,11,19,122
9584,19,35,239
9585,2,5,39
9586,4,11,90
9587,13,26,162
9588,18,39,247
9589,12,28,204
9590,3,12,86
9591,18,36,224
9592,7,15,100
9593,16,31,198
9594,6,20,155
9595,13,30,215
9596,7,17,103
9597,7,16,98
9598,9,17,110
9599,13,33,227
9600,7,14,79
9601,4,11,69
9602,8,23,161
9603,10,20,116
9604,13,23,137
9605,14,29,202
9606,10,26,163
9607,7,12,56
9608,4,11,80
9609,4,7,41
9610,8,17,102
9611,11,22,136
9612,14,21,111
9613,12,21,110
9614,4,16,110
9615,8,15,78
9616,10,18,89
9617,17,34,196
9618,11,20,110
9619,5,9,47
9620,8,15,87
9621,1,6,42
9622,3,6,37
9623,7,14,74
9624,15,28,148
9625,4,9,59
9626,5,9,52
9627,12,21,112
9628,10,20,119
9629,12,23,136
9630,14,25,152
9631,3,5,32
9632,4,8,60
9633,13,19,106
9634,14,24,145
9635,2,6,40
9636,10,19,111
9637,5,8,44
9638,26,44,253
9639,17,28,176
9640,10,17,75
9641,12,22,115
9642,7,16,114
9643,11,19,101
9644,10,20,119
9645,1,7,56
9646,45,72,393
9647,18,28,150
9648,10,18,102
9649,5,11,65
9650,6,10,45
9651,21,41,271
9652,10,22,147
9653,9,15,96
9654,7,14,82
9655,1,3,26
9656,9,12,51
9657,19,34,198
9658,17,31,190
9659,19,43,277
9660,14,25,140
9661,4,9,66
9662,22,36,178
9663,18,35,229
9664,5,8,39
9665,11,19,110
9666,2,6,39
9667,10,16,99
9668,18,35,192
9669,7,14,74
9670,10,19,115
9671,3,6,27
9672,9,20,121
9673,9,19,107
9674,5,12,76
9675,39,65,376
9676,29,55,283
9677,8,17,116
9678,11,19,100
9679,12,21,98
9680,13,22,104
9681,4,7,37
9682,12,22,114
9683,14,29,173
9684,5,20,152
9685,16,27,157
9686,7,14,74
9687,13,25,147
9688,8,17,107
9689,10,26,161
9690,16,39,225
9691,13,21,110
9692,10,23,126
9693,7,12,64
9694,23,42,246
9695,9,18,113
9696,8,12,51
9697,26,46,266
9698,8,12,67
9699,19,42,260
9700,5,12,83
9701,6,11,69
9702,17,34,221
9703,13,27,179
9704,17,33,200
9705,20,39,253
9706,17,33,224
9707,16,31,189
9708,25,50,285
9709,19,35,203
9710,11,27,197
9711,16,39,260
9712,25,55,394
9713,18,43,323
9714,17,37,235
9715,15,31,194
9716,8,21,147
9717,11,20,119
9718,12,26,168
9719,15,28,160
9720,9,19,111
9721,1,4,33
9722,12,19,102
9723,26,51,311
9724,12,29,186
9725,10,22,149
9726,21,35,203
9727,5,10,67
9728,20,40,250
9729,9,21,128
9730,11,19,109
9731,14,27,138
9732,11,22,132
9733,18,29,183
9734,17,40,298
9735,8,24,155
9736,6,13,86
9737,9,13,96
9738,23,38,228
9739,8,20,135
9740,13,24,141
9741,19,28,161
9742,11,20,111
9743,31,64,382
9744,6,11,54
9745,8,17,93
9746,9,18,120
9747,18,35,218
9748,3,6,38
9749,8,16,79
9750,32,63,462
9751,19,45,315
9752,7,16,125
9753,21,35,209
9754,12,20,119
9755,22,47,308
9756,28,53,306
9757,3,5,33
9758,6,7,29
9759,24,42,211
9760,15,25,148
9761,2,3,14
9762,0,3,23
9763,21,38,229
9764,31,54,280
9765,14,30,203
9766,7,16,92
9767,22,42,237
9768,20,35,212
9769,30,53,300
9770,22,41,238
9771,9,11,48
9772,21,37,211
9773,35,68,427
9774,21,33,172
9775,24,38,199
9776,15,29,154
9777,17,33,216
9778,42,72,368
9779,30,61,398
9780,9,21,110
9781,16,35,222
9782,13,22,117
9783,28,49,265
9784,16,30,153
9785,8,14,71
9786,16,25,121
9787,16,32,187
9788,37,66,391
9789,33,61,313
9790,36,77,457
9791,18,37,228
9792,20,37,191
9793,15,31,177
9794,10,18,87
9795,13,29,164
9796,12,26,165
9797,18,35,179
9798,7,13,79
9799,9,19,90
9800,25,39,193
9801,21,35,168
9802,5,11,62
9803,20,31,155
9804,12,18,93
9805,12,20,106
9806,12,21,107
9807,13,26,136
9808,24,43,224
9809,9,33,202
9810,5,8,43
9811,6,9,45
9812,24,40,202
9813,4,6,31
9814,7,10,46
9815,20,29,133
9816,28,49,273
9817,13,18,84
9818,7,16,94
9819,17,28,137
9820,6,10,50
9821,4,8,46
9822,1,4,35
9823,7,11,47
9824,4,7,38
9825,0,4,46
9826,1,2,13
9827,11,21,124
9828,3,11,89
9829,10,21,125
9830,0,1,9
9831,5,10,62
9832,4,11,60
9833,11,21,161
9834,4,8,61
9835,1,2,17
9836,1,4,29
9837,18,38,234
9838,6,11,56
9839,0,1,18
9840,3,14,95
9841,7,14,88
9842,2,6,35
9843,3,7,35
9844,13,30,161
9845,14,26,162
9846,0,0,6
9847,7,13,65
9848,5,13,90
9849,19,34,198
9850,7,17,100
9851,7,15,94
9852,19,40,259
9853,3,4,22
9854,8,18,111
9855,1,1,7
9856,10,16,100
9857,4,7,42
9858,15,26,150
9859,8,15,74
9860,5,13,77
9861,14,25,131
9862,5,8,44
9863,2,4,21
9864,5,8,39
9865,4,6,32
9866,0,1,16
9867,4,12,76
9868,19,29,149
9869,18,31,186
9870,2,8,61
9871,2,8,63
9872,2,10,65
9873,5,12,94
9874,2,4,24
9875,10,23,128
9876,11,26,155
9877,9,19,95
9878,3,6,33
9879,3,8,45
9880,14,27,163
9881,6,12,88
9882,6,11,83
9883,12,20,132
9884,6,12,77
9885,18,28,155
9886,5,7,34
9887,6,10,51
9888,9,15,72
9889,4,12,76
9890,9,17,96
9891,7,17,108
9892,11,25,143
9893,22,37,186
9894,4,8,46
9895,7,10,60
9896,2,5,27
9897,28,63,390
9898,13,27,146
9899,5,11,64
9900,10,16,83
9901,11,22,123
9902,5,12,83
9903,8,12,59
9904,12,17,94
9905,5,8,42
9906,9,11,56
9907,7,11,64
9908,11,21,109
9909,20,36,185
9910,7,16,87
9911,5,8,45
9912,12,22,127
9913,21,34,169
9914,11,23,130
9915,9,15,67
9916,30,44,230
9917,2,4,21
9918,5,8,39
9919,4,6,32
9920,13,22,113
9921,6,11,56
9922,5,10,58
9923,1,1,6
9924,11,26,138
9925,14,24,136
9926,11,17,103
9927,3,8,44
9928,20,45,274
9929,6,14,76
9930,4,9,61
9931,17,26,118
9932,9,19,96
9933,15,28,146
9934,2,4,25
9935,16,26,148
9936,8,17,102
9937,8,20,123
9938,9,19,127
9939,8,17,92
9940,13,26,133
9941,6,17,91
9942,5,8,47
9943,2,6,34
9944,3,6,31
9945,11,17,74
9946,12,24,125
9947,2,4,21
9948,5,8,39
9949,4,6,32
9950,10,17,89
9951,3,6,36
9952,10,14,60
9953,10,16,89
9954,13,27,155
9955,10,18,97
9956,3,4,22
9957,28,50,263
9958,8,19,105
9959,3,5,24
9960,5,10,53
9961,5,10,54
9962,5,8,32
9963,13,19,102
9964,11,20,112
9965,12,19,93
9966,5,9,45
9967,12,23,125
9968,5,9,47
9969,5,7,37
9970,24,41,211
9971,7,10,44
9972,4,9,49
9973,6,14,104
9974,0,1,23
9975,0,1,13
9976,6,9,41
9977,19,27,138
9978,34,56,282
9979,9,16,81
9980,10,19,98
9981,2,5,37
9982,9,19,110
9983,19,37,203
9984,20,36,215
9985,30,57,336
9986,0,0,3
9987,4,9,54
9988,23,42,267
9989,7,13,92
9990,18,40,279
9991,13,21,120
9992,10,21,118
9993,17,36,246
9994,19,43,303
9995,9,21,134
9996,18,32,195
9997,18,39,224
9998,22,50,325
9999,21,39,249
10000,17,33,192
10001,24,45,292
10002,8,17,126
10003,18,37,213
10004,20,34,207
10005,22,32,161
10006,14,28,164
10007,11,22,119
10008,12,24,139
10009,12,26,144
10010,16,32,183
10011,15,37,232
10012,28,56,322
10013,6,13,76
10014,27,64,424
10015,15,30,183
10016,15,32,205
10017,6,14,81
10018,25,48,302
10019,10,40,270
10020,16,26,135
10021,13,33,214
10022,15,28,165
10023,11,23,132
10024,4,10,67
10025,25,61,390
10026,18,49,314
10027,0,0,3
10028,3,8,39
10029,27,53,309
10030,11,22,127
10031,9,22,136
10032,12,29,171
10033,22,41,246
10034,26,48,300
10035,10,21,124
10036,8,18,114
10037,9,19,127
10038,7,16,115
10039,17,39,232
10040,9,21,132
10041,16,42,272
10042,10,23,129
10043,2,9,79
10044,2,5,46
10045,2,5,43
10046,8,15,105
10047,7,11,75
10048,7,11,75
10049,5,10,68
10050,4,6,36
10051,5,9,57
10052,15,28,171
10053,8,15,90
10054,8,15,85
10055,7,15,95
10056,4,8,47
10057,6,9,45
10058,11,19,105
10059,6,13,98
10060,12,33,197
10061,12,21,129
10062,8,15,101
10063,7,18,135
10064,11,23,144
10065,1,6,44
10066,1,3,26
10067,9,24,158
10068,6,10,67
10069,14,25,153
10070,13,26,161
10071,4,11,87
10072,0,0,3
10073,16,37,243
10074,8,15,85
10075,6,10,52
10076,4,9,49
10077,0,0,3
10078,8,16,95
10079,8,16,95
10080,4,6,27
10081,3,7,56
10082,11,24,175
10083,8,15,88
10084,4,8,59
10085,8,16,84
10086,0,0,3
10087,6,13,82
10088,2,4,28
10089,1,4,22
10090,13,24,137
10091,13,21,123
10092,6,17,103
10093,7,15,88
10094,6,13,83
10095,3,8,46
10096,1,3,26
10097,0,1,1
10098,2,4,28
10099,0,1,1
10100,1,4,34
10101,1,1,1
10102,3,6,35
10103,0,0,1
10104,12,23,142
10105,6,12,75
10106,0,3,24
10107,10,25,138
10108,13,27,171
10109,10,34,229
10110,7,14,81
10111,6,13,81
10112,1,3,27
10113,7,15,93
10114,6,16,99
10115,1,5,49
10116,12,26,179
10117,3,6,41
10118,0,0,3
10119,2,5,30
10120,10,21,120
10121,3,8,57
10122,0,0,3
10123,4,12,88
10124,0,0,3
10125,0,2,23
10126,8,20,144
10127,0,0,3
10128,2,4,27
10129,3,9,57
10130,6,10,52
10131,0,0,3
10132,3,8,49
10133,0,0,3
10134,4,11,65
10135,0,0,3
10136,1,6,55
10137,0,0,3
10138,17,31,196
10139,0,0,3
10140,4,9,56
10141,0,0,4
10142,5,14,75
10143,0,0,4
10144,6,14,77
10145,2,3,24
10146,15,31,199
10147,12,27,171
10148,3,8,61
10149,7,11,66
10150,13,22,131
10151,6,12,87
10152,6,16,117
10153,8,15,90
10154,2,5,36
10155,17,33,201
10156,7,11,82
10157,14,29,181
10158,13,29,197
10159,6,11,65
10160,7,14,77
10161,6,13,92
10162,7,16,92
10163,8,15,109
10164,5,10,75
10165,0,0,3
10166,6,18,112
10167,3,12,93
10168,3,8,41
10169,2,6,38
10170,0,0,3
10171,5,14,84
10172,2,6,33
10173,0,0,3
10174,6,16,97
10175,0,0,3
10176,3,8,50
10177,0,0,3
10178,6,13,85
10179,0,0,3
10180,4,8,48
10181,0,0,3
10182,8,16,93
10183,0,0,3
10184,11,22,106
10185,0,0,3
10186,5,11,65
10187,4,10,65
10188,4,7,39
10189,11,21,118
10190,6,13,64
10191,3,4,40
10192,4,6,33
10193,11,27,174
10194,8,16,97
10195,13,32,207
10196,14,27,182
10197,5,8,59
10198,4,14,106
10199,5,10,73
10200,1,8,67
10201,7,13,99
10202,9,16,94
10203,13,27,158
10204,10,28,182
10205,3,7,45
10206,8,18,116
10207,0,2,11
10208,1,7,56
10209,7,13,76
10210,3,7,44
10211,8,17,97
10212,19,36,218
10213,14,27,161
10214,10,20,125
10215,14,27,167
10216,4,10,63
10217,4,11,73
10218,2,4,30
10219,1,5,43
10220,1,5,48
10221,1,4,37
10222,1,4,38
10223,5,10,63
10224,0,3,30
10225,1,5,42
10226,2,7,34
10227,12,26,163
10228,27,51,288
10229,17,33,192
10230,12,26,167
10231,8,20,109
10232,6,10,57
10233,2,4,25
10234,5,14,113
10235,4,10,72
10236,5,10,52
10237,13,22,140
10238,11,18,106
10239,13,24,148
10240,2,4,25
10241,7,10,62
10242,13,23,159
10243,9,20,134
10244,5,10,81
10245,12,25,156
10246,7,15,83
10247,6,8,43
10248,7,10,54
10249,9,23,162
10250,3,7,42
10251,20,38,229
10252,3,11,106
10253,7,14,96
10254,3,10,70
10255,0,0,3
10256,4,10,66
10257,15,28,173
10258,2,7,49
10259,20,40,296
10260,18,33,179
10261,12,20,113
10262,11,20,148
10263,30,49,291
10264,0,0,3
10265,6,15,114
10266,13,23,142
10267,9,19,132
10268,8,19,128
10269,10,24,189
10270,20,39,246
10271,7,12,68
10272,15,26,158
10273,14,28,171
10274,19,40,280
10275,7,14,109
10276,15,31,190
10277,8,16,96
10278,2,5,35
10279,7,18,110
10280,12,23,182
10281,17,38,259
10282,12,25,160
10283,6,14,86
10284,21,36,197
10285,12,24,141
10286,10,12,68
10287,4,10,66
10288,19,38,251
10289,11,25,191
10290,18,34,255
10291,5,12,83
10292,7,15,96
10293,0,0,3
10294,2,7,52
10295,0,0,3
10296,0,2,24
10297,9,21,137
10298,11,27,186
10299,11,28,166
10300,10,21,142
10301,29,55,316
10302,24,45,268
10303,3,11,76
10304,11,20,130
10305,2,6,42
10306,5,12,76
10307,6,15,92
10308,22,45,273
10309,8,18,122
10310,18,39,248
10311,12,28,158
10312,19,37,239
10313,0,0,3
10314,0,2,24
10315,27,51,301
10316,16,28,149
10317,15,28,170
10318,19,43,276
10319,4,10,82
10320,10,23,151
10321,20,36,215
10322,23,44,260
10323,13,30,204
10324,12,27,163
10325,6,13,82
10326,8,14,81
10327,19,32,184
10328,12,22,136
10329,24,42,247
10330,8,14,81
10331,18,28,134
10332,21,41,238
10333,23,43,275
10334,14,21,113
10335,13,24,145
10336,32,61,352
10337,11,23,136
10338,25,51,313
10339,16,32,208
10340,11,17,87
10341,11,20,136
10342,26,42,235
10343,15,27,158
10344,32,60,401
10345,16,34,204
10346,13,22,134
10347,23,41,262
10348,11,27,185
10349,25,44,249
10350,7,18,141
10351,2,6,47
10352,6,13,89
10353,8,16,99
10354,32,49,271
10355,3,12,87
10356,16,27,145
10357,22,50,323
10358,11,18,88
10359,10,25,159
10360,16,29,176
10361,15,35,225
10362,10,19,123
10363,11,22,126
10364,10,16,93
10365,16,34,205
10366,6,22,128
10367,23,47,288
10368,9,22,140
10369,5,12,72
10370,32,63,373
10371,15,28,167
10372,20,42,243
10373,7,15,87
10374,10,23,147
10375,4,8,42
10376,23,45,271
10377,12,24,154
10378,13,26,146
10379,21,33,190
10380,11,26,176
10381,10,21,112
10382,9,17,92
10383,4,9,48
10384,9,16,82
10385,28,55,315
10386,32,61,369
10387,33,63,361
10388,32,63,347
10389,12,38,291
10390,11,25,187
10391,8,22,137
10392,5,11,97
10393,7,16,96
10394,15,34,214
10395,9,20,127
10396,9,14,70
10397,9,16,91
10398,8,19,122
10399,7,18,121
10400,6,24,194
10401,17,34,209
10402,18,40,262
10403,14,23,138
10404,6,14,113
10405,26,47,275
10406,9,20,126
10407,10,22,158
10408,4,11,83
10409,5,15,131
10410,7,17,125
10411,1,3,24
10412,36,71,461
10413,14,30,201
10414,6,12,84
10415,7,22,182
10416,17,32,198
10417,19,37,256
10418,31,65,450
10419,14,27,184
10420,10,20,147
10421,14,34,233
10422,6,14,94
10423,12,29,179
10424,5,11,83
10425,15,25,160
10426,16,27,174
10427,5,6,33
10428,19,36,219
10429,14,27,160
10430,6,13,87
10431,10,27,192
10432,10,24,184
10433,12,26,154
10434,16,36,275
10435,18,34,173
10436,8,14,79
10437,15,29,192
10438,14,30,189
10439,12,25,165
10440,3,14,132
10441,19,50,350
10442,3,5,35
10443,21,42,288
10444,7,20,137
10445,10,23,178
10446,20,42,255
10447,12,25,151
10448,5,7,41
10449,5,17,125
10450,4,12,84
10451,0,0,1
10452,5,9,52
10453,16,33,207
10454,3,16,137
10455,20,36,224
10456,17,45,314
10457,12,26,175
10458,21,43,279
10459,13,26,155
10460,16,33,200
10461,12,21,123
10462,25,39,224
10463,5,16,111
10464,1,3,20
10465,9,21,141
10466,10,23,158
10467,8,21,150
10468,7,11,65
10469,21,37,221
10470,13,27,167
10471,9,17,92
10472,18,38,205
10473,9,14,73
10474,3,7,40
10475,14,27,133
10476,18,31,168
10477,14,21,103
10478,0,2,13
10479,13,24,120
10480,15,28,141
10481,7,9,44
10482,8,15,85
10483,6,13,69
10484,7,14,76
10485,17,28,147
10486,12,22,119
10487,5,9,52
10488,5,8,42
10489,4,9,45
10490,6,11,59
10491,23,42,211
10492,19,31,155
10493,12,22,116
10494,5,10,53
10495,10,20,102
10496,6,11,61
10497,30,53,276
10498,11,23,124
10499,8,14,73
10500,14,24,115
10501,8,21,147
10502,1,3,18
10503,4,9,44
10504,12,20,94
10505,9,14,68
10506,11,24,126
10507,17,28,140
10508,8,15,88
10509,5,11,61
10510,7,14,88
10511,4,12,64
10512,7,16,84
10513,7,14,81
10514,12,25,133
10515,8,16,100
10516,5,13,68
10517,14,25,134
10518,2,9,68
10519,5,9,36
10520,10,30,184
10521,3,5,30
10522,19,40,220
10523,4,5,29
10524,5,11,60
10525,1,3,26
10526,17,27,138
10527,9,13,61
10528,2,4,20
10529,10,16,79
10530,14,31,149
10531,5,12,67
10532,19,34,192
10533,10,27,149
10534,23,43,244
10535,25,49,285
10536,10,22,121
10537,13,21,96
10538,4,8,45
10539,12,23,116
10540,9,20,137
10541,5,11,62
10542,8,16,87
10543,8,15,78
10544,35,65,332
10545,6,11,70
10546,6,10,49
10547,2,4,20
10548,8,13,72
10549,7,13,86
10550,5,10,59
10551,10,14,65
10552,9,13,60
10553,8,14,74
10554,24,46,259
10555,9,16,84
10556,4,8,56
10557,9,21,127
10558,21,37,174
10559,19,39,206
10560,6,15,93
10561,15,29,146
10562,9,18,88
10563,2,7,65
10564,15,26,141
10565,20,33,174
10566,8,18,122
10567,8,12,59
10568,4,11,74
10569,3,7,43
10570,16,30,171
10571,16,28,141
10572,6,10,43
10573,11,22,116
10574,10,19,114
10575,14,25,136
10576,11,20,121
10577,13,28,195
10578,10,17,107
10579,11,26,155
10580,7,11,50
10581,12,20,120
10582,8,16,103
10583,12,23,135
10584,18,31,168
10585,16,25,174
10586,10,20,144
10587,8,18,131
10588,16,23,123
10589,10,22,138
10590,5,9,51
10591,4,9,53
10592,13,32,204
10593,16,32,197
10594,2,5,27
10595,12,28,182
10596,9,31,234
10597,4,9,60
10598,3,9,69
10599,12,20,107
10600,17,29,169
10601,10,18,114
10602,31,54,324
10603,9,22,156
10604,14,30,190
10605,10,16,118
10606,1,3,18
10607,8,15,88
10608,10,28,202
10609,13,22,129
10610,6,14,83
10611,19,34,181
10612,20,54,382
10613,3,17,101
10614,5,18,111
10615,6,19,113
10616,3,8,51
10617,13,30,202
10618,9,16,109
10619,8,20,155
10620,17,32,184
10621,0,2,16
10622,21,39,225
10623,7,14,75
10624,18,41,275
10625,5,11,68
10626,7,17,119
10627,18,53,343
10628,12,22,124
10629,21,48,344
10630,25,50,327
10631,9,18,102
10632,10,19,110
10633,5,12,77
10634,1,3,23
10635,5,8,55
10636,8,20,118
10637,1,2,25
10638,12,24,146
10639,7,16,108
10640,17,30,199
10641,9,25,159
10642,5,11,64
10643,3,12,81
10644,6,15,125
10645,27,44,287
10646,1,5,43
10647,6,13,105
10648,8,14,91
10649,5,14,104
10650,13,31,224
10651,25,58,400
10652,5,11,80
10653,12,24,168
10654,1,6,58
10655,4,11,71
10656,8,18,96
10657,9,22,166
10658,11,22,139
10659,4,8,46
10660,9,17,99
10661,8,30,218
10662,5,10,59
10663,8,18,138
10664,11,23,157
10665,14,27,170
10666,9,23,210
10667,4,15,111
10668,5,12,88
10669,14,26,160
10670,3,14,112
10671,6,15,94
10672,5,9,64
10673,14,27,153
10674,17,35,198
10675,8,19,112
10676,11,29,205
10677,4,8,56
10678,3,11,81
10679,8,17,104
10680,8,13,82
10681,12,24,129
10682,5,9,52
10683,10,27,181
10684,8,18,110
10685,4,8,44
10686,5,11,72
10687,5,14,77
10688,5,13,86
10689,12,25,147
10690,3,11,64
10691,11,25,149
10692,12,25,166
10693,17,44,304
10694,12,34,227
10695,3,9,57
10696,6,15,104
10697,11,17,114
10698,4,12,85
10699,6,10,66
10700,4,10,73
10701,7,15,100
10702,15,35,229
10703,13,28,176
10704,2,8,72
10705,12,24,135
10706,10,21,152
10707,11,24,162
10708,7,12,66
10709,12,24,123
10710,4,9,59
10711,14,23,126
10712,6,22,146
10713,5,12,80
10714,8,19,115
10715,7,12,74
10716,11,24,140
10717,15,33,213
10718,11,30,210
10719,16,24,137
10720,6,13,80
10721,7,18,113
10722,24,48,285
10723,11,25,165
10724,19,41,291
10725,5,11,72
10726,10,19,108
10727,6,14,86
10728,11,16,98
10729,18,33,210
10730,5,10,65
10731,8,16,108
10732,14,34,213
10733,15,26,148
10734,12,29,206
10735,8,17,106
10736,9,26,184
10737,6,13,78
10738,11,23,139
10739,15,30,195
10740,13,27,149
10741,5,14,103
10742,10,28,180
10743,10,21,122
10744,23,58,351
10745,13,22,116
10746,8,12,63
10747,9,18,98
10748,10,22,121
10749,8,17,103
10750,0,0,8
10751,10,30,182
10752,10,18,115
10753,6,11,75
10754,3,8,57
10755,4,12,90
10756,6,19,124
10757,19,41,241
10758,0,0,8
10759,8,18,106
10760,5,18,106
10761,9,17,101
10762,8,17,99
10763,13,30,209
10764,28,50,300
10765,0,0,5
10766,16,35,212
10767,8,16,98
10768,32,60,361
10769,7,20,123
10770,9,20,123
10771,11,26,162
10772,14,36,220
10773,3,6,25
10774,8,13,66
10775,0,1,16
10776,4,9,48
10777,11,17,81
10778,8,12,59
10779,0,1,23
10780,3,8,44
10781,0,1,12
10782,5,9,52
10783,7,10,48
10784,3,5,33
10785,4,7,35
10786,2,5,33
10787,7,11,51
10788,0,1,23
10789,6,14,82
10790,12,26,144
10791,0,1,11
10792,8,13,67
10793,0,1,17
10794,11,16,81
10795,21,35,185
10796,0,1,27
10797,5,9,54
10798,0,1,14
10799,5,10,49
10800,0,0,1
10801,11,17,103
10802,0,1,16
10803,9,13,57
10804,0,1,14
10805,15,33,173
10806,6,9,44
10807,7,10,48
10808,0,1,20
10809,2,5,26
10810,10,15,67
10811,6,12,63
10812,0,1,18
10813,5,9,42
10814,0,1,18
10815,9,14,57
10816,9,16,81
10817,0,1,24
10818,0,1,18
10819,6,12,52
10820,0,1,15
10821,16,30,166
10822,5,9,51
10823,16,24,134
10824,0,1,15
10825,5,9,35
10826,4,10,51
10827,0,1,18
10828,6,10,44
10829,9,15,79
10830,5,8,38
10831,0,1,15
10832,6,10,45
10833,5,9,47
10834,7,11,62
10835,0,1,18
10836,10,14,62
10837,6,13,71
10838,0,1,16
10839,6,11,49
10840,17,26,125
10841,0,1,19
10842,28,50,287
10843,0,1,13
10844,5,13,86
10845,11,26,144
10846,12,25,127
10847,6,9,44
10848,7,10,48
10849,8,13,67
10850,0,1,22
10851,3,6,27
10852,3,7,33
10853,8,16,98
10854,0,1,14
10855,13,24,132
10856,2,5,30
10857,0,1,18
10858,6,9,50
10859,10,12,60
10860,4,10,53
10861,5,9,54
10862,0,1,20
10863,5,10,49
10864,4,7,32
10865,0,1,13
10866,6,8,33
10867,8,10,41
10868,0,1,15
10869,7,15,85
10870,0,1,13
10871,5,10,55
10872,14,24,138
10873,0,1,19
10874,5,10,48
10875,4,7,36
10876,0,1,15
10877,9,13,58
10878,20,29,125
10879,0,1,14
10880,5,9,54
10881,0,1,14
10882,3,7,44
10883,14,23,114
10884,6,9,42
10885,0,1,16
10886,3,7,46
10887,19,33,173
10888,0,1,13
10889,3,6,26
10890,4,8,32
10891,9,16,76
10892,22,29,132
10893,0,1,18
10894,1,3,12
10895,6,15,93
10896,3,8,61
10897,8,19,117
10898,15,25,130
10899,2,4,23
10900,5,10,51
10901,13,35,202
10902,3,6,49
10903,30,54,290
10904,6,9,39
10905,2,3,17
10906,10,23,120
10907,4,6,28
10908,2,3,17
10909,2,3,18
10910,2,4,17
10911,1,3,16
10912,3,5,25
10913,1,4,24
10914,11,23,128
10915,2,4,20
10916,5,10,57
10917,3,4,20
10918,6,10,54
10919,7,13,87
10920,2,3,17
10921,8,19,102
10922,7,13,65
10923,2,3,17
10924,8,16,75
10925,5,6,28
10926,16,30,174
10927,24,37,194
10928,0,0,6
10929,5,6,25
10930,6,9,39
10931,9,16,98
10932,6,15,87
10933,7,10,50
10934,8,13,59
10935,13,14,64
10936,16,24,117
10937,3,4,19
10938,2,4,25
10939,5,9,59
10940,15,34,198
10941,2,5,32
10942,10,17,87
10943,7,11,60
10944,0,2,16
10945,3,5,28
10946,8,14,77
10947,23,39,204
10948,5,9,53
10949,6,11,67
10950,3,8,58
10951,12,21,124
10952,5,7,40
10953,6,7,37
10954,4,7,37
10955,3,4,26
10956,2,5,26
10957,10,19,97
10958,12,21,101
10959,12,17,76
10960,6,12,67
10961,7,14,86
10962,5,9,56
10963,1,2,15
10964,29,63,371
10965,2,5,39
10966,2,6,39
10967,7,12,74
10968,17,37,237
10969,3,12,85
10970,6,12,79
10971,4,8,46
10972,4,7,37
10973,15,32,206
10974,6,15,77
10975,2,5,30
10976,2,7,42
10977,13,27,174
10978,5,9,61
10979,6,11,61
10980,12,22,123
10981,8,13,84
10982,5,10,62
10983,4,8,54
10984,10,13,84
10985,3,6,46
10986,2,2,18
10987,5,9,57
10988,4,10,59
10989,6,11,72
10990,5,12,76
10991,5,17,115
10992,10,20,111
10993,9,21,129
10994,4,10,52
10995,4,14,83
10996,13,32,211
10997,1,5,37
10998,3,12,80
10999,9,19,114
11000,6,14,90
11001,3,9,56
11002,1,6,42
11003,8,19,112
11004,2,8,54
11005,4,15,116
11006,3,10,63
11007,8,20,149
11008,5,12,77
11009,5,14,82
11010,8,26,150
11011,5,11,59
11012,5,12,55
11013,20,39,254
11014,5,13,81
11015,5,11,65
11016,7,13,71
11017,2,5,26
11018,6,12,70
11019,9,12,64
11020,6,8,37
11021,4,12,88
11022,2,2,8
11023,1,6,40
11024,3,8,56
11025,7,14,96
11026,5,11,69
11027,4,7,34
11028,2,4,19
11029,6,14,86
11030,18,36,220
11031,8,13,94
11032,5,10,74
11033,3,4,19
11034,2,4,23
11035,14,23,123
11036,3,5,22
11037,13,24,128
11038,2,6,37
11039,13,27,143
11040,8,20,149
11041,4,8,56
11042,11,19,89
11043,8,15,76
11044,7,11,60
11045,10,21,124
11046,6,9,58
11047,16,32,185
11048,14,23,118
11049,5,12,61
11050,5,11,53
11051,5,12,71
11052,4,9,55
11053,5,12,68
11054,8,15,81
11055,9,20,112
11056,0,2,20
11057,4,8,48
11058,8,20,132
11059,0,2,16
11060,15,32,184
11061,3,8,51
11062,3,9,49
11063,10,19,106
11064,5,10,59
11065,7,14,68
11066,1,3,23
11067,7,14,81
11068,12,17,88
11069,1,5,36
11070,8,9,46
11071,5,10,62
11072,10,20,115
11073,0,1,11
11074,0,0,2
11075,4,4,20
11076,7,17,109
11077,4,8,39
11078,10,15,83
11079,11,20,107
11080,7,12,61
11081,16,27,125
11082,11,18,92
11083,3,5,28
11084,2,5,24
11085,5,6,33
11086,9,12,54
11087,11,21,112
11088,19,40,280
11089,10,15,83
11090,5,9,47
11091,19,38,217
11092,5,17,108
11093,6,14,94
11094,8,22,151
11095,28,55,339
11096,9,23,152
11097,13,23,141
11098,3,8,56
11099,1,8,64
11100,3,8,50
11101,6,15,106
11102,3,5,22
11103,2,6,45
11104,15,24,145
11105,9,22,128
11106,17,32,219
11107,2,6,34
11108,7,16,94
11109,4,6,34
11110,11,27,168
11111,10,20,113
11112,5,9,53
11113,5,7,43
11114,1,6,45
11115,2,5,29
11116,3,6,34
11117,3,7,41
11118,12,17,80
11119,9,16,91
11120,26,54,361
11121,29,67,513
11122,13,28,205
11123,10,21,194
11124,9,19,130
11125,14,30,199
11126,6,13,68
11127,5,12,81
11128,5,8,81
11129,12,25,169
11130,11,25,173
11131,5,12,91
11132,12,20,103
11133,7,14,93
11134,10,19,112
11135,3,3,13
11136,7,9,45
11137,18,31,176
11138,9,25,151
11139,9,23,173
11140,8,18,92
11141,11,24,145
11142,5,10,59
11143,3,7,78
11144,16,35,269
11145,3,9,55
11146,4,11,70
11147,14,29,202
11148,7,15,121
11149,11,28,184
11150,15,26,204
11151,5,13,89
11152,13,21,129
11153,18,28,172
11154,13,27,165
11155,13,27,160
11156,17,29,175
11157,6,13,89
11158,3,8,52
11159,9,21,139
11160,8,16,86
11161,8,23,157
11162,6,16,103
11163,19,40,224
11164,18,31,173
11165,2,5,54
11166,0,0,3
11167,7,15,87
11168,0,0,3
11169,9,19,130
11170,0,0,3
11171,3,6,38
11172,0,0,3
11173,13,31,200
11174,7,16,94
11175,20,34,176
11176,0,0,3
11177,2,5,47
11178,7,12,67
11179,7,14,73
11180,5,13,81
11181,15,29,153
11182,0,0,3
11183,27,43,226
11184,3,6,40
11185,12,20,112
11186,10,17,110
11187,4,10,51
11188,2,3,17
11189,17,29,173
11190,18,32,165
11191,12,28,197
11192,9,18,90
11193,9,20,114
11194,12,18,94
11195,3,6,34
11196,4,6,34
11197,14,20,109
11198,4,9,54
11199,6,12,74
11200,12,24,135
11201,5,14,92
11202,7,11,50
11203,10,14,78
11204,4,9,52
11205,9,15,74
11206,11,20,133
11207,10,18,98
11208,9,17,93
11209,4,9,50
11210,5,14,87
11211,19,33,186
11212,7,19,104
11213,4,6,36
11214,6,13,86
11215,8,14,69
11216,6,16,85
11217,9,17,78
11218,5,8,38
11219,6,11,57
11220,7,16,80
11221,5,11,63
11222,8,20,109
11223,4,7,34
11224,14,21,113
11225,5,13,75
11226,7,11,62
11227,10,19,94
11228,8,19,102
11229,8,16,106
11230,1,3,22
11231,6,9,44
11232,4,8,42
11233,4,10,59
11234,22,36,189
11235,10,23,123
11236,10,20,119
11237,1,3,17
11238,4,8,43
11239,3,7,29
11240,9,20,102
11241,3,8,50
11242,13,22,100
11243,7,16,102
11244,7,13,73
11245,11,21,103
11246,10,14,79
11247,8,15,91
11248,10,19,85
11249,7,12,68
11250,11,21,112
11251,7,15,105
11252,3,7,41
11253,9,21,97
11254,6,14,87
11255,13,25,120
11256,10,21,144
11257,8,17,89
11258,15,30,169
11259,11,20,106
11260,13,26,125
11261,11,19,108
11262,14,30,150
11263,11,22,100
11264,6,12,78
11265,6,11,64
11266,8,14,68
11267,3,9,58
11268,5,15,93
11269,3,5,22
11270,6,12,62
11271,10,19,102
11272,3,4,18
11273,12,20,109
11274,2,7,45
11275,8,16,99
11276,3,5,26
11277,1,3,24
11278,9,19,116
11279,7,17,92
11280,8,17,107
11281,13,26,149
11282,10,27,186
11283,14,24,120
11284,8,14,75
11285,14,32,189
11286,12,16,79
11287,5,13,71
11288,3,6,42
11289,21,34,181
11290,11,24,149
11291,9,18,104
11292,2,6,37
11293,7,16,101
11294,10,17,81
11295,9,19,114
11296,11,18,107
11297,14,27,168
11298,6,10,55
11299,11,18,101
11300,5,9,48
11301,7,14,94
11302,5,12,66
11303,11,23,124
11304,2,5,36
11305,11,28,169
11306,3,7,49
11307,9,21,134
11308,16,33,215
11309,3,10,73
11310,8,21,139
11311,5,12,88
11312,17,42,296
11313,4,10,69
11314,9,19,117
11315,9,18,110
11316,0,6,42
11317,8,19,109
11318,6,12,71
11319,7,14,84
11320,9,20,144
11321,11,26,166
11322,13,28,175
11323,7,14,90
11324,7,15,99
11325,2,6,40
11326,8,14,72
11327,6,13,88
11328,8,13,70
11329,13,25,159
11330,18,34,207
11331,7,12,89
11332,5,14,76
11333,15,33,200
11334,13,31,179
11335,6,12,68
11336,9,18,97
11337,7,14,92
11338,7,17,109
11339,17,43,305
11340,16,37,225
11341,12,23,137
11342,11,23,163
11343,15,32,233
11344,10,23,161
11345,10,19,129
11346,22,50,305
11347,3,11,70
11348,9,16,135
11349,15,42,276
11350,21,47,279
11351,13,30,186
11352,7,14,95
11353,7,9,40
11354,11,31,214
11355,4,12,89
11356,8,18,119
11357,5,12,73
11358,2,8,48
11359,7,14,79
11360,5,10,72
11361,7,18,103
11362,9,15,104
11363,6,13,85
11364,2,7,49
11365,15,27,163
11366,9,15,93
11367,3,9,66
11368,7,11,61
11369,12,19,97
11370,11,17,104
11371,9,18,142
11372,8,17,103
11373,6,10,70
11374,5,11,95
11375,15,25,134
11376,8,18,115
11377,2,10,127
11378,8,17,106
11379,6,12,66
11380,14,26,179
11381,14,27,168
11382,11,21,149
11383,10,20,123
11384,22,39,237
11385,6,14,94
11386,3,10,72
11387,3,11,95
11388,17,35,207
11389,8,15,89
11390,20,41,271
11391,10,19,102
11392,12,26,158
11393,12,25,151
11394,6,11,81
11395,6,12,80
11396,16,25,141
11397,4,7,49
11398,6,13,84
11399,3,7,39
11400,3,8,72
11401,8,15,72
11402,11,20,116
11403,17,31,190
11404,6,14,117
11405,7,12,85
11406,7,15,96
11407,25,46,255
11408,6,14,99
11409,5,16,111
11410,13,32,212
11411,8,17,93
11412,8,22,180
11413,8,23,156
11414,21,42,237
11415,9,25,165
11416,6,13,93
11417,12,30,178
11418,12,26,164
11419,8,17,99
11420,5,12,83
11421,4,10,77
11422,15,30,170
11423,13,27,161
11424,9,19,148
11425,13,22,105
11426,7,16,103
11427,12,21,144
11428,19,46,282
11429,12,29,206
11430,14,25,166
11431,8,22,149
11432,13,25,146
11433,6,8,72
11434,6,18,142
11435,7,15,90
11436,4,9,51
11437,14,34,222
11438,11,23,129
11439,10,18,109
11440,10,21,149
11441,18,31,184
11442,5,14,103
11443,20,43,286
11444,4,9,58
11445,7,15,91
11446,9,19,130
11447,7,21,145
11448,0,0,1
11449,5,10,87
11450,3,8,59
11451,20,43,259
11452,16,29,149
11453,5,24,210
11454,7,15,97
11455,5,15,178
11456,13,26,166
11457,8,16,126
11458,10,19,125
11459,16,26,141
11460,2,7,56
11461,0,6,42
11462,10,22,149
11463,7,14,84
11464,9,19,145
11465,19,42,242
11466,6,20,137
11467,14,31,209
11468,7,18,119
11469,11,19,110
11470,5,15,96
11471,4,8,44
11472,16,29,174
11473,10,21,119
11474,12,30,199
11475,17,32,193
11476,12,28,179
11477,2,5,25
11478,12,19,96
11479,9,24,124
11480,11,28,211
11481,12,20,126
11482,12,26,168
11483,4,9,64
11484,12,23,138
11485,7,17,120
11486,6,13,95
11487,10,22,129
11488,14,30,180
11489,3,8,56
11490,5,14,83
11491,3,7,50
11492,5,10,67
11493,8,16,103
11494,11,14,74
11495,15,33,207
11496,11,21,130
11497,10,26,179
11498,18,36,179
11499,11,18,99
11500,16,32,187
11501,5,11,71
11502,8,17,98
11503,7,13,79
11504,12,24,143
11505,10,22,128
11506,14,33,223
11507,8,25,187
11508,11,24,186
11509,8,16,94
11510,19,41,278
11511,15,34,193
11512,8,16,82
11513,5,14,94
11514,5,9,64
11515,15,28,150
11516,16,34,219
11517,2,6,47
11518,0,3,33
11519,12,24,166
11520,8,19,126
11521,7,11,57
11522,14,30,183
11523,10,26,171
11524,12,24,160
11525,7,20,136
11526,4,8,43
11527,21,29,129
11528,15,24,114
11529,15,23,143
11530,0,3,28
11531,5,11,78
11532,12,24,132
11533,23,35,182
11534,20,34,176
11535,8,20,116
11536,12,24,152
11537,2,5,30
11538,3,8,42
11539,5,11,65
11540,6,13,79
11541,8,14,75
11542,0,4,30
11543,5,14,86
11544,9,15,95
11545,8,19,120
11546,10,19,94
11547,5,12,94
11548,2,5,38
11549,9,20,122
11550,5,12,73
11551,0,3,22
11552,7,13,88
11553,10,18,93
11554,16,30,170
11555,7,11,65
11556,13,28,165
11557,0,5,35
11558,2,10,69
11559,10,20,114
11560,15,28,193
11561,10,27,163
11562,8,14,66
11563,7,17,112
11564,4,11,69
11565,0,0,1
11566,6,16,100
11567,9,16,96
11568,13,23,129
11569,7,13,80
11570,2,5,34
11571,5,17,119
11572,7,16,146
11573,0,0,1
11574,6,14,71
11575,7,16,93
11576,1,2,13
11577,2,11,89
11578,3,9,80
11579,3,10,62
11580,13,23,124
11581,2,8,71
11582,15,28,153
11583,0,4,41
11584,5,8,57
11585,4,8,49
11586,14,31,192
11587,16,30,166
11588,1,5,40
11589,13,24,125
11590,16,29,172
11591,6,13,77
11592,13,20,114
11593,16,28,158
11594,11,21,120
11595,16,35,191
11596,11,17,79
11597,12,34,213
11598,12,23,115
11599,2,6,39
11600,7,20,135
11601,22,44,282
11602,12,24,127
11603,8,17,109
11604,13,24,153
11605,8,20,118
11606,2,4,24
11607,16,36,217
11608,12,24,134
11609,10,22,130
11610,7,20,129
11611,12,26,170
11612,10,21,117
11613,0,1,17
11614,1,4,31
11615,3,10,98
11616,2,4,28
11617,24,39,202
11618,7,13,61
11619,12,22,127
11620,13,25,140
11621,5,6,30
11622,10,18,101
11623,13,34,205
11624,7,18,120
11625,11,21,143
11626,3,6,57
11627,5,16,90
11628,10,21,124
11629,11,28,192
11630,15,30,166
11631,13,32,226
11632,18,43,286
11633,12,23,168
11634,18,32,174
11635,7,16,118
11636,19,40,233
11637,7,20,135
11638,19,39,239
11639,9,16,83
11640,8,20,124
11641,9,15,74
11642,12,28,184
11643,10,19,109
11644,5,11,68
11645,13,20,139
11646,3,10,60
11647,5,9,53
11648,11,20,97
11649,8,10,51
11650,9,16,90
11651,6,13,77
11652,6,15,113
11653,13,28,135
11654,5,12,72
11655,5,15,100
11656,11,18,87
11657,26,57,343
11658,5,9,45
11659,6,17,117
11660,16,31,161
11661,10,23,139
11662,4,6,28
11663,12,27,152
11664,7,16,101
11665,11,19,122
11666,7,17,104
11667,5,9,44
11668,21,36,177
11669,10,20,105
11670,9,21,134
11671,11,21,115
11672,5,20,137
11673,6,16,94
11674,5,13,83
11675,23,43,249
11676,9,18,96
11677,10,20,110
11678,6,10,53
11679,2,7,42
11680,17,31,169
11681,3,4,20
11682,5,10,68
11683,12,21,110
11684,5,15,89
11685,15,26,142
11686,24,43,249
11687,4,10,58
11688,16,24,128
11689,8,21,128
11690,6,16,117
11691,13,29,171
11692,10,16,76
11693,6,13,67
11694,6,16,105
11695,11,27,188
11696,10,19,125
11697,5,8,41
11698,11,27,186
11699,1,7,47
11700,16,35,233
11701,15,33,183
11702,15,40,282
11703,8,18,106
11704,5,16,101
11705,3,6,55
11706,4,9,69
11707,18,41,290
11708,5,9,55
11709,10,28,177
11710,15,46,330
11711,11,28,175
11712,3,7,41
11713,13,25,150
11714,3,8,63
11715,6,14,92
11716,13,28,192
11717,13,27,170
11718,11,21,118
11719,8,16,86
11720,12,24,123
11721,5,11,60
11722,7,14,73
11723,5,15,87
11724,11,24,148
11725,5,10,50
11726,13,20,110
11727,6,16,97
11728,12,28,155
11729,10,18,96
11730,13,28,160
11731,8,19,120
11732,16,26,145
11733,3,5,29
11734,8,19,103
11735,7,15,90
11736,4,13,87
11737,13,25,127
11738,11,21,117
11739,3,10,73
11740,2,7,58
11741,13,25,143
11742,6,16,106
11743,4,9,73
11744,9,24,150
11745,1,5,36
11746,5,11,74
11747,14,30,180
11748,5,10,71
11749,10,18,112
11750,3,5,27
11751,14,30,200
11752,4,6,28
11753,0,1,5
11754,13,24,164
11755,10,19,94
11756,8,14,90
11757,7,17,97
11758,10,19,126
11759,7,18,112
11760,8,18,119
11761,5,10,69
11762,7,14,79
11763,4,9,55
11764,13,19,114
11765,5,12,64
11766,5,7,76
11767,5,8,43
11768,2,10,64
11769,4,14,101
11770,5,11,57
11771,14,21,139
11772,4,8,44
11773,4,15,85
11774,2,6,35
11775,6,13,88
11776,0,1,12
11777,15,21,124
11778,5,9,74
11779,2,4,29
11780,11,23,162
11781,11,24,137
11782,6,13,77
11783,5,10,69
11784,4,9,61
11785,3,9,61
11786,3,11,69
11787,11,23,128
11788,6,11,70
11789,11,22,109
11790,7,13,77
11791,8,19,111
11792,11,17,91
11793,6,14,76
11794,1,9,55
11795,4,9,57
11796,7,14,97
11797,4,13,70
11798,4,10,76
11799,2,4,33
11800,1,4,24
11801,6,13,83
11802,3,9,55
11803,3,8,58
11804,0,1,14
11805,10,21,118
11806,10,23,127
11807,13,27,163
11808,2,4,36
11809,7,19,119
11810,8,16,94
11811,7,13,89
11812,6,12,67
11813,10,20,113
11814,5,10,62
11815,8,28,165
11816,14,30,169
11817,9,16,98
11818,6,16,97
11819,5,8,43
11820,6,14,73
11821,12,25,146
11822,2,5,45
11823,4,8,36
11824,7,11,62
11825,1,4,32
11826,13,22,115
11827,3,7,60
11828,5,10,74
11829,14,31,181
11830,9,17,110
11831,7,14,76
11832,6,11,52
11833,3,10,62
11834,10,19,105
11835,5,9,45
11836,10,22,110
11837,5,10,57
11838,3,6,60
11839,5,11,63
11840,2,5,25
11841,10,28,160
11842,4,10,55
11843,10,17,87
11844,7,15,82
11845,7,15,85
11846,6,15,98
11847,3,14,92
11848,5,9,41
11849,7,13,77
11850,19,39,239
11851,10,20,128
11852,2,5,26
11853,18,32,179
11854,9,18,112
11855,7,20,129
11856,22,31,172
11857,7,14,86
11858,19,30,167
11859,12,24,135
11860,4,7,47
11861,6,12,74
11862,3,7,52
11863,5,13,91
11864,15,29,184
11865,2,8,77
11866,8,17,98
11867,4,11,61
11868,0,0,1
11869,3,5,44
11870,7,12,53
11871,1,3,18
11872,5,11,66
11873,7,11,58
11874,4,9,55
11875,5,7,34
11876,3,6,34
11877,12,20,102
11878,1,3,18
11879,16,28,155
11880,6,11,83
11881,3,6,39
11882,5,10,52
11883,1,3,18
11884,4,11,66
11885,15,29,169
11886,15,28,174
11887,4,17,133
11888,7,13,84
11889,4,8,47
11890,6,12,82
11891,7,11,55
11892,4,9,57
11893,11,20,128
11894,8,18,114
11895,11,19,112
11896,1,4,39
11897,13,22,125
11898,6,12,70
11899,3,9,52
11900,9,24,154
11901,6,11,60
11902,4,8,51
11903,6,10,58
11904,0,2,19
11905,7,12,67
11906,3,8,61
11907,4,14,112
11908,13,22,120
11909,15,30,185
11910,6,11,87
11911,5,11,65
11912,16,32,194
11913,21,35,219
11914,7,16,103
11915,2,4,21
11916,6,14,91
11917,6,14,112
11918,0,10,82
11919,2,10,65
11920,7,14,88
11921,4,10,69
11922,12,22,119
11923,3,8,44
11924,0,0,1
11925,0,2,17
11926,12,25,168
11927,6,16,111
11928,7,15,95
11929,17,34,186
11930,10,21,113
11931,3,5,29
11932,8,14,80
11933,13,22,127
11934,14,27,160
11935,7,17,117
11936,6,12,82
11937,11,22,133
11938,11,17,89
11939,14,29,165
11940,15,31,192
11941,6,12,69
11942,19,36,190
11943,23,42,239
11944,4,7,35
11945,7,16,92
11946,5,12,79
11947,9,16,100
11948,0,0,1
11949,11,25,143
11950,5,11,64
11951,3,5,34
11952,8,22,146
11953,13,32,209
11954,20,40,223
11955,0,4,33
11956,8,24,144
11957,12,20,116
11958,8,14,89
11959,2,2,9
11960,1,4,17
11961,1,4,29
11962,1,5,26
11963,1,3,15
11964,0,0,1
11965,18,32,166
11966,14,24,123
11967,12,26,143
11968,3,6,35
11969,10,20,123
11970,9,16,84
11971,7,20,115
11972,11,24,133
11973,0,0,1
11974,8,17,98
11975,6,13,78
11976,0,0,1
11977,9,19,106
11978,4,11,74
11979,0,1,23
11980,13,28,187
11981,9,18,120
11982,6,14,117
11983,0,3,54
11984,2,9,89
11985,10,27,173
11986,16,23,120
11987,9,20,120
11988,0,6,75
11989,8,25,192
11990,6,10,52
11991,3,8,43
11992,8,15,79
11993,13,26,130
11994,11,25,146
11995,3,7,62
11996,4,10,50
11997,8,12,67
11998,11,19,93
11999,5,22,174
12000,17,34,200
12001,13,25,143
12002,10,16,93
12003,7,13,68
12004,3,6,33
12005,4,12,93
12006,6,11,63
12007,5,13,67
12008,5,10,51
12009,5,11,59
12010,4,9,57
12011,10,16,70
12012,18,33,192
12013,11,22,148
12014,2,5,30
12015,8,18,131
12016,17,28,165
12017,9,20,101
12018,3,13,99
12019,2,4,25
12020,7,15,94
12021,4,12,113
12022,8,17,114
12023,6,17,132
12024,12,21,131
12025,7,12,58
12026,4,7,49
12027,1,1,28
12028,1,1,21
12029,9,21,142
12030,5,11,66
12031,5,7,41
12032,1,6,50
12033,7,16,98
12034,8,17,85
12035,3,6,35
12036,3,8,54
12037,2,5,42
12038,13,32,190
12039,2,5,31
12040,5,13,101
12041,5,8,68
12042,2,7,58
12043,1,5,53
12044,16,29,152
12045,5,9,44
12046,2,7,64
12047,0,3,46
12048,0,4,50
12049,0,3,47
12050,0,4,50
12051,12,19,119
12052,5,9,46
12053,2,5,51
12054,0,4,52
12055,0,3,48
12056,0,2,46
12057,0,3,44
12058,0,3,43
12059,0,4,49
12060,0,4,56
12061,0,4,51
12062,0,4,50
12063,0,5,59
12064,0,1,41
12065,0,4,50
12066,0,3,47
12067,0,4,55
12068,0,4,47
12069,0,3,44
12070,0,4,52
12071,0,5,53
12072,0,4,55
12073,10,16,88
12074,11,17,81
12075,7,15,87
12076,6,17,100
12077,3,8,68
12078,0,4,25
12079,10,18,96
12080,9,22,148
12081,5,9,56
12082,22,42,237
12083,8,16,89
12084,1,7,94
12085,0,4,60
12086,0,4,68
12087,0,4,66
12088,0,4,64
12089,0,3,50
12090,0,3,46
12091,0,3,51
12092,0,3,52
12093,0,4,59
12094,7,19,141
12095,2,5,54
12096,11,21,141
12097,7,17,101
12098,4,7,37
12099,1,7,69
12100,13,29,191
12101,3,7,64
12102,11,25,168
12103,0,2,25
12104,16,36,214
12105,15,29,167
12106,10,30,211
12107,6,19,140
12108,2,6,46
12109,2,6,49
12110,3,6,50
12111,6,21,176
12112,7,15,91
12113,4,12,102
12114,5,9,73
12115,4,15,157
12116,1,5,45
12117,6,14,92
12118,6,16,109
12119,2,6,46
12120,4,15,112
12121,15,29,147
12122,5,8,47
12123,5,11,61
12124,8,12,64
12125,13,23,125
12126,9,15,81
12127,6,8,35
12128,7,16,84
12129,6,8,48
12130,4,10,60
12131,11,22,111
12132,7,16,93
12133,13,22,134
12134,9,20,147
12135,12,32,210
12136,6,17,99
12137,6,22,143
12138,2,6,40
12139,9,14,68
12140,11,27,165
12141,18,33,194
12142,17,39,228
12143,11,23,141
12144,3,8,50
12145,10,22,124
12146,12,24,155
12147,14,21,124
12148,8,13,76
12149,15,31,234
12150,8,14,68
12151,10,23,136
12152,8,17,107
12153,9,20,117
12154,7,18,107
12155,0,5,34
12156,7,22,157
12157,3,4,20
12158,16,27,174
12159,4,8,44
12160,3,8,47
12161,9,18,83
12162,11,21,106
12163,4,8,55
12164,11,24,170
12165,4,8,45
12166,20,35,160
12167,0,2,20
12168,14,27,165
12169,8,17,99
12170,6,11,66
12171,5,11,92
12172,9,16,97
12173,7,20,155
12174,2,4,22
12175,2,3,17
12176,6,12,77
12177,0,0,1
12178,3,8,49
12179,4,11,87
12180,1,1,3
12181,2,4,25
12182,1,1,3
12183,4,6,33
12184,9,17,113
12185,3,9,61
12186,2,5,30
12187,7,14,111
12188,3,6,47
12189,0,1,5
12190,2,10,98
12191,9,24,164
12192,0,1,18
12193,4,11,67
12194,4,6,58
12195,3,9,65
12196,8,16,109
12197,4,6,38
12198,4,7,47
12199,8,14,110
12200,12,27,168
12201,9,15,78
12202,2,8,54
12203,11,20,111
12204,5,14,77
12205,11,14,119
12206,15,28,153
12207,12,23,138
12208,9,19,108
12209,11,20,119
12210,8,20,132
12211,1,5,31
12212,4,12,91
12213,15,26,186
12214,8,16,84
12215,3,6,41
12216,13,24,183
12217,11,25,168
12218,0,1,21
12219,14,26,152
12220,14,24,196
12221,9,15,89
12222,5,8,54
12223,0,0,11
12224,8,21,140
12225,4,5,39
12226,12,24,153
12227,5,12,64
12228,2,5,26
12229,5,11,117
12230,5,7,37
12231,4,9,57
12232,17,37,233
12233,7,12,73
12234,10,21,140
12235,4,11,69
12236,0,1,14
12237,11,25,153
12238,19,42,281
12239,9,19,137
12240,3,10,78
12241,12,26,166
12242,3,10,53
12243,8,18,119
12244,8,12,80
12245,3,8,42
12246,5,10,80
12247,6,11,83
12248,4,8,41
12249,0,1,14
12250,2,3,14
12251,8,22,161
12252,0,3,39
12253,14,30,177
12254,12,20,112
12255,3,5,27
12256,7,13,71
12257,18,33,181
12258,5,16,114
12259,7,13,82
12260,11,20,128
12261,16,28,167
12262,11,24,141
12263,7,15,88
12264,16,38,215
12265,11,21,104
12266,13,31,187
12267,6,14,83
12268,8,13,69
12269,20,35,201
12270,6,14,83
12271,7,13,69
12272,8,20,129
12273,2,20,167
12274,8,16,83
12275,8,16,79
12276,9,21,108
12277,8,17,102
12278,11,26,142
12279,8,15,99
12280,6,16,107
12281,9,27,168
12282,5,12,83
12283,11,21,122
12284,2,7,51
12285,13,28,157
12286,8,13,66
12287,5,10,58
12288,2,5,36
12289,16,32,163
12290,9,19,124
12291,4,8,43
12292,10,20,122
12293,6,12,57
12294,5,11,65
12295,12,22,127
12296,7,14,72
12297,5,11,68
12298,0,2,13
12299,15,44,269
12300,2,6,29
12301,6,14,84
12302,15,27,147
12303,9,20,131
12304,1,5,32
12305,0,2,15
12306,14,39,216
12307,9,19,102
12308,25,49,291
12309,8,23,143
12310,7,14,79
12311,7,18,106
12312,16,29,170
12313,6,10,51
12314,4,7,39
12315,16,29,183
12316,4,17,106
12317,8,15,80
12318,24,41,198
12319,8,18,119
12320,4,9,55
12321,4,10,64
12322,10,18,116
12323,9,18,111
12324,10,22,113
12325,3,6,31
12326,8,10,53
12327,5,10,45
12328,12,34,219
12329,3,7,57
12330,9,14,90
12331,9,18,103
12332,5,9,51
12333,9,16,93
12334,10,16,77
12335,9,21,123
12336,5,14,91
12337,11,19,103
12338,6,12,70
12339,5,18,124
12340,8,19,124
12341,0,3,20
12342,0,0,3
12343,13,33,181
12344,5,15,89
12345,10,23,146
12346,1,5,36
12347,19,34,166
12348,4,13,86
12349,4,8,58
12350,7,14,83
12351,10,24,136
12352,5,9,57
12353,1,5,31
12354,11,26,147
12355,8,21,128
12356,12,21,105
12357,11,17,93
12358,0,3,18
12359,0,0,3
12360,6,18,92
12361,16,36,197
12362,3,9,55
12363,6,13,75
12364,20,43,244
12365,15,34,214
12366,10,23,132
12367,3,6,53
12368,5,9,85
12369,4,8,42
12370,10,22,121
12371,16,32,178
12372,4,10,81
12373,14,31,183
12374,2,7,54
12375,9,16,86
12376,1,2,13
12377,3,9,73
12378,3,12,76
12379,11,25,156
12380,17,35,214
12381,5,8,62
12382,5,10,72
12383,3,9,68
12384,6,15,95
12385,10,26,167
12386,13,27,152
12387,3,10,92
12388,5,16,104
12389,9,20,97
12390,10,24,127
12391,7,13,87
12392,6,13,83
12393,14,27,145
12394,2,4,30
12395,7,18,109
12396,8,20,126
12397,7,12,61
12398,4,8,45
12399,11,21,119
12400,3,7,50
12401,6,16,94
12402,8,14,101
12403,8,15,87
12404,1,2,9
12405,10,26,165
12406,19,37,232
12407,13,26,174
12408,3,8,53
12409,0,3,32
12410,0,2,27
12411,0,2,23
12412,1,5,55
12413,2,9,66
12414,8,21,141
12415,5,17,133
12416,3,16,130
12417,8,16,80
12418,9,26,160
12419,6,16,113
12420,5,14,101
12421,8,21,128
12422,5,13,72
12423,4,14,98
12424,5,14,75
12425,9,24,169
12426,4,8,53
12427,8,17,98
12428,9,20,157
12429,5,11,91
12430,1,3,19
12431,16,28,155
12432,12,32,213
12433,7,21,145
12434,6,13,74
12435,13,22,124
12436,8,18,119
12437,6,16,115
12438,8,16,102
12439,9,21,156
12440,1,7,55
12441,4,10,67
12442,5,15,103
12443,1,2,11
12444,7,15,90
12445,3,11,82
12446,7,21,135
12447,10,25,171
12448,6,14,88
12449,8,17,104
12450,4,11,81
12451,9,20,123
12452,6,17,98
12453,18,37,231
12454,17,37,229
12455,8,15,91
12456,6,15,114
12457,6,17,111
12458,9,27,171
12459,4,10,85
12460,9,18,112
12461,5,12,73
12462,10,28,164
12463,2,4,23
12464,9,24,144
12465,11,22,118
12466,3,10,66
12467,8,19,110
12468,6,11,83
12469,7,17,113
12470,5,10,80
12471,4,11,100
12472,4,9,69
12473,2,10,79
12474,3,7,47
12475,3,10,73
12476,6,21,162
12477,1,2,8
12478,10,21,122
12479,16,27,140
12480,7,14,84
12481,7,16,109
12482,8,21,128
12483,4,13,72
12484,12,23,128
12485,9,20,130
12486,8,22,132
12487,17,33,187
12488,7,10,53
12489,21,43,256
12490,13,25,145
12491,5,12,77
12492,12,25,164
12493,10,19,114
12494,8,15,115
12495,19,42,262
12496,10,16,84
12497,22,47,260
12498,10,28,154
12499,1,3,13
12500,8,17,89
12501,15,31,169
12502,24,46,254
12503,24,42,229
12504,14,33,191
12505,14,27,144
12506,18,34,194
12507,12,24,144
12508,9,16,69
12509,16,30,163
12510,14,32,201
12511,11,21,119
12512,4,8,36
12513,9,19,128
12514,9,17,103
12515,14,29,176
12516,17,37,234
12517,11,25,144
12518,5,13,78
12519,12,25,144
12520,11,23,124
12521,14,26,152
12522,6,12,83
12523,10,20,110
12524,7,13,65
12525,7,12,65
12526,8,15,93
12527,24,49,287
12528,22,45,282
12529,25,40,228
12530,13,33,204
12531,15,30,168
12532,0,2,18
12533,16,34,197
12534,19,41,238
12535,11,24,147
12536,7,17,96
12537,19,38,201
12538,12,18,94
12539,19,34,183
12540,15,29,150
12541,13,25,143
12542,16,31,169
12543,9,15,88
12544,18,38,243
12545,13,28,163
12546,4,6,28
12547,3,9,61
12548,11,24,129
12549,14,34,204
12550,42,85,488
12551,21,42,241
12552,5,7,31
12553,3,7,45
12554,11,33,220
12555,11,21,123
12556,9,19,114
12557,7,16,89
12558,19,46,313
12559,7,13,75
12560,24,56,322
12561,6,18,90
12562,13,26,137
12563,3,11,60
12564,5,12,68
12565,3,10,73
12566,10,22,109
12567,10,18,94
12568,9,22,121
12569,5,15,91
12570,5,10,56
12571,5,10,51
12572,5,14,79
12573,6,13,77
12574,5,14,79
12575,3,7,39
12576,8,14,81
12577,8,14,61
12578,11,19,130
12579,4,7,43
12580,6,15,94
12581,1,4,28
12582,1,3,19
12583,7,20,121
12584,8,18,111
12585,11,24,123
12586,0,0,1
12587,9,14,78
12588,5,13,76
12589,2,6,33
12590,2,7,44
12591,3,7,33
12592,2,5,24
12593,12,25,129
12594,7,17,106
12595,5,18,132
12596,6,11,61
12597,1,4,30
12598,4,9,59
12599,6,16,94
12600,6,10,61
12601,2,6,38
12602,19,33,212
12603,5,11,66
12604,14,28,178
12605,1,4,24
12606,2,3,14
12607,7,13,77
12608,4,9,52
12609,4,9,62
12610,2,3,34
12611,9,15,80
12612,4,12,69
12613,2,6,44
12614,11,17,106
12615,2,5,33
12616,3,12,67
12617,7,10,41
12618,13,31,175
12619,6,10,45
12620,10,17,105
12621,5,11,64
12622,5,6,26
12623,7,17,95
12624,4,9,54
12625,2,3,18
12626,27,59,370
12627,5,12,57
12628,6,17,104
12629,13,23,129
12630,7,14,71
12631,0,3,18
12632,5,8,39
12633,9,14,67
12634,10,31,232
12635,14,33,169
12636,7,11,59
12637,8,21,141
12638,6,13,86
12639,7,19,130
12640,5,11,51
12641,6,15,98
12642,11,26,163
12643,6,14,71
12644,4,12,73
12645,8,15,83
12646,5,10,61
12647,8,13,66
12648,10,30,207
12649,5,11,63
12650,5,10,61
12651,12,27,154
12652,2,5,25
12653,8,19,120
12654,9,19,101
12655,6,12,76
12656,0,2,15
12657,0,18,144
12658,0,0,1
12659,1,5,43
12660,0,2,17
12661,0,2,11
12662,0,1,6
12663,1,3,15
12664,0,2,19
12665,0,3,18
12666,8,18,115
12667,13,28,160
12668,0,3,28
12669,0,1,16
12670,4,28,230
12671,0,0,1
12672,0,2,13
12673,0,10,74
12674,0,0,1
12675,1,6,41
12676,2,9,56
12677,0,3,19
12678,8,21,130
12679,5,18,118
12680,3,8,53
12681,3,8,47
12682,3,8,53
12683,4,14,81
12684,6,14,74
12685,0,0,20
12686,9,20,133
12687,6,11,57
12688,3,14,90
12689,4,9,47
12690,4,7,56
12691,0,8,46
12692,0,0,3
12693,2,14,89
12694,1,6,36
12695,0,0,3
12696,5,13,83
12697,5,9,47
12698,0,2,22
12699,0,25,218
12700,0,0,1
12701,1,5,40
12702,0,2,19
12703,1,4,32
12704,1,3,16
12705,0,1,9
12706,3,10,83
12707,4,9,45
12708,1,4,34
12709,0,2,11
12710,2,8,62
12711,3,8,49
12712,5,14,80
12713,2,8,65
12714,3,10,61
12715,2,6,41
12716,0,2,18
12717,3,12,65
12718,5,12,73
12719,4,13,108
12720,4,11,68
12721,4,15,97
12722,6,19,123
12723,0,1,11
12724,1,4,27
12725,1,18,126
12726,0,0,1
12727,0,2,23
12728,4,9,55
12729,0,1,6
12730,7,13,85
12731,4,11,77
12732,0,1,11
12733,0,4,32
12734,1,6,40
12735,0,1,11
12736,1,7,45
12737,1,4,26
12738,3,11,97
12739,0,2,20
12740,3,13,88
12741,1,6,45
12742,4,9,41
12743,0,2,18
12744,5,12,66
12745,2,8,61
12746,4,12,71
12747,4,12,76
12748,10,29,171
12749,4,10,74
12750,4,15,84
12751,7,22,132
12752,1,7,40
12753,8,22,123
12754,5,15,87
12755,13,31,162
12756,4,13,79
12757,4,15,89
12758,15,32,178
12759,7,21,106
12760,6,13,82
12761,4,10,56
12762,3,9,58
12763,9,26,160
12764,20,34,177
12765,9,27,168
12766,8,22,123
12767,0,2,17
12768,1,8,57
12769,2,5,39
12770,3,10,62
12771,1,3,18
12772,5,14,91
12773,3,10,73
12774,5,12,96
12775,3,6,34
12776,0,2,12
12777,2,10,81
12778,1,4,25
12779,1,10,97
12780,2,8,56
12781,2,3,19
12782,0,1,11
12783,1,10,74
12784,10,25,146
12785,8,27,166
12786,4,11,68
12787,1,4,25
12788,0,1,10
12789,1,3,14
12790,2,13,83
12791,2,7,35
12792,3,12,80
12793,6,18,123
12794,3,10,53
12795,2,9,48
12796,4,10,48
12797,1,9,46
12798,3,8,43
12799,2,8,56
12800,5,14,83
12801,1,6,33
12802,6,19,89
12803,2,8,42
12804,8,17,98
12805,1,5,29
12806,1,7,43
12807,5,12,64
12808,4,14,77
12809,3,13,70
12810,3,9,58
12811,3,9,41
12812,3,9,40
12813,8,15,65
12814,6,16,91
12815,7,16,81
12816,5,17,103
12817,2,6,27
12818,6,15,78
12819,2,6,30
12820,1,4,22
12821,4,12,60
12822,3,8,40
12823,7,16,95
12824,3,10,57
12825,5,11,71
12826,6,16,86
12827,4,7,40
12828,0,3,18
12829,1,6,36
12830,1,5,42
12831,1,3,17
12832,1,7,34
12833,4,13,72
12834,4,10,51
12835,2,7,35
12836,6,15,82
12837,2,8,51
12838,2,5,39
12839,1,4,21
12840,1,6,32
12841,1,4,24
12842,3,10,68
12843,1,2,13
12844,7,20,111
12845,3,10,58
12846,0,3,14
12847,3,9,47
12848,1,4,25
12849,2,8,48
12850,2,7,35
12851,5,12,68
12852,1,5,29
12853,1,3,19
12854,6,18,96
12855,2,9,50
12856,1,9,63
12857,2,6,35
12858,1,6,30
12859,4,11,64
12860,4,11,58
12861,0,4,25
12862,3,7,36
12863,3,6,31
12864,2,4,23
12865,5,11,73
12866,5,13,73
12867,4,10,61
12868,0,2,15
12869,3,14,94
12870,1,4,18
12871,3,14,89
12872,4,13,69
12873,4,10,48
12874,3,9,41
12875,0,1,7
12876,4,11,63
12877,6,14,70
12878,0,2,15
12879,9,21,108
12880,3,11,57
12881,3,11,67
12882,1,5,28
12883,4,10,55
12884,4,13,75
12885,0,4,31
12886,3,11,68
12887,9,16,78
12888,2,8,46
12889,0,2,17
12890,1,4,24
12891,4,13,87
12892,6,15,100
12893,1,3,21
12894,0,2,15
12895,3,8,42
12896,8,23,138
12897,9,21,118
12898,1,3,17
12899,4,13,84
12900,0,2,17
12901,1,3,20
12902,10,20,117
12903,4,9,45
12904,2,6,37
12905,0,2,18
12906,1,3,19
12907,6,21,126
12908,3,10,60
12909,7,18,91
12910,0,2,18
12911,2,5,30
12912,5,13,85
12913,3,14,87
12914,1,6,41
12915,3,11,65
12916,1,6,42
12917,3,6,28
12918,0,2,18
12919,2,4,19
12920,4,14,80
12921,2,7,42
12922,0,2,17
12923,0,2,12
12924,1,4,25
12925,9,18,102
12926,1,6,41
12927,1,6,37
12928,5,13,76
12929,7,14,77
12930,9,21,147
12931,5,10,54
12932,4,10,64
12933,7,16,98
12934,4,9,56
12935,11,22,130
12936,13,29,152
12937,4,6,23
12938,5,8,50
12939,3,9,55
12940,6,13,79
12941,7,18,113
12942,7,17,80
12943,8,20,125
12944,12,22,136
12945,5,12,62
12946,11,23,146
12947,2,8,59
12948,12,20,103
12949,6,13,78
12950,14,23,119
12951,13,22,145
12952,8,17,99
12953,8,29,219
12954,3,8,55
12955,7,14,69
12956,7,12,72
12957,7,12,61
12958,6,16,117
12959,13,23,139
12960,13,24,156
12961,7,11,60
12962,13,27,152
12963,7,14,77
12964,6,11,62
12965,10,21,140
12966,5,11,67
12967,22,42,260
12968,5,9,48
12969,7,17,113
12970,8,13,71
12971,3,9,65
12972,10,21,112
12973,6,12,60
12974,5,12,67
12975,3,6,49
12976,6,16,82
12977,3,7,40
12978,8,16,96
12979,10,19,94
12980,12,25,135
12981,8,18,98
12982,6,11,62
12983,7,16,78
12984,2,7,40
12985,3,6,40
12986,7,14,88
12987,2,5,46
12988,10,23,127
12989,11,20,113
12990,11,22,120
12991,11,22,112
12992,10,18,91
12993,12,25,144
12994,9,16,79
12995,2,7,73
12996,4,8,53
12997,2,6,44
12998,1,4,22
12999,7,17,117
13000,7,14,84
13001,12,19,94
13002,2,4,22
13003,5,11,65
13004,14,26,140
13005,7,14,78
13006,13,21,115
13007,5,7,47
13008,11,19,94
13009,4,6,34
13010,5,9,51
13011,4,9,55
13012,8,16,89
13013,8,12,79
13014,9,17,98
13015,7,13,55
13016,9,17,86
13017,5,10,44
13018,6,12,58
13019,8,16,85
13020,5,13,81
13021,8,18,91
13022,7,16,91
13023,7,12,58
13024,12,26,131
13025,10,19,105
13026,5,13,91
13027,3,6,38
13028,2,10,107
13029,3,7,49
13030,11,19,115
13031,4,7,31
13032,9,21,103
13033,7,18,97
13034,5,10,73
13035,18,31,162
13036,8,13,63
13037,3,10,54
13038,7,13,71
13039,12,27,140
13040,6,16,92
13041,2,6,53
13042,5,11,72
13043,5,10,58
13044,4,7,43
13045,5,9,51
13046,9,17,88
13047,3,11,54
13048,8,15,87
13049,6,10,57
13050,5,10,65
13051,6,12,73
13052,4,9,57
13053,11,20,96
13054,14,25,137
13055,4,11,61
13056,6,16,125
13057,5,12,64
13058,4,7,46
13059,8,19,113
13060,15,25,137
13061,9,17,101
13062,15,31,170
13063,11,24,151
13064,6,10,47
13065,10,23,148
13066,1,2,10
13067,4,10,63
13068,5,12,85
13069,8,18,108
13070,17,30,169
13071,17,29,155
13072,13,25,132
13073,7,10,55
13074,1,2,9
13075,17,29,153
13076,6,15,76
13077,7,11,59
13078,6,11,56
13079,7,17,119
13080,13,28,167
13081,8,14,88
13082,8,14,84
13083,8,16,92
13084,6,16,89
13085,6,10,59
13086,1,2,8
13087,10,21,134
13088,8,10,50
13089,5,7,50
13090,1,5,40
13091,8,13,67
13092,8,18,103
13093,6,9,48
13094,4,9,55
13095,4,8,50
13096,1,2,13
13097,11,24,136
13098,14,22,121
13099,11,19,96
13100,16,33,208
13101,9,21,116
13102,13,21,120
13103,14,41,277
13104,12,20,111
13105,2,9,48
13106,9,15,76
13107,8,19,130
13108,8,15,87
13109,7,16,101
13110,7,15,94
13111,7,18,96
13112,9,17,93
13113,5,10,68
13114,16,34,204
13115,4,13,84
13116,8,14,80
13117,9,25,169
13118,31,63,338
13119,10,18,95
13120,14,30,174
13121,9,18,92
13122,10,22,114
13123,11,23,125
13124,1,2,22
13125,17,35,189
13126,3,7,50
13127,11,22,109
13128,6,14,84
13129,12,23,124
13130,9,17,81
13131,5,12,58
13132,5,15,89
13133,7,15,81
13134,5,13,77
13135,12,27,160
13136,21,47,288
13137,4,10,88
13138,2,5,24
13139,0,0,1
13140,8,14,83
13141,29,52,252
13142,1,3,16
13143,4,10,51
13144,6,15,89
13145,13,25,143
13146,11,26,159
13147,3,9,55
13148,7,14,84
13149,2,7,43
13150,8,21,119
13151,10,22,132
13152,11,26,139
13153,0,3,21
13154,5,11,61
13155,9,24,145
13156,19,36,193
13157,10,24,145
13158,11,25,142
13159,15,30,150
13160,0,4,31
13161,7,16,95
13162,7,14,82
13163,17,37,200
13164,12,24,134
13165,8,18,98
13166,21,33,152
13167,9,19,97
13168,7,15,104
13169,11,20,149
13170,9,14,74
13171,11,25,166
13172,10,23,152
13173,1,6,61
13174,25,53,326
13175,78,143,818
13176,5,13,89
13177,10,20,102
13178,10,22,150
13179,6,11,65
13180,21,48,312
13181,11,22,175
13182,3,4,15
13183,8,17,102
13184,7,13,84
13185,8,21,130
13186,4,9,67
13187,6,15,94
13188,10,19,120
13189,9,15,101
13190,5,10,64
13191,8,19,118
13192,8,15,80
13193,6,11,71
13194,20,36,218
13195,4,10,61
13196,7,13,72
13197,8,16,107
13198,9,19,150
13199,7,16,107
13200,10,22,126
13201,14,28,143
13202,12,24,144
13203,14,26,149
13204,13,27,175
13205,7,17,114
13206,14,25,141
13207,13,26,148
13208,4,7,42
13209,8,18,117
13210,7,12,68
13211,6,16,104
13212,3,8,52
13213,8,19,131
13214,1,4,27
13215,0,0,4
13216,23,52,334
13217,16,32,196
13218,0,2,14
13219,0,3,31
13220,0,0,1
13221,5,14,81
13222,6,15,90
13223,5,10,53
13224,11,18,107
13225,7,17,107
13226,10,20,128
13227,22,48,285
13228,16,42,313
13229,7,17,105
13230,11,17,88
13231,13,28,167
13232,12,23,126
13233,14,33,196
13234,24,39,187
13235,21,42,243
13236,15,36,210
13237,10,21,133
13238,22,48,320
13239,11,24,156
13240,11,27,164
13241,14,26,150
13242,20,39,217
13243,11,25,183
13244,20,46,264
13245,11,25,158
13246,10,22,135
13247,21,47,276
13248,20,41,256
13249,9,18,102
13250,18,44,316
13251,8,23,147
13252,10,16,102
13253,8,13,102
13254,3,9,72
13255,13,24,149
13256,4,10,55
13257,19,38,211
13258,3,4,15
13259,9,19,126
13260,2,5,34
13261,7,15,63
13262,10,17,74
13263,15,40,244
13264,5,8,39
13265,15,31,212
13266,15,26,154
13267,12,25,137
13268,7,18,90
13269,16,28,133
13270,13,25,145
13271,9,20,92
13272,5,11,69
13273,10,23,157
13274,0,0,1
13275,6,11,58
13276,10,17,84
13277,20,37,205
13278,7,18,105
13279,15,29,173
13280,13,26,158
13281,21,45,290
13282,4,12,85
13283,7,13,80
13284,5,9,58
13285,5,9,39
13286,3,3,12
13287,5,9,50
13288,3,4,23
13289,11,21,128
13290,13,27,160
13291,2,4,21
13292,15,28,156
13293,3,7,43
13294,10,24,146
13295,13,23,130
13296,7,15,83
13297,12,18,90
13298,6,14,91
13299,4,10,70
13300,17,33,177
13301,3,14,96
13302,7,15,95
13303,6,12,68
13304,17,30,158
13305,8,21,151
13306,0,0,1
13307,6,16,100
13308,9,24,133
13309,10,28,170
13310,18,33,171
13311,10,19,109
13312,20,39,211
13313,10,24,154
13314,7,11,102
13315,1,4,24
13316,6,13,80
13317,9,19,108
13318,7,12,77
13319,4,13,89
13320,6,20,158
13321,9,21,106
13322,14,30,172
13323,10,24,127
13324,10,22,132
13325,15,28,150
13326,3,7,43
13327,8,13,73
13328,19,45,264
13329,12,22,118
13330,6,11,64
13331,8,18,101
13332,7,17,96
13333,1,3,19
13334,4,13,78
13335,2,4,24
13336,1,4,25
13337,1,3,20
13338,16,24,135
13339,11,17,96
13340,5,9,36
13341,8,16,79
13342,2,6,35
13343,9,19,126
13344,2,3,17
13345,11,25,135
13346,11,19,95
13347,8,19,103
13348,13,20,102
13349,13,24,141
13350,3,5,32
13351,24,43,235
13352,8,22,126
13353,15,30,177
13354,7,18,94
13355,8,18,102
13356,20,34,208
13357,10,24,114
13358,12,22,127
13359,5,12,70
13360,7,15,91
13361,20,36,206
13362,20,34,179
13363,10,26,212
13364,5,10,48
13365,11,18,97
13366,1,2,14
13367,9,21,129
13368,2,2,21
13369,8,21,123
13370,10,21,142
13371,5,11,63
13372,5,11,66
13373,1,9,66
13374,8,14,78
13375,4,14,92
13376,1,3,24
13377,6,22,130
13378,3,9,81
13379,3,13,85
13380,3,5,34
13381,3,9,65
13382,10,19,112
13383,5,14,87
13384,7,14,79
13385,5,11,68
13386,9,16,110
13387,3,7,47
13388,2,3,15
13389,6,17,129
13390,3,8,51
13391,3,6,41
13392,10,19,131
13393,19,32,170
13394,10,24,135
13395,10,18,133
13396,11,18,81
13397,9,24,158
13398,12,25,152
13399,9,18,105
13400,4,9,53
13401,7,20,131
13402,9,17,89
13403,6,12,70
13404,2,5,32
13405,5,12,64
13406,6,10,64
13407,12,22,118
13408,7,15,75
13409,3,10,64
13410,7,11,87
13411,4,9,70
13412,10,20,133
13413,0,2,18
13414,11,23,135
13415,3,10,74
13416,10,23,162
13417,9,21,122
13418,11,24,133
13419,8,19,126
13420,1,3,15
13421,10,18,94
13422,11,22,119
13423,10,26,170
13424,12,25,154
13425,14,23,135
13426,10,18,99
13427,19,40,235
13428,1,3,25
13429,10,19,106
13430,18,36,200
13431,4,11,67
13432,5,11,58
13433,7,15,86
13434,3,9,56
13435,17,30,138
13436,11,23,135
13437,6,11,67
13438,10,14,73
13439,2,6,32
13440,8,16,74
13441,5,13,93
13442,3,8,48
13443,15,29,177
13444,7,15,106
13445,13,23,125
13446,10,19,101
13447,5,10,64
13448,1,2,12
13449,3,8,52
13450,8,16,86
13451,10,20,119
13452,11,23,140
13453,0,1,19
13454,6,17,104
13455,10,17,125
13456,10,18,99
13457,7,14,77
13458,5,13,79
13459,17,35,189
13460,8,13,62
13461,11,21,113
13462,6,14,80
13463,9,19,97
13464,13,23,113
13465,6,16,108
13466,5,13,70
13467,3,5,31
13468,4,11,62
13469,8,22,128
13470,2,6,31
13471,2,5,55
13472,4,7,51
13473,9,20,121
13474,10,22,159
13475,3,9,58
13476,13,29,138
13477,17,34,198
13478,0,3,28
13479,12,20,110
13480,14,24,143
13481,2,7,48
13482,4,9,60
13483,3,7,45
13484,9,15,89
13485,10,17,91
13486,7,14,86
13487,7,15,79
13488,10,16,103
13489,12,24,148
13490,5,10,95
13491,10,25,150
13492,10,24,156
13493,13,22,114
13494,15,31,185
13495,15,29,153
13496,6,12,59
13497,10,20,113
13498,13,25,141
13499,13,33,222
13500,14,30,160
13501,2,5,30
13502,16,29,174
13503,16,27,133
13504,5,12,77
13505,14,29,160
13506,14,30,163
13507,9,20,123
13508,2,7,46
13509,3,6,45
13510,4,7,38
13511,6,8,39
13512,2,4,26
13513,8,16,96
13514,11,27,154
13515,1,4,30
13516,10,21,119
13517,7,18,124
13518,7,14,78
13519,11,25,141
13520,7,17,98
13521,9,17,80
13522,8,15,79
13523,10,16,87
13524,8,16,87
13525,3,11,64
13526,11,30,210
13527,9,20,110
13528,6,14,71
13529,11,20,120
13530,5,12,65
13531,3,8,46
13532,8,18,98
13533,13,22,118
13534,3,6,32
13535,18,38,231
13536,8,23,159
13537,11,28,201
13538,16,30,187
13539,11,22,142
13540,7,15,74
13541,11,20,108
13542,7,15,84
13543,12,26,159
13544,5,13,71
13545,10,20,99
13546,3,12,73
13547,8,13,72
13548,8,14,73
13549,15,32,195
13550,8,18,110
13551,10,20,116
13552,12,29,163
13553,4,18,130
13554,4,7,38
13555,24,41,211
13556,2,6,32
13557,1,3,14
13558,6,11,59
13559,7,12,55
13560,17,36,218
13561,15,34,188
13562,8,16,87
13563,13,35,194
13564,13,23,128
13565,10,29,186
13566,0,2,15
13567,14,26,152
13568,13,31,179
13569,8,19,112
13570,0,1,10
13571,2,4,33
13572,8,22,144
13573,2,13,98
13574,7,18,104
13575,0,1,5
13576,6,14,105
13577,6,15,83
13578,7,18,99
13579,4,10,53
13580,0,1,6
13581,2,8,58
13582,13,28,170
13583,6,13,83
13584,7,17,92
13585,4,9,48
13586,0,1,8
13587,4,11,71
13588,4,13,80
13589,18,29,168
13590,10,22,125
13591,16,33,195
13592,0,1,12
13593,8,23,151
13594,14,29,192
13595,11,24,156
13596,13,28,171
13597,11,21,152
13598,4,9,90
13599,8,19,137
13600,6,10,67
13601,7,9,66
13602,4,5,29
13603,2,4,55
13604,5,11,62
13605,1,5,35
13606,5,12,69
13607,8,16,99
13608,3,5,29
13609,3,6,51
13610,5,9,51
13611,10,27,166
13612,2,4,29
13613,6,16,109
13614,12,29,221
13615,12,29,186
13616,10,28,218
13617,5,10,72
13618,4,13,98
13619,7,12,71
13620,10,19,127
13621,29,71,514
13622,6,11,70
13623,3,8,54
13624,9,26,186
13625,2,9,76
13626,7,15,108
13627,12,31,227
13628,5,11,69
13629,9,24,167
13630,7,16,103
13631,14,30,187
13632,7,15,100
13633,8,13,68
13634,12,29,179
13635,2,4,26
13636,9,19,110
13637,24,40,230
13638,8,19,124
13639,3,4,20
13640,15,27,160
13641,9,17,101
13642,9,25,170
13643,12,25,161
13644,9,17,106
13645,7,14,88
13646,4,10,79
13647,6,14,76
13648,8,18,131
13649,4,12,78
13650,8,17,115
13651,4,9,57
13652,6,20,136
13653,3,8,61
13654,28,59,379
13655,14,29,179
13656,5,12,71
13657,15,37,236
13658,23,42,245
13659,7,14,75
13660,12,20,128
13661,8,16,93
13662,8,18,116
13663,3,6,61
13664,10,23,154
13665,10,19,103
13666,9,21,144
13667,12,34,231
13668,12,21,121
13669,7,13,82
13670,18,41,293
13671,19,45,314
13672,9,20,111
13673,12,24,302
13674,4,7,55
13675,6,13,91
13676,4,9,83
13677,3,9,54
13678,2,5,32
13679,7,17,99
13680,9,24,143
13681,1,5,44
13682,7,20,134
13683,7,16,115
13684,18,46,306
13685,12,23,140
13686,1,4,30
13687,1,6,52
13688,0,4,38
13689,0,1,12
13690,0,1,14
13691,0,1,17
13692,0,1,14
13693,1,4,27
13694,17,49,342
13695,7,19,121
13696,15,24,129
13697,20,40,241
13698,12,27,185
13699,6,21,133
13700,16,39,266
13701,11,32,213
13702,17,41,256
13703,12,26,157
13704,12,27,175
13705,20,43,255
13706,17,33,212
13707,6,12,77
13708,18,40,226
13709,12,28,169
13710,8,15,82
13711,8,21,131
13712,11,22,137
13713,13,28,182
13714,8,14,80
13715,21,44,263
13716,12,21,119
13717,17,34,204
13718,7,17,119
13719,10,19,108
13720,17,35,196
13721,12,25,158
13722,4,11,74
13723,6,12,82
13724,6,14,72
13725,0,2,20
13726,0,2,24
13727,1,2,20
13728,7,11,65
13729,5,11,65
13730,18,47,301
13731,13,25,122
13732,24,42,233
13733,11,19,125
13734,13,20,109
13735,20,36,201
13736,8,23,141
13737,23,46,264
13738,23,48,288
13739,10,19,111
13740,21,39,238
13741,17,27,134
13742,12,23,131
13743,8,14,71
13744,16,27,133
13745,8,19,117
13746,18,34,194
13747,12,19,99
13748,9,19,111
13749,4,8,48
13750,11,24,131
13751,14,24,122
13752,7,16,123
13753,14,30,183
13754,10,17,78
13755,17,36,194
13756,15,26,138
13757,5,13,75
13758,11,18,110
13759,2,4,24
13760,1,3,26
13761,3,7,36
13762,7,15,84
13763,3,41,321
13764,16,32,196
13765,6,15,98
13766,6,19,131
13767,13,33,195
13768,2,8,54
13769,5,11,70
13770,11,26,177
13771,12,26,171
13772,8,13,70
13773,7,15,97
13774,9,19,121
13775,5,11,77
13776,4,10,68
13777,7,20,120
13778,18,36,210
13779,14,31,170
13780,19,38,215
13781,17,29,165
13782,5,16,112
13783,0,5,35
13784,1,5,37
13785,0,5,42
13786,3,10,70
13787,10,25,172
13788,18,34,213
13789,3,20,168
13790,10,20,120
13791,5,17,126
13792,7,13,74
13793,7,13,79
13794,4,5,29
13795,3,6,37
13796,9,14,80
13797,10,12,64
13798,19,31,175
13799,1,10,74
13800,17,38,250
13801,12,22,123
13802,7,24,177
13803,11,26,159
13804,4,17,149
13805,7,18,98
13806,13,32,197
13807,8,16,89
13808,6,17,99
13809,4,9,67
13810,20,34,185
13811,6,9,44
13812,20,44,253
13813,5,15,100
13814,5,12,73
13815,8,27,184
13816,12,20,127
13817,7,14,72
13818,5,13,76
13819,8,9,44
13820,1,3,14
13821,5,13,93
13822,13,29,195
13823,1,8,63
13824,3,12,89
13825,9,26,172
13826,4,11,68
13827,9,17,87
13828,13,26,141
13829,18,35,198
13830,7,14,89
13831,13,20,106
13832,8,19,118
13833,13,30,193
13834,6,15,98
13835,2,4,29
13836,3,14,98
13837,15,26,171
13838,6,10,54
13839,16,33,218
13840,8,14,75
13841,1,3,16
13842,4,10,61
13843,17,27,132
13844,12,18,102
13845,14,22,119
13846,10,16,99
13847,12,19,106
13848,1,3,14
13849,5,15,90
13850,2,5,25
13851,6,14,77
13852,5,14,88
13853,12,21,109
13854,0,0,8
13855,8,11,70
13856,4,8,38
13857,7,16,79
13858,2,5,25
13859,3,8,46
13860,5,17,100
13861,9,20,115
13862,8,19,115
13863,10,16,94
13864,6,14,78
13865,8,15,85
13866,0,1,10
13867,6,15,96
13868,7,11,63
13869,12,24,126
13870,16,25,138
13871,10,18,82
13872,4,6,30
13873,4,9,50
13874,2,5,33
13875,18,33,167
13876,3,8,47
13877,6,12,61
13878,10,20,104
13879,7,17,103
13880,11,21,100
13881,0,1,9
13882,13,24,143
13883,4,10,53
13884,8,21,117
13885,3,8,40
13886,9,19,101
13887,7,16,93
13888,7,12,69
13889,0,2,11
13890,4,10,64
13891,2,5,26
13892,4,8,39
13893,3,8,45
13894,3,8,51
13895,11,22,99
13896,6,12,77
13897,0,1,11
13898,6,14,92
13899,10,18,90
13900,8,17,113
13901,8,18,103
13902,16,30,167
13903,9,17,85
13904,9,14,69
13905,4,10,56
13906,7,14,86
13907,10,19,103
13908,6,11,74
13909,10,20,102
13910,15,29,189
13911,17,32,176
13912,7,13,82
13913,9,22,159
13914,14,32,184
13915,10,20,134
13916,12,25,164
13917,6,14,102
13918,13,27,184
13919,7,16,110
13920,7,14,108
13921,13,25,170
13922,4,17,131
13923,9,29,219
13924,14,25,190
13925,22,45,264
13926,0,2,22
13927,7,18,133
13928,5,14,84
13929,17,37,232
13930,7,19,144
13931,13,33,242
13932,10,27,180
13933,7,13,91
13934,4,7,45
13935,7,15,90
13936,11,22,138
13937,20,40,262
13938,10,23,161
13939,4,11,83
13940,10,17,126
13941,2,8,62
13942,9,20,130
13943,10,23,154
13944,11,27,166
13945,12,30,192
13946,9,20,129
13947,0,3,36
13948,15,35,216
13949,7,18,137
13950,11,23,164
13951,24,50,288
13952,9,20,141
13953,6,16,105
13954,0,1,26
13955,18,39,270
13956,10,20,121
13957,11,20,123
13958,15,34,190
13959,6,14,95
13960,14,33,193
13961,5,12,70
13962,4,8,59
13963,6,13,113
13964,10,20,120
13965,8,21,132
13966,9,17,108
13967,10,20,133
13968,10,20,113
13969,17,33,192
13970,8,17,109
13971,7,12,83
13972,11,25,168
13973,5,15,99
13974,0,1,23
13975,11,30,188
13976,8,15,103
13977,6,13,80
13978,12,23,158
13979,13,24,161
13980,10,21,137
13981,14,28,179
13982,15,30,207
13983,12,24,154
13984,6,13,97
13985,1,4,25
13986,11,21,130
13987,12,24,142
13988,7,23,158
13989,16,33,210
13990,6,19,129
13991,4,12,80
13992,8,17,111
13993,10,23,147
13994,6,15,104
13995,5,11,73
13996,7,13,72
13997,10,23,141
13998,9,18,116
13999,12,28,181
14000,18,35,204
14001,9,20,127
14002,12,28,177
14003,20,37,226
14004,12,23,131
14005,6,14,103
14006,7,15,95
14007,10,24,140
14008,12,22,136
14009,10,28,161
14010,12,29,163
14011,4,11,55
14012,11,26,178
14013,14,28,169
14014,7,17,120
14015,5,10,54
14016,6,12,75
14017,5,11,60
14018,10,22,142
14019,7,14,83
14020,14,28,190
14021,7,16,108
14022,14,28,170
14023,6,15,113
14024,14,32,192
14025,23,33,187
14026,9,21,136
14027,5,11,74
14028,14,29,175
14029,17,33,194
14030,6,14,86
14031,1,4,30
14032,19,41,262
14033,11,24,151
14034,12,25,163
14035,9,23,177
14036,9,22,145
14037,3,7,47
14038,8,17,124
14039,20,38,198
14040,8,17,111
14041,10,20,126
14042,10,23,141
14043,13,22,123
14044,7,18,118
14045,12,28,189
14046,13,26,187
14047,13,21,120
14048,2,5,31
14049,11,19,96
14050,15,27,178
14051,7,17,129
14052,10,22,167
14053,9,18,130
14054,16,32,242
14055,10,20,141
14056,5,13,86
14057,17,37,233
14058,10,22,155
14059,23,40,247
14060,11,21,125
14061,9,18,107
14062,5,14,99
14063,7,11,61
14064,20,30,159
14065,19,47,289
14066,7,15,106
14067,14,27,174
14068,10,22,161
14069,7,13,89
14070,12,24,152
14071,7,15,92
14072,8,13,81
14073,26,41,240
14074,14,32,192
14075,9,18,101
14076,6,13,78
14077,14,22,118
14078,3,7,42
14079,5,13,93
14080,15,30,162
14081,3,6,36
14082,9,18,94
14083,12,26,172
14084,19,38,233
14085,9,25,152
14086,5,12,86
14087,1,3,29
14088,9,20,150
14089,7,19,139
14090,8,19,126
14091,16,33,215
14092,5,13,91
14093,11,22,158
14094,11,26,187
14095,26,55,338
14096,8,17,102
14097,15,30,176
14098,6,12,72
14099,10,19,116
14100,8,19,125
14101,10,23,155
14102,9,25,139
14103,6,14,88
14104,12,25,147
14105,2,7,47
14106,0,3,22
14107,3,6,59
14108,14,40,258
14109,5,11,80
14110,2,7,46
14111,4,16,107
14112,0,1,6
14113,5,17,104
14114,6,17,103
14115,3,8,60
14116,5,16,107
14117,1,3,14
14118,6,18,132
14119,3,14,106
14120,4,15,101
14121,8,23,139
14122,9,22,141
14123,10,20,122
14124,0,1,5
14125,4,14,87
14126,5,14,86
14127,0,3,22
14128,3,5,47
14129,5,17,130
14130,5,11,80
14131,2,4,18
14132,8,20,129
14133,6,22,174
14134,2,9,49
14135,5,13,84
14136,9,26,191
14137,7,22,132
14138,7,18,108
14139,0,1,5
14140,8,23,137
14141,16,44,294
14142,0,1,5
14143,12,28,179
14144,2,12,84
14145,0,3,22
14146,0,1,9
14147,3,3,14
14148,10,25,151
14149,3,7,35
14150,3,21,143
14151,0,2,13
14152,6,21,129
14153,0,8,66
14154,5,13,93
14155,1,3,15
14156,3,18,117
14157,0,3,22
14158,0,1,20
14159,3,3,14
14160,2,8,53
14161,2,5,25
14162,1,6,55
14163,9,24,166
14164,3,7,46
14165,7,15,75
14166,3,8,70
14167,8,19,125
14168,0,3,23
14169,7,14,96
14170,2,14,102
14171,0,1,9
14172,1,5,50
14173,0,3,22
14174,0,2,27
14175,3,3,14
14176,2,10,68
14177,2,3,13
14178,3,9,50
14179,0,3,22
14180,0,2,18
14181,3,3,14
14182,3,8,45
14183,3,11,74
14184,2,3,13
14185,2,7,48
14186,0,1,9
14187,3,13,88
14188,0,3,22
14189,1,4,30
14190,5,19,143
14191,3,3,16
14192,2,6,61
14193,2,3,13
14194,4,10,96
14195,2,9,79
14196,0,3,22
14197,0,1,8
14198,3,3,14
14199,3,11,75
14200,2,3,13
14201,8,16,86
14202,0,4,48
14203,0,1,9
14204,7,14,71
14205,0,3,22
14206,0,2,22
14207,3,3,14
14208,1,5,32
14209,2,3,13
14210,9,22,115
14211,5,11,56
14212,0,3,22
14213,0,1,15
14214,3,3,14
14215,11,30,196
14216,8,16,92
14217,2,3,13
14218,4,15,93
14219,7,16,122
14220,3,10,65
14221,4,12,73
14222,3,10,64
14223,3,11,81
14224,4,13,80
14225,0,1,9
14226,3,8,65
14227,3,10,91
14228,0,3,22
14229,0,2,21
14230,3,3,14
14231,7,17,96
14232,2,3,13
14233,1,7,51
14234,0,3,22
14235,0,2,19
14236,3,3,14
14237,5,11,73
14238,2,3,13
14239,6,17,117
14240,5,12,72
14241,0,3,22
14242,0,1,18
14243,3,3,14
14244,2,8,59
14245,2,4,19
14246,3,6,34
14247,0,3,22
14248,0,3,22
14249,3,3,14
14250,0,3,27
14251,2,3,13
14252,2,8,61
14253,0,3,22
14254,1,4,28
14255,3,3,14
14256,2,8,58
14257,2,3,13
14258,4,15,98
14259,3,10,74
14260,3,8,57
14261,0,3,22
14262,0,2,25
14263,3,3,14
14264,11,27,191
14265,2,3,13
14266,8,16,96
14267,0,1,9
14268,5,10,68
14269,13,32,206
14270,6,17,118
14271,6,13,85
14272,4,7,33
14273,6,15,98
14274,9,21,146
14275,4,8,44
14276,3,10,73
14277,0,1,20
14278,8,18,102
14279,9,19,100
14280,12,21,124
14281,10,21,131
14282,7,16,98
14283,6,10,51
14284,15,27,175
14285,1,1,7
14286,8,27,195
14287,6,21,150
14288,7,17,120
14289,9,25,176
14290,0,0,3
14291,2,4,22
14292,0,1,29
14293,6,9,76
14294,4,7,44
14295,5,12,125
14296,8,25,170
14297,9,17,89
14298,8,16,95
14299,9,21,116
14300,7,19,141
14301,0,3,35
14302,7,19,150
14303,6,14,83
14304,9,16,112
14305,1,4,29
14306,12,20,100
14307,4,6,32
14308,3,8,51
14309,6,14,87
14310,7,21,141
14311,7,14,75
14312,9,23,139
14313,10,22,171
14314,6,12,77
14315,1,5,43
14316,5,12,73
14317,14,23,164
14318,17,30,203
14319,9,23,157
14320,6,13,95
14321,1,4,31
14322,11,22,127
14323,4,7,48
14324,8,23,173
14325,2,7,57
14326,10,21,140
14327,8,18,110
14328,7,26,207
14329,8,19,147
14330,0,0,3
14331,1,4,29
14332,1,4,32
14333,14,25,143
14334,22,42,243
14335,7,23,167
14336,11,25,160
14337,11,20,148
14338,18,28,150
14339,0,3,28
14340,7,16,128
14341,5,11,80
14342,11,22,146
14343,11,20,128
14344,5,11,78
14345,5,12,84
14346,9,19,125
14347,4,11,83
14348,1,5,40
14349,12,24,151
14350,6,12,77
14351,3,8,50
14352,5,12,77
14353,6,15,122
14354,10,19,106
14355,11,17,111
14356,13,25,176
14357,9,19,114
14358,7,20,145
14359,3,10,73
14360,20,36,207
14361,2,6,43
14362,13,24,140
14363,6,12,85
14364,6,14,95
14365,10,22,164
14366,13,26,175
14367,1,6,45
14368,4,11,76
14369,10,14,86
14370,8,17,97
14371,9,20,118
14372,6,16,105
14373,9,17,99
14374,9,18,116
14375,6,16,106
14376,9,15,106
14377,4,12,92
14378,10,20,122
14379,13,26,150
14380,0,0,3
14381,1,4,32
14382,1,4,30
14383,4,7,39
14384,13,23,142
14385,8,21,129
14386,7,11,58
14387,5,15,98
14388,7,14,105
14389,12,23,150
14390,1,5,37
14391,16,33,208
14392,12,28,172
14393,11,21,129
14394,9,19,126
14395,5,14,114
14396,1,5,43
14397,3,13,80
14398,4,8,58
14399,4,12,72
14400,4,4,17
14401,14,32,208
14402,4,10,81
14403,8,16,111
14404,9,23,153
14405,5,7,62
14406,6,15,106
14407,11,23,166
14408,17,36,223
14409,12,30,198
14410,24,46,311
14411,27,54,336
14412,9,17,96
14413,7,20,143
14414,4,16,121
14415,14,29,170
14416,11,19,106
14417,10,21,136
14418,24,50,319
14419,19,35,205
14420,12,23,140
14421,5,16,112
14422,6,23,162
14423,5,8,48
14424,14,41,314
14425,4,18,134
14426,1,7,56
14427,8,25,220
14428,16,33,226
14429,10,19,121
14430,2,6,31
14431,9,21,137
14432,13,22,128
14433,19,34,195
14434,11,16,86
14435,11,16,76
14436,4,13,89
14437,3,8,45
14438,8,18,113
14439,9,22,151
14440,18,38,223
14441,15,34,209
14442,3,8,58
14443,10,21,136
14444,5,10,60
14445,4,11,75
14446,10,21,115
14447,5,11,74
14448,9,26,178
14449,29,58,359
14450,6,15,106
14451,5,10,66
14452,11,30,214
14453,10,21,126
14454,26,47,296
14455,9,18,113
14456,21,42,244
14457,9,18,101
14458,16,26,145
14459,15,32,223
14460,7,13,72
14461,8,13,94
14462,13,31,207
14463,7,14,83
14464,4,8,48
14465,4,9,59
14466,14,23,134
14467,5,12,75
14468,17,34,228
14469,9,17,106
14470,17,36,217
14471,12,21,117
14472,8,15,103
14473,8,18,101
14474,12,25,152
14475,7,18,126
14476,17,39,251
14477,5,16,129
14478,7,17,121
14479,19,38,223
14480,11,18,103
14481,7,17,102
14482,3,10,66
14483,14,26,148
14484,9,22,132
14485,13,22,116
14486,3,8,53
14487,10,23,138
14488,8,16,100
14489,8,15,84
14490,7,10,62
14491,6,13,75
14492,13,27,200
14493,15,29,174
14494,15,42,274
14495,6,15,99
14496,20,39,262
14497,4,17,135
14498,0,1,7
14499,9,16,94
14500,11,24,160
14501,6,11,61
14502,8,18,131
14503,4,9,66
14504,3,5,30
14505,5,9,48
14506,4,9,67
14507,5,10,81
14508,6,16,111
14509,4,10,80
14510,12,26,201
14511,11,21,137
14512,13,28,195
14513,0,1,9
14514,8,13,87
14515,5,11,70
14516,6,12,93
14517,9,17,103
14518,4,10,71
14519,7,13,110
14520,1,4,30
14521,10,16,107
14522,4,11,79
14523,11,24,148
14524,9,17,108
14525,7,17,143
14526,11,22,127
14527,0,3,24
14528,6,15,102
14529,13,25,186
14530,7,16,110
14531,7,13,94
14532,4,12,86
14533,6,14,75
14534,5,11,90
14535,4,10,73
14536,0,2,21
14537,10,17,106
14538,7,15,97
14539,4,10,75
14540,6,17,152
14541,3,12,75
14542,4,13,78
14543,8,15,86
14544,2,6,45
14545,5,12,75
14546,1,3,26
14547,7,15,83
14548,6,13,83
14549,5,13,81
14550,6,12,103
14551,6,16,97
14552,4,7,63
14553,3,3,28
14554,4,8,62
14555,0,2,14
14556,9,19,137
14557,6,13,96
14558,5,13,92
14559,8,18,131
14560,0,1,10
14561,4,11,74
14562,8,17,97
14563,3,11,101
14564,5,14,98
14565,1,3,18
14566,4,10,70
14567,15,21,130
14568,9,16,108
14569,6,13,111
14570,2,12,108
14571,11,18,102
14572,3,6,27
14573,12,21,124
14574,11,24,137
14575,14,23,128
14576,3,6,33
14577,1,4,29
14578,6,9,50
14579,5,8,36
14580,7,14,91
14581,7,14,85
14582,2,13,90
14583,2,7,46
14584,6,19,125
14585,2,5,34
14586,0,1,14
14587,8,17,104
14588,3,6,43
14589,14,28,169
14590,2,7,50
14591,5,16,142
14592,9,24,168
14593,4,13,85
14594,3,10,87
14595,0,1,9
14596,9,18,121
14597,6,18,125
14598,17,29,159
14599,0,5,44
14600,7,15,81
14601,3,9,70
14602,9,20,106
14603,2,5,42
14604,4,11,68
14605,8,17,122
14606,1,3,16
14607,10,22,134
14608,6,14,87
14609,7,18,102
14610,5,10,55
14611,8,19,120
14612,11,20,102
14613,1,8,68
14614,10,20,115
14615,5,12,76
14616,0,2,19
14617,13,26,141
14618,9,15,79
14619,5,13,93
14620,9,25,156
14621,2,7,73
14622,6,10,49
14623,5,10,57
14624,10,18,99
14625,7,12,79
14626,6,11,55
14627,0,1,8
14628,8,17,97
14629,3,8,62
14630,13,24,136
14631,9,17,91
14632,6,12,90
14633,4,10,67
14634,11,19,103
14635,2,5,29
14636,0,2,17
14637,1,8,67
14638,6,14,77
14639,7,14,80
14640,5,12,83
14641,2,4,21
14642,5,12,79
14643,3,9,56
14644,0,1,9
14645,8,19,104
14646,4,8,52
14647,11,18,97
14648,9,20,123
14649,9,24,136
14650,7,13,79
14651,2,8,56
14652,4,11,61
14653,13,28,178
14654,7,15,95
14655,2,7,52
14656,10,24,167
14657,9,31,268
14658,6,17,124
14659,10,22,155
14660,9,22,142
14661,12,28,179
14662,8,24,185
14663,10,28,211
14664,9,20,127
14665,17,36,221
14666,6,16,133
14667,14,39,299
14668,10,21,128
14669,15,36,233
14670,8,19,124
14671,15,31,193
14672,11,34,264
14673,6,14,98
14674,13,33,265
14675,11,23,160
14676,11,29,203
14677,4,10,65
14678,4,14,106
14679,6,20,142
14680,5,11,69
14681,0,2,26
14682,0,3,27
14683,18,51,385
14684,7,21,165
14685,17,43,301
14686,19,40,266
14687,10,23,154
14688,4,8,56
14689,5,16,125
14690,18,36,251
14691,9,17,107
14692,4,9,55
14693,17,39,233
14694,5,12,89
14695,8,27,182
14696,0,3,19
14697,10,25,147
14698,9,21,122
14699,10,21,116
14700,8,38,263
14701,4,19,135
14702,6,15,111
14703,9,19,106
14704,8,15,96
14705,2,6,35
14706,4,7,33
14707,11,25,151
14708,4,10,60
14709,6,10,52
14710,3,8,50
14711,11,24,140
14712,2,9,65
14713,9,20,129
14714,2,4,27
14715,8,15,86
14716,9,20,128
14717,4,12,83
14718,10,21,144
14719,9,20,138
14720,2,5,28
14721,5,11,67
14722,4,10,64
14723,14,30,196
14724,2,4,20
14725,8,15,88
14726,7,24,225
14727,8,13,73
14728,11,20,108
14729,8,17,90
14730,7,11,56
14731,9,23,158
14732,12,21,134
14733,7,11,58
14734,3,5,33
14735,14,26,143
14736,10,22,139
14737,12,21,120
14738,5,18,93
14739,18,39,205
14740,11,21,116
14741,2,2,13
14742,5,10,48
14743,3,8,57
14744,10,17,91
14745,9,16,81
14746,4,8,52
14747,6,12,65
14748,16,30,163
14749,2,6,33
14750,3,10,63
14751,8,17,101
14752,8,19,122
14753,7,18,116
14754,5,13,101
14755,1,2,16
14756,13,23,156
14757,5,10,67
14758,10,21,149
14759,16,29,185
14760,6,13,101
14761,11,28,222
14762,9,13,77
14763,6,10,57
14764,4,8,54
14765,4,14,78
14766,6,15,94
14767,4,10,54
14768,6,14,94
14769,8,14,109
14770,16,26,168
14771,6,12,71
14772,6,15,105
14773,6,16,97
14774,4,9,57
14775,15,31,172
14776,7,17,103
14777,15,24,138
14778,9,17,119
14779,13,24,162
14780,9,16,91
14781,2,5,35
14782,6,12,88
14783,4,7,41
14784,11,22,116
14785,11,20,122
14786,9,17,120
14787,16,31,255
14788,7,17,109
14789,6,18,121
14790,11,24,167
14791,11,32,253
14792,9,19,121
14793,3,6,38
14794,0,3,33
14795,0,2,21
14796,0,4,35
14797,0,3,32
14798,0,3,28
14799,0,2,18
14800,12,32,228
14801,16,36,226
14802,12,33,204
14803,0,3,25
14804,3,13,101
14805,5,9,59
14806,8,21,146
14807,2,9,83
14808,14,27,185
14809,8,18,138
14810,12,20,134
14811,8,14,92
14812,2,6,46
14813,10,16,104
14814,13,24,161
14815,5,13,83
14816,6,18,142
14817,9,24,186
14818,7,11,66
14819,3,7,48
14820,8,21,134
14821,10,20,142
14822,8,11,52
14823,7,14,95
14824,11,17,93
14825,16,31,197
14826,0,2,17
14827,8,19,117
14828,5,10,51
14829,4,8,53
14830,8,15,97
14831,11,21,156
14832,17,31,213
14833,0,4,28
14834,0,0,4
14835,4,14,96
14836,4,9,57
14837,4,7,50
14838,10,20,145
14839,7,15,100
14840,8,17,121
14841,18,36,250
14842,9,20,164
14843,14,27,151
14844,6,15,85
14845,10,22,180
14846,0,3,28
14847,11,23,141
14848,11,29,192
14849,15,30,174
14850,1,3,15
14851,4,10,69
14852,2,8,76
14853,6,20,147
14854,9,21,155
14855,5,10,61
14856,14,28,168
14857,8,16,118
14858,14,33,231
14859,10,22,144
14860,11,19,139
14861,11,21,132
14862,6,15,91
14863,10,27,199
14864,4,10,71
14865,4,12,85
14866,4,9,76
14867,12,24,150
14868,12,27,249
14869,10,22,145
14870,8,16,108
14871,24,44,276
14872,10,31,180
14873,11,27,170
14874,3,8,49
14875,10,20,104
14876,10,24,156
14877,5,17,116
14878,4,8,76
14879,5,12,110
14880,11,17,80
14881,17,32,177
14882,12,27,158
14883,14,23,130
14884,10,21,120
14885,15,36,214
14886,7,14,94
14887,6,15,83
14888,10,22,135
14889,4,11,95
14890,6,12,73
14891,9,20,119
14892,8,15,91
14893,16,32,206
14894,11,22,130
14895,14,26,158
14896,8,15,85
14897,6,18,117
14898,13,22,130
14899,5,8,53
14900,8,20,110
14901,7,17,98
14902,19,36,214
14903,12,22,132
14904,8,19,145
14905,8,9,40
14906,4,13,89
14907,7,19,143
14908,7,15,77
14909,14,29,171
14910,12,24,136
14911,0,2,22
14912,8,19,123
14913,11,24,161
14914,10,27,158
14915,9,18,111
14916,5,12,93
14917,10,20,107
14918,3,11,83
14919,21,41,238
14920,12,20,132
14921,19,36,205
14922,4,9,48
14923,7,16,82
14924,6,13,66
14925,16,36,207
14926,9,18,109
14927,7,16,112
14928,7,19,120
14929,7,14,88
14930,0,2,12
14931,16,27,166
14932,19,42,258
14933,11,28,164
14934,12,22,132
14935,4,10,52
14936,9,16,92
14937,1,3,22
14938,6,11,61
14939,8,20,128
14940,7,14,86
14941,7,16,116
14942,3,13,82
14943,6,15,70
14944,5,8,38
14945,3,9,53
14946,5,10,76
14947,3,10,57
14948,12,25,130
14949,2,3,14
14950,6,14,67
14951,4,9,47
14952,8,14,76
14953,7,20,137
14954,10,19,98
14955,7,13,62
14956,3,7,31
14957,5,10,54
14958,9,18,103
14959,6,12,55
14960,6,11,74
14961,9,20,128
14962,9,18,114
14963,6,12,70
14964,17,40,253
14965,10,20,99
14966,16,30,189
14967,5,9,52
14968,14,25,139
14969,4,7,39
14970,6,14,80
14971,6,10,49
14972,5,10,53
14973,0,2,20
14974,4,7,36
14975,12,23,123
14976,4,6,41
14977,17,28,158
14978,3,8,47
14979,3,7,43
14980,7,16,85
14981,2,6,34
14982,3,6,32
14983,5,13,91
14984,7,18,116
14985,22,43,261
14986,9,18,106
14987,12,23,149
14988,5,15,102
14989,6,13,83
14990,14,27,222
14991,11,19,116
14992,13,27,186
14993,1,3,15
14994,8,19,115
14995,10,20,122
14996,5,8,40
14997,10,17,114
14998,11,25,153
14999,3,12,72
15000,2,4,28
15001,6,14,94
15002,1,6,64
15003,14,31,218
15004,3,5,29
15005,7,14,80
15006,6,12,72
15007,8,22,170
15008,0,0,3
15009,1,4,30
15010,7,21,138
15011,1,5,33
15012,4,9,83
15013,7,17,117
15014,3,12,77
15015,4,14,88
15016,0,0,3
15017,9,23,149
15018,4,11,95
15019,7,18,145
15020,0,0,3
15021,1,6,37
15022,4,13,100
15023,3,10,77
15024,0,0,3
15025,14,42,328
15026,5,17,113
15027,2,4,24
15028,6,19,159
15029,13,27,175
15030,2,5,41
15031,0,0,1
15032,14,36,245
15033,12,23,146
15034,4,17,120
15035,9,27,216
15036,4,10,69
15037,11,22,116
15038,9,20,122
15039,0,2,33
15040,9,29,239
15041,8,20,136
15042,11,23,144
15043,5,22,175
15044,11,32,212
15045,6,17,116
15046,0,1,28
15047,13,34,267
15048,10,23,180
15049,12,25,147
15050,8,19,111
15051,10,25,151
15052,18,34,181
15053,5,15,85
15054,7,15,74
15055,8,17,89
15056,9,19,108
15057,11,21,134
15058,2,7,67
15059,8,17,107
15060,4,10,75
15061,11,22,122
15062,7,18,106
15063,2,17,137
15064,6,18,136
15065,7,16,109
15066,7,14,97
15067,0,5,34
15068,20,40,226
15069,8,16,91
15070,4,14,102
15071,15,31,181
15072,5,9,54
15073,14,38,264
15074,9,23,164
15075,5,16,120
15076,11,21,170
15077,6,12,91
15078,7,21,150
15079,13,29,179
15080,2,9,63
15081,13,32,202
15082,2,8,74
15083,6,16,131
15084,5,10,79
15085,8,21,173
15086,13,27,149
15087,6,19,128
15088,8,23,155
15089,8,21,146
15090,4,12,90
15091,7,23,205
15092,7,20,150
15093,10,21,117
15094,0,2,18
15095,8,13,67
15096,0,0,1
15097,6,13,78
15098,5,8,51
15099,1,2,13
15100,8,15,85
15101,14,25,127
15102,7,12,62
15103,5,11,64
15104,11,21,133
15105,9,16,96
15106,9,19,95
15107,6,12,89
15108,10,18,86
15109,17,33,170
15110,9,19,122
15111,7,11,64
15112,5,13,71
15113,8,15,78
15114,10,20,103
15115,12,25,168
15116,6,17,110
15117,0,0,1
15118,6,9,80
15119,12,29,171
15120,0,0,3
15121,9,19,134
15122,0,0,3
15123,9,11,66
15124,10,23,155
15125,0,0,3
15126,9,12,55
15127,12,23,129
15128,18,28,143
15129,0,0,3
15130,3,6,52
15131,8,19,123
15132,30,56,331
15133,11,22,141
15134,5,12,75
15135,7,13,67
15136,0,0,1
15137,3,16,114
15138,4,12,69
15139,5,14,70
15140,6,14,77
15141,5,12,66
15142,13,26,172
15143,7,26,191
15144,12,32,210
15145,6,11,83
15146,3,6,34
15147,0,0,3
15148,10,21,140
15149,15,30,165
15150,0,0,3
15151,9,45,354
15152,0,0,3
15153,3,14,114
15154,3,8,49
15155,0,0,3
15156,5,7,43
15157,6,16,105
15158,11,25,162
15159,8,15,90
15160,12,29,206
15161,0,0,3
15162,9,27,202
15163,11,23,143
15164,0,0,3
15165,17,41,259
15166,11,17,92
15167,16,30,197
15168,0,0,3
15169,13,29,185
15170,5,10,75
15171,14,20,105
15172,5,11,67
15173,0,0,1
15174,12,28,181
15175,10,20,115
15176,5,11,85
15177,21,37,193
15178,24,44,248
15179,10,26,159
15180,7,9,60
15181,0,2,18
15182,9,16,74
15183,0,0,1
15184,44,85,442
15185,15,38,260
15186,8,20,129
15187,13,41,285
15188,12,28,212
15189,16,40,255
15190,0,2,14
15191,11,24,110
15192,11,26,142
15193,11,29,168
15194,1,5,55
15195,9,20,102
15196,13,26,138
15197,0,2,18
15198,5,11,70
15199,0,0,1
15200,6,9,73
15201,16,32,163
15202,11,24,149
15203,1,4,31
15204,2,6,36
15205,11,28,154
15206,11,17,72
15207,11,16,95
15208,19,31,179
15209,11,22,128
15210,26,49,295
15211,16,33,184
15212,17,32,173
15213,11,24,138
15214,10,32,206
15215,8,12,65
15216,13,25,142
15217,14,26,146
15218,15,31,179
15219,11,20,102
15220,9,16,80
15221,3,4,22
15222,5,10,52
15223,15,35,221
15224,13,25,157
15225,8,14,79
15226,29,52,266
15227,15,26,139
15228,24,49,249
15229,20,40,277
15230,6,16,101
15231,5,17,119
15232,13,24,146
15233,12,27,195
15234,14,29,178
15235,5,12,82
15236,12,22,114
15237,4,10,69
15238,8,14,77
15239,15,30,170
15240,3,6,53
15241,30,60,359
15242,9,17,100
15243,12,30,189
15244,17,33,200
15245,14,26,162
15246,18,36,244
15247,12,25,173
15248,4,8,48
15249,5,9,51
15250,8,17,116
15251,15,32,177
15252,19,43,270
15253,21,38,216
15254,10,20,91
15255,23,44,271
15256,13,31,168
15257,4,6,34
15258,18,36,215
15259,9,23,144
15260,13,22,102
15261,17,31,170
15262,13,27,165
15263,20,41,240
15264,15,32,216
15265,16,28,155
15266,9,17,123
15267,9,16,97
15268,13,31,162
15269,15,26,160
15270,12,20,90
15271,4,7,43
15272,8,11,55
15273,15,26,188
15274,12,21,118
15275,21,51,325
15276,14,22,140
15277,20,43,257
15278,10,18,120
15279,18,33,207
15280,35,56,297
15281,15,34,225
15282,19,34,229
15283,17,28,185
15284,12,29,181
15285,6,17,105
15286,10,24,166
15287,7,20,134
15288,20,41,259
15289,5,13,91
15290,16,29,169
15291,7,12,66
15292,6,11,68
15293,2,3,24
15294,16,34,220
15295,21,53,341
15296,8,22,141
15297,18,38,226
15298,11,27,208
15299,20,40,239
15300,17,37,244
15301,30,83,614
15302,10,24,151
15303,12,21,148
15304,5,18,117
15305,6,11,74
15306,14,27,147
15307,13,24,152
15308,9,25,137
15309,16,27,160
15310,5,16,102
15311,23,40,253
15312,36,58,327
15313,14,32,216
15314,28,54,343
15315,24,46,268
15316,21,41,247
15317,10,18,113
15318,12,24,148
15319,5,16,117
15320,16,35,255
15321,20,41,307
15322,13,33,220
15323,15,38,275
15324,5,11,67
15325,6,10,57
15326,27,53,366
15327,23,40,253
15328,5,9,62
15329,9,17,103
15330,7,22,172
15331,10,22,143
15332,7,21,132
15333,9,17,108
15334,6,10,57
15335,12,22,135
15336,3,8,52
15337,11,30,234
15338,15,31,198
15339,9,26,195
15340,15,37,272
15341,10,22,127
15342,21,47,278
15343,6,15,100
15344,9,17,106
15345,11,17,101
15346,11,22,150
15347,7,15,96
15348,16,32,182
15349,11,16,74
15350,1,7,65
15351,14,27,166
15352,22,34,184
15353,12,27,190
15354,10,16,92
15355,22,46,273
15356,13,30,181
15357,6,13,83
15358,28,50,256
15359,2,4,22
15360,12,28,176
15361,12,25,142
15362,8,23,143
15363,2,4,25
15364,9,21,139
15365,6,12,59
15366,7,17,111
15367,17,37,214
15368,12,27,158
15369,12,26,182
15370,7,14,86
15371,12,18,89
15372,13,24,139
15373,12,27,161
15374,12,19,106
15375,2,7,46
15376,14,31,176
15377,6,12,57
15378,7,24,185
15379,1,3,23
15380,8,15,107
15381,1,5,23
15382,16,28,141
15383,8,13,73
15384,10,19,111
15385,5,10,68
15386,7,13,82
15387,5,10,57
15388,18,30,171
15389,6,15,90
15390,7,15,92
15391,11,18,101
15392,6,12,69
15393,27,50,283
15394,8,17,96
15395,4,6,28
15396,6,13,82
15397,13,29,163
15398,4,10,56
15399,5,15,99
15400,4,8,57
15401,5,11,68
15402,1,4,33
15403,7,18,124
15404,10,23,133
15405,13,27,139
15406,7,13,92
15407,6,13,87
15408,6,7,41
15409,5,11,63
15410,4,7,49
15411,2,4,25
15412,4,7,38
15413,8,17,88
15414,0,2,13
15415,4,11,81
15416,5,10,55
15417,21,47,277
15418,4,12,74
15419,8,21,123
15420,12,22,117
15421,4,7,37
15422,11,18,87
15423,3,7,47
15424,6,13,66
15425,13,21,112
15426,10,27,176
15427,11,23,117
15428,5,9,50
15429,5,14,81
15430,8,18,119
15431,7,14,79
15432,2,7,48
15433,7,15,86
15434,8,14,84
15435,7,14,77
15436,1,3,18
15437,6,9,43
15438,5,15,115
15439,5,7,33
15440,9,25,183
15441,2,4,22
15442,4,10,62
15443,3,5,28
15444,6,9,44
15445,1,2,12
15446,8,13,66
15447,1,2,12
15448,2,3,20
15449,2,8,52
15450,2,5,22
15451,3,5,27
15452,12,28,163
15453,0,1,17
15454,2,6,42
15455,0,1,11
15456,1,3,23
15457,22,53,331
15458,6,10,77
15459,13,23,140
15460,10,18,116
15461,11,21,111
15462,16,37,209
15463,5,12,66
15464,10,25,143
15465,1,6,47
15466,8,19,96
15467,11,18,100
15468,2,6,35
15469,7,13,78
15470,17,28,159
15471,3,10,59
15472,4,6,32
15473,5,11,62
15474,9,24,142
15475,3,6,37
15476,7,15,91
15477,9,19,101
15478,13,20,123
15479,11,16,99
15480,13,22,125
15481,6,9,51
15482,33,63,411
15483,10,24,164
15484,11,21,138
15485,18,35,194
15486,6,15,120
15487,15,35,223
15488,15,29,181
15489,6,13,78
15490,23,50,287
15491,13,30,186
15492,9,22,150
15493,13,29,198
15494,41,70,386
15495,2,10,87
15496,15,30,181
15497,13,24,126
15498,14,25,158
15499,18,39,236
15500,12,30,193
15501,4,7,48
15502,4,9,48
15503,18,36,207
15504,4,11,73
15505,11,20,123
15506,6,19,133
15507,6,13,64
15508,12,26,160
15509,8,19,108
15510,21,46,294
15511,13,36,234
15512,11,19,124
15513,16,24,122
15514,21,41,267
15515,7,13,75
15516,28,55,324
15517,18,44,295
15518,6,15,92
15519,13,28,190
15520,16,35,235
15521,9,19,125
15522,5,11,66
15523,10,18,114
15524,15,29,190
15525,18,40,258
15526,12,21,127
15527,16,29,191
15528,5,12,93
15529,19,39,233
15530,24,48,297
15531,22,49,344
15532,15,27,158
15533,10,26,175
15534,8,15,88
15535,11,19,107
15536,9,23,161
15537,10,29,208
15538,3,5,36
15539,9,17,112
15540,12,26,170
15541,13,31,205
15542,8,16,91
15543,5,14,91
15544,9,20,125
15545,22,43,279
15546,10,20,134
15547,19,41,281
15548,8,20,143
15549,23,40,219
15550,6,12,70
15551,13,18,98
15552,11,23,127
15553,10,14,65
15554,7,21,111
15555,10,21,140
15556,16,30,177
15557,30,61,394
15558,11,25,146
15559,9,23,159
15560,7,16,107
15561,8,23,148
15562,12,25,152
15563,0,3,24
15564,4,10,60
15565,7,14,75
15566,9,18,110
15567,9,25,165
15568,4,18,125
15569,15,38,264
15570,18,39,258
15571,3,8,66
15572,5,9,51
15573,6,11,61
15574,3,10,80
15575,15,35,195
15576,5,13,75
15577,10,23,154
15578,6,13,78
15579,9,19,128
15580,15,32,191
15581,11,23,126
15582,15,34,195
15583,9,25,180
15584,4,10,79
15585,6,21,143
15586,5,9,58
15587,4,9,50
15588,3,8,51
15589,20,43,243
15590,4,9,57
15591,4,12,73
15592,3,7,53
15593,5,14,86
15594,8,16,83
15595,9,17,101
15596,4,11,83
15597,10,19,114
15598,0,2,14
15599,5,12,78
15600,4,11,66
15601,3,12,70
15602,11,22,122
15603,12,27,150
15604,5,9,41
15605,6,14,81
15606,5,16,89
15607,9,14,75
15608,7,14,75
15609,5,9,46
15610,4,7,37
15611,13,29,166
15612,0,2,27
15613,9,20,108
15614,7,20,134
15615,2,7,45
15616,4,12,105
15617,12,26,145
15618,5,10,56
15619,5,12,84
15620,7,15,74
15621,6,10,52
15622,0,1,19
15623,4,8,39
15624,1,4,33
15625,6,10,52
15626,3,6,44
15627,6,14,75
15628,9,22,134
15629,1,5,26
15630,6,14,83
15631,3,10,52
15632,9,15,80
15633,7,16,87
15634,5,11,52
15635,6,11,61
15636,8,18,105
15637,6,13,86
15638,7,12,63
15639,5,12,77
15640,4,10,59
15641,2,7,49
15642,12,30,178
15643,7,18,115
15644,7,16,88
15645,7,13,88
15646,8,15,77
15647,2,6,43
15648,3,8,47
15649,1,3,19
15650,7,13,77
15651,11,26,150
15652,1,4,27
15653,12,35,233
15654,13,30,170
15655,7,18,110
15656,14,27,134
15657,12,21,105
15658,7,14,72
15659,8,19,106
15660,2,4,22
15661,9,19,106
15662,0,2,16
15663,5,19,128
15664,5,10,47
15665,3,8,44
15666,6,14,89
15667,11,21,114
15668,6,13,60
15669,0,2,17
15670,8,23,139
15671,9,19,95
15672,3,11,76
15673,0,2,18
15674,11,26,174
15675,9,18,96
15676,3,9,55
15677,4,16,120
15678,10,25,141
15679,7,14,79
15680,0,4,31
15681,1,2,12
15682,13,32,185
15683,5,15,83
15684,1,6,44
15685,14,31,186
15686,17,45,304
15687,11,21,127
15688,7,20,143
15689,11,23,148
15690,5,16,109
15691,5,7,32
15692,5,11,73
15693,14,34,203
15694,4,6,40
15695,7,10,50
15696,12,36,268
15697,14,35,221
15698,9,17,96
15699,13,37,245
15700,6,16,101
15701,6,20,120
15702,16,38,235
15703,11,28,166
15704,6,11,64
15705,17,40,243
15706,3,15,99
15707,7,22,143
15708,4,17,133
15709,5,13,75
15710,8,17,118
15711,13,28,150
15712,9,19,140
15713,19,40,237
15714,8,21,121
15715,4,9,46
15716,12,24,145
15717,15,32,161
15718,12,30,183
15719,12,30,190
15720,5,9,62
15721,6,10,51
15722,5,10,45
15723,9,28,182
15724,6,22,149
15725,8,16,89
15726,12,27,174
15727,12,27,152
15728,9,22,123
15729,6,13,69
15730,16,30,183
15731,3,11,65
15732,10,31,190
15733,11,24,179
15734,11,29,174
15735,10,21,111
15736,12,31,215
15737,7,19,127
15738,4,8,55
15739,10,18,95
15740,11,28,197
15741,11,26,133
15742,4,12,90
15743,7,21,128
15744,10,23,136
15745,6,15,84
15746,15,36,205
15747,6,15,91
15748,9,18,100
15749,17,35,198
15750,16,33,187
15751,16,38,222
15752,4,10,63
15753,12,29,180
15754,5,14,89
15755,27,48,255
15756,4,14,98
15757,17,31,173
15758,12,29,166
15759,18,39,220
15760,4,6,40
15761,7,22,147
15762,13,24,125
15763,9,18,89
15764,7,15,78
15765,6,16,101
15766,3,4,24
15767,8,12,63
15768,6,8,42
15769,5,5,23
15770,2,8,51
15771,2,8,58
15772,5,10,50
15773,4,9,45
15774,3,7,58
15775,3,7,36
15776,2,6,35
15777,4,5,38
15778,3,3,17
15779,0,2,11
15780,7,11,54
15781,1,1,7
15782,1,4,24
15783,5,9,45
15784,4,5,26
15785,1,1,7
15786,3,3,14
15787,4,6,26
15788,5,6,25
15789,5,6,27
15790,3,10,68
15791,4,5,24
15792,6,8,35
15793,9,22,132
15794,2,7,43
15795,5,12,75
15796,4,9,47
15797,5,9,52
15798,8,12,52
15799,7,11,56
15800,2,4,23
15801,1,2,17
15802,6,13,72
15803,7,11,58
15804,5,10,51
15805,4,7,47
15806,0,2,19
15807,3,6,25
15808,7,15,105
15809,2,5,41
15810,3,7,33
15811,5,8,43
15812,0,2,11
15813,1,4,33
15814,6,17,103
15815,0,3,26
15816,2,5,23
15817,1,3,17
15818,7,10,40
15819,3,5,33
15820,1,3,19
15821,4,9,49
15822,3,9,60
15823,6,10,58
15824,10,18,98
15825,4,9,57
15826,6,11,63
15827,21,34,193
15828,3,6,40
15829,5,8,37
15830,1,1,7
15831,8,11,59
15832,5,10,47
15833,0,1,7
15834,4,4,17
15835,9,15,94
15836,18,27,127
15837,11,19,95
15838,6,13,61
15839,3,5,28
15840,7,10,53
15841,1,2,14
15842,4,7,36
15843,9,14,62
15844,6,12,65
15845,3,5,34
15846,0,1,8
15847,4,6,30
15848,2,7,42
15849,9,16,93
15850,6,11,56
15851,5,9,41
15852,3,5,22
15853,5,11,68
15854,6,14,72
15855,5,6,22
15856,6,10,48
15857,10,23,120
15858,4,8,46
15859,19,31,144
15860,5,13,81
15861,8,10,49
15862,0,1,8
15863,3,10,65
15864,12,24,130
15865,4,6,32
15866,6,13,72
15867,11,23,148
15868,7,12,60
15869,1,8,69
15870,14,21,101
15871,13,25,143
15872,4,9,47
15873,12,30,172
15874,1,4,25
15875,2,4,25
15876,11,22,107
15877,3,8,43
15878,4,8,41
15879,8,20,138
15880,10,18,78
15881,8,16,96
15882,2,3,24
15883,5,7,36
15884,10,20,111
15885,6,12,67
15886,6,10,50
15887,6,26,196
15888,5,8,41
15889,8,13,58
15890,4,7,37
15891,0,1,8
15892,12,18,86
15893,10,19,114
15894,1,3,21
15895,3,5,26
15896,6,16,108
15897,3,7,50
15898,11,24,123
15899,6,10,51
15900,11,15,63
15901,12,23,120
15902,3,4,21
15903,15,28,142
15904,0,2,13
15905,3,7,37
15906,3,7,50
15907,2,5,31
15908,9,16,90
15909,6,12,59
15910,16,29,174
15911,8,14,89
15912,13,33,195
15913,15,28,152
15914,14,26,181
15915,7,19,111
15916,7,14,99
15917,17,33,200
15918,14,27,154
15919,10,18,94
15920,9,22,122
15921,13,22,127
15922,12,20,93
15923,17,32,184
15924,6,22,173
15925,6,14,76
15926,17,28,150
15927,20,32,192
15928,18,35,206
15929,16,30,180
15930,15,27,147
15931,29,53,289
15932,7,17,106
15933,16,31,207
15934,8,21,163
15935,9,23,146
15936,13,27,144
15937,4,10,55
15938,14,29,171
15939,26,52,297
15940,11,22,126
15941,8,17,108
15942,13,28,154
15943,6,15,102
15944,16,30,170
15945,4,9,52
15946,0,0,1
15947,9,20,106
15948,13,23,130
15949,12,23,112
15950,12,20,98
15951,9,13,77
15952,10,22,127
15953,9,14,76
15954,14,26,147
15955,18,36,218
15956,9,23,166
15957,5,13,81
15958,13,24,126
15959,7,16,110
15960,19,31,180
15961,13,25,160
15962,13,22,121
15963,5,11,71
15964,12,22,130
15965,9,19,125
15966,6,13,81
15967,14,32,197
15968,7,12,83
15969,9,17,110
15970,13,28,168
15971,6,14,85
15972,9,17,103
15973,6,20,145
15974,17,28,153
15975,10,22,145
15976,5,13,91
15977,7,22,170
15978,3,7,48
15979,5,13,99
15980,11,29,202
15981,18,43,254
15982,13,26,157
15983,8,15,82
15984,7,16,114
15985,6,13,84
15986,12,23,132
15987,11,21,133
15988,10,22,142
15989,13,24,139
15990,23,41,231
15991,3,6,33
15992,10,17,105
15993,8,20,121
15994,22,48,313
15995,5,14,91
15996,9,19,117
15997,6,14,85
15998,10,18,103
15999,21,37,207
16000,9,18,101
16001,10,19,103
16002,9,14,99
16003,13,21,106
16004,20,37,237
16005,1,3,14
16006,13,29,188
16007,7,14,78
16008,6,14,95
16009,20,36,176
16010,11,24,167
16011,14,33,194
16012,12,16,88
16013,10,21,127
16014,6,15,98
16015,3,9,77
16016,12,32,201
16017,24,60,382
16018,4,13,97
16019,13,28,176
16020,12,32,201
16021,8,16,98
16022,14,37,236
16023,8,15,79
16024,9,19,103
16025,6,14,86
16026,1,5,32
16027,3,4,19
16028,5,14,91
16029,4,10,68
16030,11,16,82
16031,7,11,63
16032,7,20,131
16033,11,18,101
16034,11,20,110
16035,8,12,63
16036,8,16,90
16037,9,17,86
16038,6,13,106
16039,5,13,96
16040,8,16,99
16041,3,7,45
16042,5,9,45
16043,5,13,93
16044,8,12,63
16045,12,32,225
16046,11,16,86
16047,13,23,144
16048,11,25,158
16049,4,7,37
16050,13,24,144
16051,6,11,63
16052,9,17,116
16053,10,23,131
16054,8,21,143
16055,10,26,185
16056,16,33,223
16057,12,29,181
16058,8,19,117
16059,4,8,45
16060,6,9,47
16061,7,16,96
16062,5,11,80
16063,6,11,65
16064,12,26,161
16065,15,36,246
16066,2,6,46
16067,8,17,109
16068,5,12,70
16069,11,23,133
16070,10,17,81
16071,10,24,170
16072,4,10,71
16073,14,25,115
16074,14,25,137
16075,9,17,134
16076,16,31,177
16077,3,10,73
16078,3,11,69
16079,8,15,93
16080,19,40,273
16081,8,19,121
16082,14,26,158
16083,10,19,128
16084,4,14,102
16085,5,7,55
16086,5,7,40
16087,3,5,27
16088,9,21,130
16089,6,12,82
16090,5,8,45
16091,8,19,116
16092,9,24,148
16093,5,14,99
16094,12,24,158
16095,10,20,105
16096,9,19,138
16097,10,21,149
16098,3,5,30
16099,4,8,54
16100,13,30,178
16101,7,21,156
16102,11,24,135
16103,3,10,104
16104,11,18,100
16105,11,18,105
16106,15,33,217
16107,6,14,93
16108,10,24,168
16109,5,15,100
16110,5,11,68
16111,7,20,140
16112,6,17,123
16113,6,14,105
16114,7,17,119
16115,5,11,63
16116,9,21,146
16117,2,7,48
16118,11,27,166
16119,14,21,128
16120,6,9,50
16121,10,23,136
16122,11,26,135
16123,6,12,72
16124,12,21,117
16125,12,29,190
16126,9,21,119
16127,10,21,133
16128,13,25,154
16129,7,11,73
16130,14,28,160
16131,9,19,107
16132,9,22,148
16133,3,8,58
16134,7,14,98
16135,12,25,170
16136,3,8,50
16137,4,12,70
16138,2,10,72
16139,8,21,166
16140,14,23,124
16141,14,29,153
16142,5,10,47
16143,13,29,187
16144,10,23,157
16145,6,16,107
16146,0,0,1
16147,15,32,175
16148,10,20,108
16149,11,18,94
16150,7,19,126
16151,4,9,49
16152,5,9,52
16153,18,34,173
16154,6,12,63
16155,6,11,61
16156,7,11,68
16157,4,7,29
16158,9,17,98
16159,5,7,37
16160,8,13,74
16161,3,7,42
16162,1,3,17
16163,3,7,30
16164,10,16,82
16165,7,13,73
16166,15,30,172
16167,7,12,75
16168,10,18,99
16169,7,13,69
16170,5,9,56
16171,8,17,88
16172,4,9,49
16173,9,21,129
16174,13,23,115
16175,8,13,90
16176,9,16,74
16177,5,8,49
16178,5,11,67
16179,10,21,120
16180,9,15,73
16181,3,7,35
16182,1,3,22
16183,8,15,84
16184,1,5,36
16185,11,22,120
16186,12,22,121
16187,6,10,52
16188,5,10,55
16189,6,11,64
16190,7,14,74
16191,8,17,106
16192,9,17,99
16193,18,33,200
16194,6,10,47
16195,5,13,75
16196,9,20,114
16197,4,9,48
16198,9,16,131
16199,11,24,142
16200,13,26,147
16201,9,14,73
16202,3,10,72
16203,20,38,238
16204,6,12,71
16205,15,29,162
16206,4,7,50
16207,4,7,36
16208,2,4,26
16209,3,6,45
16210,4,8,48
16211,2,3,24
16212,7,17,109
16213,6,12,81
16214,16,24,124
16215,9,17,88
16216,11,27,147
16217,7,13,64
16218,3,5,34
16219,1,5,29
16220,2,6,34
16221,9,16,81
16222,6,13,84
16223,4,8,49
16224,13,32,192
16225,17,32,171
16226,8,15,101
16227,4,15,106
16228,5,15,116
16229,13,25,134
16230,4,12,78
16231,7,14,71
16232,10,22,132
16233,5,13,85
16234,9,21,127
16235,14,34,213
16236,21,37,206
16237,9,16,107
16238,5,11,59
16239,6,12,77
16240,2,11,70
16241,6,12,70
16242,8,23,121
16243,4,9,56
16244,5,10,47
16245,5,12,93
16246,6,11,71
16247,12,21,122
16248,12,18,93
16249,8,14,75
16250,6,15,97
16251,7,16,82
16252,7,11,58
16253,4,11,65
16254,5,12,73
16255,6,14,73
16256,5,12,67
16257,8,12,61
16258,5,10,53
16259,3,5,24
16260,7,15,74
16261,8,20,145
16262,8,16,100
16263,5,10,59
16264,6,10,49
16265,3,6,35
16266,9,16,95
16267,3,6,40
16268,9,27,186
16269,7,14,70
16270,9,18,113
16271,6,14,93
16272,13,22,132
16273,8,16,101
16274,15,37,276
16275,5,13,85
16276,9,16,91
16277,5,13,83
16278,6,12,64
16279,5,10,59
16280,2,3,20
16281,3,6,51
16282,0,1,16
16283,0,3,35
16284,5,7,39
16285,4,5,28
16286,12,17,87
16287,10,17,88
16288,6,10,53
16289,18,29,146
16290,17,33,171
16291,8,17,95
16292,11,20,122
16293,14,27,146
16294,6,13,88
16295,6,16,110
16296,6,12,63
16297,8,19,117
16298,18,35,198
16299,13,32,210
16300,6,19,134
16301,3,7,57
16302,2,5,32
16303,2,3,13
16304,21,45,284
16305,7,19,108
16306,18,39,254
16307,14,32,209
16308,7,16,107
16309,14,25,176
16310,15,30,220
16311,13,28,192
16312,4,11,74
16313,9,32,271
16314,6,17,107
16315,4,12,64
16316,12,29,215
16317,7,16,97
16318,5,8,43
16319,16,38,250
16320,7,23,163
16321,11,26,168
16322,10,27,162
16323,16,35,225
16324,6,14,98
16325,5,12,75
16326,15,27,160
16327,16,34,201
16328,12,21,130
16329,10,19,107
16330,9,19,122
16331,6,10,66
16332,23,44,285
16333,6,10,62
16334,4,10,65
16335,6,11,76
16336,22,41,232
16337,12,24,126
16338,3,9,43
16339,7,15,84
16340,6,11,62
16341,14,31,198
16342,10,23,140
16343,1,2,14
16344,24,52,311
16345,15,26,143
16346,4,8,54
16347,8,22,152
16348,11,24,149
16349,5,12,80
16350,13,24,142
16351,2,9,81
16352,4,8,59
16353,4,12,80
16354,0,0,1
16355,10,21,113
16356,18,29,182
16357,21,40,234
16358,4,7,38
16359,19,46,305
16360,0,1,9
16361,4,5,24
16362,2,6,39
16363,6,18,129
16364,5,8,44
16365,3,8,50
16366,13,35,243
16367,11,22,121
16368,11,25,153
16369,4,8,52
16370,5,11,83
16371,7,17,109
16372,3,6,49
16373,6,16,83
16374,6,14,99
16375,13,27,168
16376,13,30,219
16377,2,6,36
16378,18,40,268
16379,13,23,123
16380,4,10,65
16381,5,6,57
16382,4,6,29
16383,0,3,19
16384,7,16,95
16385,7,13,68
16386,5,16,100
16387,15,35,215
16388,3,9,66
16389,9,16,92
16390,4,9,51
16391,1,7,58
16392,3,9,51
16393,3,11,70
16394,8,20,121
16395,8,17,92
16396,15,32,216
16397,10,20,116
16398,12,25,213
16399,13,28,149
16400,5,13,78
16401,9,12,81
16402,6,15,83
16403,13,33,181
16404,13,29,155
16405,1,4,25
16406,4,11,79
16407,7,14,80
16408,5,12,77
16409,6,14,99
16410,8,20,117
16411,7,18,107
16412,7,17,129
16413,7,14,104
16414,12,29,163
16415,6,16,101
16416,4,12,69
16417,5,6,33
16418,15,27,164
16419,9,27,171
16420,14,29,171
16421,5,8,44
16422,15,30,173
16423,5,10,79
16424,13,28,189
16425,9,21,140
16426,7,14,88
16427,15,28,142
16428,8,16,78
16429,13,27,161
16430,10,24,149
16431,15,30,188
16432,3,12,82
16433,8,15,94
16434,11,23,137
16435,9,16,94
16436,1,5,32
16437,5,11,66
16438,9,21,125
16439,8,17,92
16440,9,15,69
16441,15,28,153
16442,3,5,27
16443,6,14,75
16444,5,10,48
16445,6,16,86
16446,3,4,20
16447,6,13,83
16448,7,17,102
16449,6,14,88
16450,11,22,138
16451,16,34,184
16452,4,13,79
16453,8,13,69
16454,1,2,14
16455,12,20,113
16456,17,35,211
16457,7,19,112
16458,5,13,90
16459,0,3,23
16460,4,9,67
16461,3,11,92
16462,9,15,92
16463,7,16,98
16464,14,23,128
16465,4,9,67
16466,6,17,92
16467,14,32,187
16468,3,7,52
16469,8,20,141
16470,6,12,69
16471,2,9,64
16472,6,14,82
16473,11,22,140
16474,18,31,179
16475,4,12,78
16476,3,11,74
16477,7,17,103
16478,13,28,194
16479,1,3,18
16480,11,21,123
16481,13,28,167
16482,7,12,70
16483,6,13,86
16484,3,10,60
16485,15,31,187
16486,8,17,96
16487,14,23,139
16488,10,19,113
16489,9,19,117
16490,5,8,44
16491,5,22,151
16492,4,12,95
16493,11,19,120
16494,11,22,161
16495,6,14,77
16496,10,23,135
16497,10,18,111
16498,23,44,284
16499,9,13,70
16500,6,8,42
16501,12,23,130
16502,8,12,63
16503,10,15,111
16504,9,16,117
16505,10,19,108
16506,12,21,107
16507,6,8,42
16508,14,26,165
16509,10,26,199
16510,19,31,184
16511,18,32,170
16512,17,31,178
16513,10,30,195
16514,15,26,158
16515,3,8,68
16516,20,34,190
16517,8,16,90
16518,16,25,146
16519,11,21,113
16520,10,21,117
16521,12,25,136
16522,6,14,89
16523,23,40,243
16524,22,36,186
16525,18,38,247
16526,9,21,107
16527,6,15,101
16528,12,22,119
16529,5,15,93
16530,6,15,90
16531,11,25,153
16532,26,42,222
16533,11,24,152
16534,15,27,175
16535,3,8,45
16536,7,12,81
16537,9,14,64
16538,3,5,31
16539,4,9,72
16540,11,19,109
16541,3,8,53
16542,7,14,77
16543,11,18,91
16544,2,9,59
16545,10,18,131
16546,15,33,234
16547,21,39,252
16548,13,22,143
16549,6,11,60
16550,22,53,335
16551,9,17,90
16552,17,27,159
16553,11,19,104
16554,21,38,223
16555,15,25,146
16556,16,28,158
16557,5,10,57
16558,3,9,62
16559,15,23,129
16560,25,40,235
16561,7,14,87
16562,6,14,86
16563,17,31,172
16564,14,31,174
16565,4,13,90
16566,10,21,130
16567,17,31,166
16568,14,22,130
16569,6,8,48
16570,4,19,147
16571,11,22,148
16572,5,12,71
16573,6,11,67
16574,5,14,79
16575,13,21,127
16576,11,21,129
16577,5,11,61
16578,6,10,56
16579,8,16,95
16580,6,12,72
16581,16,31,193
16582,8,20,107
16583,1,3,22
16584,6,14,79
16585,1,7,48
16586,6,15,81
16587,9,20,125
16588,4,11,59
16589,5,14,77
16590,4,9,40
16591,4,11,62
16592,5,13,68
16593,4,13,64
16594,8,21,117
16595,12,19,132
16596,1,6,44
16597,3,10,65
16598,9,18,101
16599,5,14,71
16600,7,17,104
16601,7,19,120
16602,5,16,127
16603,9,19,96
16604,9,25,149
16605,9,12,81
16606,14,26,149
16607,10,16,92
16608,6,13,62
16609,5,11,54
16610,5,10,47
16611,18,30,151
16612,0,1,10
16613,4,10,68
16614,5,11,52
16615,6,11,61
16616,9,18,102
16617,11,32,192
16618,5,13,92
16619,11,18,98
16620,8,15,81
16621,6,11,66
16622,12,23,133
16623,11,26,165
16624,5,11,71
16625,4,9,55
16626,9,16,104
16627,1,5,35
16628,4,13,97
16629,7,12,63
16630,4,10,75
16631,7,14,95
16632,0,1,4
16633,12,29,155
16634,8,15,79
16635,10,19,98
16636,10,21,113
16637,10,17,87
16638,7,15,90
16639,6,13,93
16640,3,6,38
16641,6,13,71
16642,21,40,214
16643,0,1,5
16644,18,33,181
16645,2,7,48
16646,17,33,189
16647,7,14,72
16648,7,14,74
16649,13,23,118
16650,0,1,9
16651,9,16,79
16652,6,12,68
16653,6,15,107
16654,14,26,153
16655,11,24,148
16656,6,13,82
16657,12,28,163
16658,16,33,201
16659,19,33,172
16660,1,3,16
16661,11,20,108
16662,4,8,43
16663,9,18,101
16664,32,51,243
16665,10,16,90
16666,0,1,8
16667,1,3,18
16668,0,0,2
16669,6,16,109
16670,8,13,69
16671,8,19,119
16672,5,8,53
16673,1,3,21
16674,0,0,2
16675,5,11,59
16676,11,21,106
16677,1,3,22
16678,0,0,2
16679,5,9,54
16680,8,12,55
16681,3,7,41
16682,10,26,144
16683,2,4,24
16684,0,0,2
16685,13,20,116
16686,5,18,123
16687,10,16,86
16688,7,12,65
16689,3,11,63
16690,20,34,174
16691,3,10,60
16692,9,20,111
16693,5,14,83
16694,1,3,19
16695,6,11,55
16696,6,15,92
16697,6,17,100
16698,9,21,106
16699,1,2,9
16700,7,13,100
16701,7,12,74
16702,14,28,166
16703,1,3,13
16704,7,10,46
16705,4,7,30
16706,7,10,47
16707,5,11,77
16708,15,26,125
16709,8,21,126
16710,4,10,60
16711,8,13,60
16712,9,18,93
16713,4,9,52
16714,4,9,53
16715,3,17,124
16716,5,12,87
16717,9,16,81
16718,9,16,81
16719,7,15,78
16720,19,39,213
16721,12,23,119
16722,10,30,236
16723,13,22,111
16724,20,38,204
16725,21,49,337
16726,23,39,201
16727,21,40,225
16728,9,21,145
16729,11,24,160
16730,11,26,181
16731,13,31,193
16732,15,25,132
16733,15,28,166
16734,8,14,114
16735,8,19,135
16736,3,7,46
16737,4,9,50
16738,6,11,58
16739,17,28,156
16740,10,15,86
16741,14,26,173
16742,16,30,205
16743,21,32,169
16744,5,11,71
16745,10,21,159
16746,12,24,118
16747,15,23,111
16748,11,21,142
16749,18,35,219
16750,12,21,144
16751,13,24,139
16752,17,26,157
16753,21,35,222
16754,9,24,155
16755,34,65,430
16756,28,51,305
16757,27,52,291
16758,31,55,379
16759,28,69,438
16760,6,17,140
16761,18,46,342
16762,25,51,336
16763,6,8,38
16764,15,38,281
16765,8,16,87
16766,16,28,205
16767,11,20,132
16768,13,25,152
16769,12,21,139
16770,18,34,226
16771,10,20,148
16772,18,29,166
16773,17,30,190
16774,10,20,130
16775,18,28,162
16776,25,60,413
16777,12,26,174
16778,7,14,101
16779,15,25,141
16780,5,8,48
16781,4,7,41
16782,15,31,191
16783,27,55,385
16784,22,40,256
16785,4,11,88
16786,25,52,295
16787,4,11,64
16788,14,23,115
16789,8,11,64
16790,14,28,199
16791,11,27,199
16792,3,8,53
16793,8,12,75
16794,8,19,119
16795,10,24,154
16796,10,28,203
16797,9,22,154
16798,13,28,172
16799,14,34,239
16800,11,23,183
16801,10,21,147
16802,11,22,130
16803,16,30,162
16804,13,26,154
16805,18,39,253
16806,20,49,350
16807,4,8,44
16808,10,28,242
16809,10,25,189
16810,8,16,102
16811,24,48,309
16812,26,51,327
16813,6,11,89
16814,4,12,71
16815,4,14,95
16816,11,21,133
16817,9,22,130
16818,16,31,187
16819,12,30,210
16820,7,14,90
16821,17,38,258
16822,9,25,188
16823,17,34,229
16824,15,34,208
16825,9,21,127
16826,13,29,183
16827,17,31,168
16828,11,21,138
16829,11,21,131
16830,6,10,53
16831,13,30,204
16832,13,29,179
16833,7,13,84
16834,7,18,128
16835,12,22,117
16836,5,19,131
16837,12,22,124
16838,13,27,168
16839,3,8,64
16840,12,29,188
16841,6,14,76
16842,11,22,137
16843,5,11,71
16844,4,14,99
16845,5,19,146
16846,23,49,350
16847,14,30,199
16848,11,22,137
16849,7,13,100
16850,7,15,97
16851,13,29,214
16852,6,15,105
16853,4,10,75
16854,9,20,135
16855,21,35,217
16856,10,24,156
16857,13,27,176
16858,15,29,188
16859,13,27,177
16860,8,18,124
16861,7,16,124
16862,10,23,155
16863,10,25,174
16864,19,39,248
16865,10,16,94
16866,8,18,119
16867,16,30,218
16868,19,36,219
16869,21,38,216
16870,6,16,104
16871,12,30,185
16872,6,12,86
16873,7,21,165
16874,11,22,139
16875,3,17,130
16876,9,17,93
16877,5,9,46
16878,8,14,76
16879,4,9,68
16880,3,7,45
16881,6,13,74
16882,14,35,252
16883,3,8,51
16884,7,20,139
16885,12,22,118
16886,6,12,80
16887,3,9,63
16888,18,42,242
16889,1,4,25
16890,13,23,125
16891,6,12,69
16892,10,19,105
16893,13,25,139
16894,8,15,85
16895,11,29,176
16896,5,13,78
16897,7,18,123
16898,12,25,149
16899,5,11,68
16900,6,14,75
16901,9,18,110
16902,12,23,144
16903,4,8,45
16904,9,21,127
16905,10,18,104
16906,7,17,88
16907,4,11,71
16908,14,31,195
16909,5,12,89
16910,4,8,45
16911,0,0,1
16912,12,26,168
16913,9,17,103
16914,11,21,120
16915,1,4,41
16916,12,20,117
16917,22,38,201
16918,15,31,188
16919,6,13,75
16920,5,13,68
16921,15,30,166
16922,4,12,87
16923,7,18,108
16924,9,21,108
16925,8,15,72
16926,4,7,36
16927,11,21,119
16928,4,8,47
16929,11,22,128
16930,9,22,152
16931,7,15,85
16932,6,15,89
16933,13,27,157
16934,16,28,145
16935,7,18,104
16936,2,5,33
16937,6,15,79
16938,2,7,57
16939,6,16,100
16940,7,22,137
16941,7,14,90
16942,5,15,129
16943,4,9,48
16944,2,6,36
16945,2,8,44
16946,7,14,83
16947,11,23,119
16948,10,25,182
16949,4,8,46
16950,9,16,87
16951,5,17,95
16952,6,13,72
16953,11,30,190
16954,11,20,95
16955,7,12,79
16956,6,14,94
16957,11,21,103
16958,6,14,77
16959,2,4,29
16960,2,4,22
16961,3,6,28
16962,6,16,111
16963,8,22,136
16964,8,21,122
16965,6,14,78
16966,5,12,73
16967,14,30,168
16968,5,16,107
16969,1,3,17
16970,5,10,53
16971,3,7,49
16972,14,23,118
16973,8,15,80
16974,3,8,52
16975,12,32,202
16976,10,20,122
16977,6,12,69
16978,4,7,48
16979,4,9,53
16980,4,11,62
16981,2,5,33
16982,3,12,89
16983,1,9,63
16984,10,24,139
16985,3,11,68
16986,4,11,61
16987,2,7,37
16988,3,9,60
16989,8,15,96
16990,5,17,124
16991,7,17,119
16992,10,21,121
16993,7,12,58
16994,5,13,76
16995,10,20,106
16996,17,37,212
16997,12,31,184
16998,10,20,117
16999,19,39,222
17000,21,47,297
17001,9,22,150
17002,3,10,87
17003,12,27,147
17004,18,36,212
17005,18,40,240
17006,15,29,160
17007,14,24,137
17008,18,33,166
17009,6,15,88
17010,11,26,143
17011,6,14,90
17012,9,24,176
17013,13,33,229
17014,17,43,250
17015,10,22,123
17016,14,26,141
17017,12,26,141
17018,9,19,94
17019,11,21,111
17020,11,26,145
17021,22,49,279
17022,8,27,198
17023,10,21,144
17024,0,0,2
17025,15,27,153
17026,11,29,192
17027,9,18,104
17028,23,50,324
17029,2,6,40
17030,4,11,69
17031,10,20,109
17032,7,17,100
17033,18,44,280
17034,17,40,270
17035,9,17,94
17036,10,30,199
17037,19,46,275
17038,10,23,148
17039,5,15,134
17040,15,36,229
17041,7,16,91
17042,9,25,166
17043,7,15,91
17044,18,34,213
17045,11,27,172
17046,8,15,102
17047,9,24,162
17048,7,19,114
17049,13,29,160
17050,4,7,49
17051,16,32,175
17052,7,15,90
17053,7,14,101
17054,21,40,231
17055,8,16,106
17056,4,14,97
17057,10,23,135
17058,16,39,255
17059,20,41,236
17060,10,20,148
17061,13,30,209
17062,16,31,183
17063,9,17,107
17064,15,33,195
17065,13,28,174
17066,10,25,146
17067,14,33,211
17068,20,37,218
17069,15,25,131
17070,5,10,54
17071,16,28,153
17072,6,10,62
17073,9,18,105
17074,7,19,112
17075,6,13,71
17076,2,7,51
17077,9,18,94
17078,7,20,121
17079,15,29,162
17080,7,23,147
17081,8,17,113
17082,4,9,51
17083,10,16,102
17084,1,6,38
17085,8,16,85
17086,10,17,89
17087,10,26,182
17088,21,34,172
17089,19,33,153
17090,10,18,108
17091,8,19,121
17092,9,15,76
17093,16,31,189
17094,8,14,72
17095,28,41,240
17096,8,17,92
17097,6,12,70
17098,5,10,55
17099,7,14,98
17100,5,8,56
17101,3,8,57
17102,10,17,80
17103,15,30,195
17104,12,28,161
17105,3,7,31
17106,6,10,54
17107,16,29,155
17108,5,13,92
17109,7,20,119
17110,11,21,112
17111,9,16,79
17112,18,42,252
17113,4,11,80
17114,8,19,130
17115,9,16,82
17116,16,31,166
17117,10,17,79
17118,13,27,168
17119,0,0,3
17120,8,14,76
17121,3,9,70
17122,8,17,97
17123,7,19,126
17124,3,7,45
17125,14,34,222
17126,13,23,169
17127,3,9,71
17128,7,19,149
17129,6,22,160
17130,3,6,41
17131,12,27,173
17132,7,11,54
17133,11,22,107
17134,21,35,150
17135,4,7,47
17136,14,31,186
17137,22,38,175
17138,20,51,244
17139,7,10,43
17140,5,15,125
17141,6,16,101
17142,2,5,31
17143,5,10,57
17144,11,21,99
17145,5,12,59
17146,9,17,108
17147,4,13,98
17148,7,16,111
17149,8,15,80
17150,22,46,292
17151,4,14,80
17152,5,13,76
17153,3,5,24
17154,7,14,74
17155,7,14,85
17156,16,33,198
17157,12,22,116
17158,14,29,162
17159,15,29,164
17160,7,13,78
17161,11,21,132
17162,11,25,165
17163,10,21,128
17164,17,29,167
17165,11,22,134
17166,8,17,95
17167,8,12,61
17168,23,49,300
17169,8,14,73
17170,34,64,344
17171,8,17,111
17172,10,19,114
17173,15,28,182
17174,3,13,105
17175,13,27,186
17176,9,19,111
17177,10,21,147
17178,13,32,205
17179,20,37,206
17180,14,31,199
17181,27,58,391
17182,14,29,207
17183,9,17,92
17184,19,38,240
17185,31,58,332
17186,4,17,157
17187,8,19,133
17188,4,9,75
17189,10,20,127
17190,11,27,173
17191,6,17,106
17192,4,10,72
17193,3,10,73
17194,8,22,147
17195,10,20,116
17196,14,23,136
17197,5,14,114
17198,6,18,128
17199,6,19,137
17200,9,24,164
17201,9,22,131
17202,11,21,137
17203,7,28,193
17204,24,51,339
17205,9,22,127
17206,17,38,225
17207,14,25,150
17208,11,19,125
17209,22,44,273
17210,14,23,172
17211,14,33,226
17212,7,16,108
17213,15,33,217
17214,2,6,39
17215,6,10,60
17216,10,23,194
17217,3,7,47
17218,2,6,40
17219,11,20,124
17220,12,18,109
17221,10,15,80
17222,14,22,119
17223,3,8,52
17224,6,15,93
17225,10,15,81
17226,12,24,164
17227,10,19,145
17228,12,19,106
17229,8,18,105
17230,16,34,208
17231,7,12,76
17232,10,21,143
17233,15,33,198
17234,11,21,148
17235,19,35,193
17236,10,32,197
17237,7,11,47
17238,10,16,89
17239,13,23,137
17240,18,34,218
17241,14,33,186
17242,14,26,144
17243,10,20,114
17244,12,21,114
17245,2,4,32
17246,8,13,71
17247,12,24,143
17248,8,12,66
17249,10,24,135
17250,11,24,144
17251,10,19,118
17252,14,34,206
17253,9,27,172
17254,15,36,219
17255,9,18,106
17256,6,13,82
17257,10,23,149
17258,37,70,404
17259,22,47,263
17260,3,6,40
17261,7,19,119
17262,11,26,144
17263,11,29,166
17264,2,6,53
17265,10,17,100
17266,3,9,55
17267,7,14,89
17268,4,7,48
17269,10,22,133
17270,8,12,72
17271,18,31,161
17272,15,30,204
17273,18,35,206
17274,10,26,155
17275,10,20,100
17276,11,25,164
17277,10,20,157
17278,18,29,151
17279,14,21,117
17280,21,48,292
17281,14,30,183
17282,27,63,362
17283,10,22,147
17284,2,10,60
17285,13,26,165
17286,6,11,68
17287,11,19,121
17288,16,34,190
17289,12,20,116
17290,3,8,58
17291,16,31,172
17292,5,15,138
17293,12,29,187
17294,1,3,26
17295,4,13,111
17296,8,15,132
17297,2,5,39
17298,14,30,207
17299,15,31,194
17300,7,17,91
17301,5,13,121
17302,10,19,95
17303,4,12,73
17304,16,29,174
17305,12,23,126
17306,18,34,198
17307,8,15,103
17308,16,28,150
17309,6,13,80
17310,32,62,424
17311,13,27,180
17312,4,10,66
17313,9,20,129
17314,6,19,136
17315,5,9,58
17316,6,13,92
17317,11,17,124
17318,12,29,208
17319,27,55,384
17320,14,29,165
17321,11,25,138
17322,6,14,81
17323,6,15,92
17324,5,11,62
17325,3,7,45
17326,11,19,104
17327,15,30,177
17328,8,17,119
17329,1,6,54
17330,2,3,16
17331,7,11,56
17332,10,24,152
17333,20,37,232
17334,4,7,37
17335,6,13,74
17336,12,32,245
17337,7,14,82
17338,20,36,205
17339,12,27,174
17340,16,25,198
17341,6,12,81
17342,13,30,190
17343,6,11,64
17344,15,34,208
17345,4,10,57
17346,21,49,317
17347,3,7,51
17348,14,25,150
17349,7,16,87
17350,11,16,92
17351,13,31,179
17352,2,10,76
17353,13,29,165
17354,13,28,181
17355,6,15,105
17356,8,16,79
17357,3,8,54
17358,5,8,41
17359,4,10,75
17360,5,12,76
17361,8,16,94
17362,4,11,63
17363,10,24,153
17364,3,10,77
17365,6,12,76
17366,15,29,158
17367,9,18,104
17368,13,30,155
17369,9,15,77
17370,11,24,133
17371,7,16,83
17372,10,18,106
17373,6,13,73
17374,12,20,113
17375,7,18,111
17376,18,29,151
17377,11,29,183
17378,6,13,70
17379,12,23,143
17380,9,23,135
17381,9,19,102
17382,6,14,78
17383,7,17,95
17384,11,22,124
17385,16,28,161
17386,9,19,111
17387,6,13,72
17388,6,10,45
17389,23,38,213
17390,2,8,42
17391,7,13,69
17392,10,24,163
17393,6,11,56
17394,7,15,100
17395,5,10,53
17396,6,10,60
17397,11,18,101
17398,5,9,47
17399,2,8,57
17400,4,10,87
17401,5,11,68
17402,17,30,176
17403,8,19,134
17404,7,15,106
17405,13,28,155
17406,4,8,53
17407,10,27,195
17408,11,20,119
17409,1,5,38
17410,18,33,193
17411,11,19,103
17412,5,12,76
17413,10,20,126
17414,8,21,141
17415,10,22,133
17416,21,42,238
17417,10,21,133
17418,12,23,156
17419,11,17,105
17420,6,12,89
17421,7,15,104
17422,2,7,49
17423,12,30,199
17424,23,52,317
17425,9,12,58
17426,6,22,155
17427,9,18,108
17428,6,14,82
17429,7,13,75
17430,19,35,215
17431,5,9,45
17432,2,4,26
17433,7,16,98
17434,7,12,76
17435,5,12,77
17436,5,11,73
17437,6,10,56
17438,5,12,72
17439,20,33,191
17440,5,12,94
17441,12,27,171
17442,3,9,59
17443,21,34,209
17444,12,23,129
17445,9,17,103
17446,3,8,49
17447,18,35,204
17448,6,10,65
17449,4,12,84
17450,17,33,205
17451,10,21,142
17452,10,18,110
17453,3,6,35
17454,8,19,126
17455,4,9,45
17456,10,24,148
17457,15,28,161
17458,1,3,27
17459,17,43,265
17460,5,12,91
17461,9,24,143
17462,10,18,101
17463,11,24,147
17464,9,19,130
17465,19,35,186
17466,26,46,244
17467,12,24,140
17468,11,25,141
17469,6,11,63
17470,12,22,118
17471,12,19,97
17472,6,15,87
17473,8,14,77
17474,3,7,49
17475,7,18,105
17476,4,11,63
17477,2,8,56
17478,10,20,110
17479,5,11,76
17480,5,11,51
17481,5,11,76
17482,6,12,80
17483,8,15,89
17484,6,10,55
17485,1,4,25
17486,13,27,129
17487,7,13,70
17488,15,27,152
17489,13,26,138
17490,18,32,181
17491,6,14,96
17492,8,16,101
17493,6,17,122
17494,3,7,38
17495,17,30,171
17496,13,29,165
17497,5,13,84
17498,9,17,89
17499,11,27,187
17500,11,27,185
17501,10,17,97
17502,4,9,49
17503,6,14,64
17504,13,26,138
17505,7,19,115
17506,6,19,120
17507,13,23,124
17508,15,24,119
17509,22,45,269
17510,14,31,194
17511,10,19,108
17512,10,16,87
17513,4,15,85
17514,16,29,153
17515,11,17,97
17516,8,13,73
17517,3,6,33
17518,11,28,168
17519,2,4,20
17520,5,16,110
17521,5,14,88
17522,8,17,121
17523,8,16,80
17524,4,9,55
17525,10,26,163
17526,7,17,107
17527,9,19,105
17528,3,7,39
17529,7,14,64
17530,3,8,53
17531,2,4,23
17532,8,17,94
17533,12,22,115
17534,12,31,178
17535,8,15,89
17536,11,21,108
17537,13,22,122
17538,5,12,75
17539,10,21,100
17540,2,9,62
17541,8,15,86
17542,2,6,40
17543,3,5,26
17544,1,4,28
17545,1,2,17
17546,3,9,69
17547,3,6,33
17548,6,16,94
17549,11,21,130
17550,8,16,106
17551,3,8,43
17552,5,12,78
17553,6,17,102
17554,5,14,92
17555,4,13,74
17556,7,13,71
17557,8,18,106
17558,5,9,44
17559,16,28,152
17560,13,30,193
17561,14,25,128
17562,8,17,89
17563,7,17,96
17564,12,28,164
17565,5,10,53
17566,30,54,283
17567,5,8,41
17568,23,41,230
17569,13,40,250
17570,8,18,111
17571,13,25,144
17572,12,18,112
17573,11,24,143
17574,12,25,152
17575,0,1,14
17576,14,29,178
17577,12,21,134
17578,21,43,289
17579,0,1,14
17580,10,22,151
17581,10,18,125
17582,11,20,127
17583,9,25,187
17584,0,1,14
17585,6,14,92
17586,14,23,136
17587,9,18,110
17588,2,5,31
17589,10,18,99
17590,5,9,72
17591,9,20,155
17592,2,5,33
17593,16,34,196
17594,2,5,36
17595,13,29,181
17596,10,19,121
17597,13,29,181
17598,2,4,17
17599,20,32,181
17600,8,17,88
17601,14,21,117
17602,20,36,225
17603,12,28,160
17604,1,4,30
17605,5,7,38
17606,9,16,103
17607,11,15,72
17608,31,61,411
17609,17,36,206
17610,20,34,223
17611,5,15,90
17612,10,18,95
17613,11,24,129
17614,13,32,191
17615,20,35,199
17616,0,1,19
17617,8,17,116
17618,22,38,211
17619,4,9,69
17620,5,10,60
17621,8,12,63
17622,8,14,70
17623,11,18,106
17624,14,27,154
17625,17,24,123
17626,12,28,165
17627,8,12,72
17628,14,30,167
17629,20,37,233
17630,13,24,152
17631,25,45,269
17632,7,12,63
17633,0,2,15
17634,32,60,386
17635,2,9,63
17636,4,13,96
17637,28,64,433
17638,10,21,126
17639,6,14,93
17640,12,26,168
17641,7,11,47
17642,21,43,264
17643,4,11,75
17644,4,13,78
17645,1,6,47
17646,3,7,68
17647,3,7,55
17648,5,12,72
17649,11,24,156
17650,7,14,92
17651,8,17,92
17652,10,23,152
17653,2,10,69
17654,4,10,52
17655,17,33,205
17656,7,18,110
17657,9,16,85
17658,4,6,26
17659,4,15,95
17660,22,49,356
17661,9,14,78
17662,6,14,89
17663,0,2,20
17664,6,8,52
17665,10,18,109
17666,9,14,89
17667,9,19,123
17668,8,12,68
17669,7,17,116
17670,13,24,157
17671,3,8,61
17672,10,19,112
17673,10,21,118
17674,0,5,37
17675,6,14,86
17676,12,16,90
17677,3,4,18
17678,6,15,88
17679,3,5,26
17680,10,19,112
17681,3,4,27
17682,3,4,21
17683,2,3,14
17684,5,13,72
17685,4,12,83
17686,2,8,56
17687,6,10,50
17688,1,4,40
17689,7,11,50
17690,4,10,69
17691,4,5,26
17692,3,8,58
17693,3,7,45
17694,1,5,32
17695,3,7,36
17696,1,4,22
17697,3,5,30
17698,6,8,39
17699,14,26,150
17700,15,27,157
17701,4,8,39
17702,6,16,105
17703,4,12,69
17704,8,17,98
17705,8,14,65
17706,5,11,67
17707,6,13,73
17708,5,15,92
17709,7,13,78
17710,11,27,181
17711,6,11,57
17712,5,16,95
17713,4,11,82
17714,12,25,190
17715,6,11,61
17716,18,34,191
17717,10,21,129
17718,5,10,58
17719,5,9,50
17720,6,14,91
17721,2,6,28
17722,0,0,4
17723,3,6,39
17724,7,13,72
17725,4,7,39
17726,1,3,19
17727,0,3,34
17728,18,32,177
17729,4,11,76
17730,7,13,87
17731,2,6,33
17732,12,20,101
17733,11,26,175
17734,7,15,84
17735,5,17,117
17736,7,15,84
17737,9,19,119
17738,10,20,112
17739,11,23,127
17740,21,49,291
17741,9,22,120
17742,8,14,80
17743,4,9,49
17744,10,27,171
17745,2,4,29
17746,2,2,12
17747,12,24,139
17748,4,9,57
17749,8,21,128
17750,7,13,80
17751,0,4,25
17752,4,8,41
17753,3,8,47
17754,3,7,39
17755,7,16,94
17756,10,19,103
17757,6,12,73
17758,7,19,134
17759,10,24,163
17760,14,26,133
17761,3,6,35
17762,12,20,92
17763,0,3,27
17764,19,40,240
17765,5,10,63
17766,2,4,37
17767,5,13,72
17768,8,21,125
17769,11,22,124
17770,3,4,30
17771,8,17,87
17772,4,12,70
17773,5,7,37
17774,2,3,19
17775,9,23,146
17776,8,18,117
17777,6,13,87
17778,10,28,202
17779,3,7,55
17780,7,12,65
17781,3,10,66
17782,5,7,42
17783,13,19,99
17784,0,2,16
17785,0,2,16
17786,8,14,82
17787,5,9,53
17788,7,16,117
17789,2,8,41
17790,5,8,57
17791,4,10,52
17792,2,7,43
17793,9,24,146
17794,15,26,148
17795,5,5,24
17796,4,6,26
17797,6,10,54
17798,13,27,162
17799,4,7,37
17800,7,16,83
17801,14,33,196
17802,1,5,27
17803,7,12,74
17804,5,8,46
17805,14,29,178
17806,5,19,141
17807,3,11,74
17808,6,13,87
17809,11,24,140
17810,5,14,75
17811,4,7,40
17812,6,11,52
17813,5,11,58
17814,8,16,100
17815,5,14,92
17816,8,11,52
17817,11,20,99
17818,6,11,51
17819,1,5,29
17820,10,15,85
17821,7,14,102
17822,3,10,71
17823,3,9,64
17824,5,8,43
17825,11,26,165
17826,3,7,42
17827,5,10,55
17828,7,10,54
17829,5,7,37
17830,7,14,93
17831,7,16,117
17832,7,14,70
17833,4,6,29
17834,11,18,111
17835,5,9,50
17836,20,41,255
17837,11,23,127
17838,3,7,48
17839,1,5,43
17840,9,20,149
17841,8,17,112
17842,8,18,118
17843,7,17,113
17844,7,13,78
17845,12,23,134
17846,8,19,113
17847,13,26,170
17848,6,10,71
17849,15,25,148
17850,13,33,244
17851,16,35,209
17852,7,17,112
17853,11,20,117
17854,1,3,15
17855,9,18,115
17856,4,13,100
17857,10,22,141
17858,4,11,73
17859,8,23,130
17860,8,21,152
17861,12,26,188
17862,8,16,85
17863,6,10,61
17864,8,22,142
17865,8,16,114
17866,10,16,102
17867,6,14,88
17868,4,11,106
17869,7,13,100
17870,15,36,240
17871,5,11,58
17872,1,4,38
17873,12,28,160
17874,5,16,108
17875,18,37,278
17876,11,28,189
17877,4,8,51
17878,13,27,184
17879,4,6,32
17880,5,11,66
17881,7,17,105
17882,10,21,131
17883,10,19,118
17884,8,13,64
17885,3,10,75
17886,11,19,97
17887,7,18,120
17888,9,16,104
17889,20,37,248
17890,5,9,54
17891,6,8,41
17892,14,26,141
17893,14,26,161
17894,11,25,173
17895,10,28,219
17896,16,30,188
17897,6,13,89
17898,7,11,55
17899,4,8,50
17900,4,8,54
17901,8,18,102
17902,14,27,154
17903,5,12,67
17904,8,27,205
17905,8,20,129
17906,11,20,96
17907,5,11,64
17908,7,19,133
17909,10,22,128
17910,23,46,271
17911,1,5,32
17912,12,26,171
17913,7,18,126
17914,8,18,113
17915,12,25,150
17916,5,15,96
17917,9,18,113
17918,23,44,267
17919,3,11,83
17920,9,23,153
17921,6,12,96
17922,9,21,160
17923,4,15,100
17924,3,12,95
17925,16,36,221
17926,15,38,255
17927,5,10,62
17928,5,11,75
17929,5,13,86
17930,5,9,60
17931,8,22,120
17932,5,10,55
17933,11,19,98
17934,8,15,90
17935,10,20,117
17936,1,5,31
17937,7,18,128
17938,4,11,70
17939,12,19,105
17940,2,7,46
17941,13,31,172
17942,8,20,114
17943,3,13,88
17944,6,14,90
17945,9,16,77
17946,7,11,56
17947,5,18,108
17948,11,25,126
17949,10,23,133
17950,3,9,48
17951,6,12,71
17952,4,10,60
17953,11,22,116
17954,3,9,53
17955,7,15,79
17956,10,21,130
17957,11,18,105
17958,3,6,34
17959,1,5,30
17960,7,14,78
17961,6,16,81
17962,19,34,152
17963,4,9,44
17964,12,27,143
17965,7,13,59
17966,11,20,104
17967,7,16,90
17968,5,13,84
17969,8,16,89
17970,4,11,66
17971,7,18,100
17972,6,16,85
17973,6,13,85
17974,12,18,107
17975,9,18,101
17976,15,29,170
17977,6,16,79
17978,18,33,169
17979,13,26,134
17980,8,19,102
17981,7,19,103
17982,6,18,123
17983,12,26,146
17984,7,14,78
17985,12,20,126
17986,2,7,38
17987,3,7,48
17988,5,9,45
17989,3,6,32
17990,6,14,78
17991,3,8,48
17992,5,13,83
17993,10,17,94
17994,4,13,79
17995,2,8,48
17996,9,19,86
17997,3,13,81
17998,5,13,72
17999,3,8,40
18000,6,17,81
18001,3,8,46
18002,8,12,62
18003,12,29,175
18004,5,11,67
18005,3,9,50
18006,6,12,66
18007,5,12,66
18008,10,19,95
18009,12,24,142
18010,7,15,91
18011,10,19,98
18012,4,11,69
18013,8,21,117
18014,5,13,91
18015,6,16,103
18016,10,25,124
18017,12,22,116
18018,5,14,82
18019,9,18,95
18020,4,11,56
18021,4,11,68
18022,4,11,74
18023,4,9,49
18024,7,18,97
18025,9,22,124
18026,3,6,30
18027,4,15,101
18028,12,26,142
18029,13,34,175
18030,16,28,139
18031,3,6,33
18032,15,34,181
18033,14,30,149
18034,5,12,79
18035,19,34,190
18036,7,14,60
18037,11,21,109
18038,10,20,95
18039,2,4,20
18040,4,11,68
18041,5,13,70
18042,10,20,97
18043,6,14,85
18044,5,8,40
18045,3,8,47
18046,15,31,170
18047,11,24,134
18048,5,8,42
18049,6,15,89
18050,14,26,135
18051,10,29,159
18052,20,41,243
18053,10,16,95
18054,5,8,45
18055,22,45,258
18056,8,24,164
18057,21,49,325
18058,18,29,149
18059,10,22,122
18060,12,25,154
18061,5,12,70
18062,20,41,242
18063,6,13,67
18064,12,23,141
18065,9,20,147
18066,2,6,41
18067,6,14,86
18068,27,45,274
18069,5,8,45
18070,18,34,179
18071,12,23,141
18072,10,19,122
18073,21,41,250
18074,21,43,234
18075,7,11,66
18076,9,18,99
18077,9,20,120
18078,15,25,110
18079,6,11,53
18080,4,10,55
18081,14,27,127
18082,19,38,198
18083,6,13,73
18084,20,40,211
18085,5,10,54
18086,6,14,83
18087,15,29,189
18088,1,5,43
18089,5,15,105
18090,15,29,142
18091,2,8,54
18092,10,21,134
18093,10,26,169
18094,18,39,218
18095,28,52,301
18096,15,35,214
18097,11,19,98
18098,13,30,164
18099,4,8,36
18100,16,29,172
18101,28,51,278
18102,17,30,139
18103,4,11,85
18104,11,30,223
18105,12,31,179
18106,1,4,25
18107,8,16,108
18108,4,8,51
18109,3,7,50
18110,19,39,226
18111,15,27,131
18112,8,17,99
18113,8,17,96
18114,22,40,221
18115,9,16,80
18116,9,15,97
18117,7,15,95
18118,18,36,210
18119,3,11,69
18120,15,27,151
18121,10,19,102
18122,8,16,94
18123,10,28,171
18124,27,54,283
18125,18,43,240
18126,25,47,238
18127,1,6,39
18128,4,11,68
18129,18,32,179
18130,14,34,196
18131,4,13,67
18132,4,11,84
18133,13,20,99
18134,13,23,121
18135,11,16,90
18136,2,4,22
18137,21,43,283
18138,3,8,48
18139,7,15,84
18140,3,7,42
18141,13,27,164
18142,10,23,147
18143,5,10,66
18144,12,28,181
18145,14,26,151
18146,11,19,125
18147,12,26,159
18148,18,33,180
18149,7,15,95
18150,13,29,172
18151,10,20,134
18152,18,37,203
18153,14,22,118
18154,7,15,98
18155,11,22,132
18156,12,20,102
18157,17,32,184
18158,16,31,191
18159,2,8,66
18160,11,19,109
18161,8,16,101
18162,13,29,188
18163,8,16,90
18164,8,17,104
18165,15,27,156
18166,9,19,108
18167,7,13,66
18168,3,8,60
18169,0,0,3
18170,3,6,72
18171,9,17,99
18172,12,23,148
18173,7,18,105
18174,5,18,118
18175,4,13,88
18176,7,20,126
18177,9,19,93
18178,3,9,67
18179,19,36,210
18180,4,11,79
18181,16,31,171
18182,18,41,252
18183,14,30,181
18184,17,36,208
18185,5,11,68
18186,10,18,92
18187,10,18,122
18188,15,33,193
18189,4,10,65
18190,10,18,105
18191,15,32,200
18192,20,40,238
18193,9,20,110
18194,8,17,116
18195,7,16,112
18196,21,40,241
18197,10,24,159
18198,8,18,110
18199,12,32,215
18200,14,24,144
18201,14,28,144
18202,5,13,87
18203,5,10,51
18204,8,16,88
18205,18,31,179
18206,0,2,18
18207,6,11,60
18208,16,27,183
18209,8,18,133
18210,6,13,83
18211,6,12,85
18212,9,18,103
18213,9,25,161
18214,9,18,114
18215,8,16,99
18216,7,19,121
18217,3,11,73
18218,5,12,81
18219,15,39,245
18220,5,9,52
18221,9,19,108
18222,4,8,45
18223,8,22,141
18224,14,30,212
18225,8,16,90
18226,11,21,137
18227,4,13,101
18228,17,34,226
18229,11,24,153
18230,10,21,121
18231,6,22,137
18232,12,24,132
18233,8,17,105
18234,9,29,192
18235,12,28,166
18236,9,30,206
18237,18,37,224
18238,0,0,1
18239,3,8,47
18240,8,25,211
18241,6,21,165
18242,3,14,85
18243,14,35,231
18244,4,11,87
18245,2,3,37
18246,9,24,142
18247,16,32,186
18248,8,23,166
18249,4,10,79
18250,3,7,43
18251,5,12,74
18252,16,34,188
18253,8,21,159
18254,4,9,59
18255,6,11,67
18256,7,19,117
18257,2,4,18
18258,10,25,161
18259,5,17,139
18260,13,31,191
18261,1,8,49
18262,6,10,89
18263,10,20,135
18264,6,14,93
18265,5,12,79
18266,12,28,176
18267,1,5,43
18268,5,16,111
18269,13,30,202
18270,14,29,173
18271,16,28,192
18272,3,5,36
18273,14,28,167
18274,9,20,129
18275,6,10,65
18276,17,31,181
18277,8,20,144
18278,7,20,133
18279,6,16,100
18280,16,40,267
18281,15,32,194
18282,3,10,74
18283,11,35,250
18284,11,22,152
18285,16,40,260
18286,12,23,132
18287,5,9,44
18288,21,33,189
18289,4,17,121
18290,1,4,31
18291,17,36,226
18292,22,51,341
18293,7,18,134
18294,9,16,103
18295,13,26,147
18296,12,30,202
18297,4,8,55
18298,13,29,173
18299,5,9,48
18300,10,24,164
18301,4,7,33
18302,16,34,188
18303,14,31,207
18304,10,26,149
18305,10,22,124
18306,5,19,123
18307,6,15,86
18308,3,5,30
18309,11,25,181
18310,4,12,86
18311,8,22,150
18312,17,37,216
18313,6,14,71
18314,8,22,143
18315,12,33,228
18316,13,29,182
18317,9,10,49
18318,6,10,51
18319,3,8,50
18320,18,31,182
18321,2,6,46
18322,9,21,126
18323,3,6,41
18324,11,26,149
18325,8,15,99
18326,4,8,52
18327,8,19,133
18328,12,26,146
18329,2,10,77
18330,6,16,106
18331,4,10,67
18332,2,5,35
18333,8,13,76
18334,11,29,164
18335,10,17,79
18336,21,35,167
18337,7,16,98
18338,13,28,179
18339,6,10,55
18340,4,11,87
18341,3,8,40
18342,6,15,91
18343,2,5,29
18344,19,50,347
18345,7,18,122
18346,7,13,88
18347,4,15,101
18348,9,17,84
18349,3,4,18
18350,2,5,32
18351,2,8,73
18352,3,9,65
18353,15,30,150
18354,4,8,55
18355,11,24,145
18356,3,8,67
18357,14,34,206
18358,12,27,164
18359,4,12,82
18360,10,19,101
18361,11,26,147
18362,2,10,74
18363,15,31,175
18364,7,20,132
18365,17,41,262
18366,8,19,118
18367,13,30,174
18368,19,50,330
18369,23,48,258
18370,13,30,145
18371,27,47,278
18372,15,24,122
18373,8,22,153
18374,9,18,92
18375,11,22,122
18376,8,13,88
18377,11,22,163
18378,9,17,94
18379,11,20,116
18380,6,14,103
18381,10,25,162
18382,16,31,174
18383,12,18,89
18384,0,0,2
18385,5,16,101
18386,13,19,96
18387,9,21,149
18388,29,68,423
18389,4,8,45
18390,8,15,95
18391,14,29,189
18392,12,24,152
18393,5,12,84
18394,8,18,107
18395,13,25,174
18396,10,21,138
18397,9,20,107
18398,9,21,138
18399,11,23,163
18400,3,16,117
18401,4,13,97
18402,5,13,89
18403,5,8,57
18404,14,28,180
18405,9,23,185
18406,3,12,110
18407,12,21,145
18408,4,10,75
18409,13,24,127
18410,5,9,59
18411,7,10,51
18412,7,11,53
18413,10,34,263
18414,6,15,91
18415,12,33,223
18416,19,43,284
18417,10,21,121
18418,6,12,62
18419,17,25,120
18420,12,17,91
18421,23,48,329
18422,7,11,54
18423,5,15,112
18424,13,29,185
18425,5,13,94
18426,6,11,63
18427,9,21,129
18428,6,11,66
18429,13,24,142
18430,7,14,80
18431,11,18,98
18432,8,15,86
18433,11,19,114
18434,2,9,61
18435,17,32,184
18436,24,41,225
18437,10,18,104
18438,4,12,74
18439,13,25,140
18440,9,20,119
18441,8,15,82
18442,15,30,203
18443,9,18,102
18444,3,7,48
18445,13,27,151
18446,7,13,80
18447,14,31,171
18448,2,6,51
18449,5,9,45
18450,8,13,72
18451,16,26,125
18452,3,7,38
18453,3,7,39
18454,19,32,180
18455,13,23,125
18456,4,10,54
18457,12,22,125
18458,11,19,106
18459,15,41,270
18460,5,11,58
18461,4,10,59
18462,4,11,58
18463,16,27,136
18464,4,8,36
18465,12,22,123
18466,12,25,159
18467,2,6,49
18468,13,23,123
18469,5,9,46
18470,10,21,131
18471,10,22,117
18472,11,20,110
18473,9,18,97
18474,6,10,54
18475,11,22,114
18476,10,18,92
18477,14,23,107
18478,14,25,139
18479,11,21,111
18480,12,24,141
18481,13,27,145
18482,12,23,133
18483,14,30,167
18484,11,19,115
18485,13,26,137
18486,4,8,51
18487,6,10,54
18488,17,24,111
18489,10,19,115
18490,17,28,137
18491,7,14,93
18492,1,2,10
18493,6,17,105
18494,4,7,42
18495,6,12,85
18496,6,9,58
18497,6,12,76
18498,10,28,190
18499,5,11,61
18500,12,24,156
18501,20,32,178
18502,20,35,187
18503,1,6,45
18504,24,41,237
18505,7,13,75
18506,11,25,147
18507,9,14,72
18508,5,7,42
18509,4,7,43
18510,2,5,36
18511,12,23,142
18512,21,38,200
18513,5,9,42
18514,2,4,36
18515,1,2,12
18516,11,19,116
18517,7,14,84
18518,17,35,203
18519,17,36,215
18520,18,33,185
18521,13,21,128
18522,4,9,62
18523,16,37,212
18524,17,37,215
18525,11,24,138
18526,3,9,56
18527,13,20,110
18528,10,20,120
18529,12,21,115
18530,10,22,134
18531,22,40,217
18532,6,18,125
18533,5,11,82
18534,5,12,67
18535,6,12,70
18536,5,12,78
18537,9,16,82
18538,9,18,103
18539,12,27,170
18540,9,20,120
18541,8,12,63
18542,10,26,163
18543,11,26,180
18544,14,33,176
18545,5,8,48
18546,16,32,189
18547,5,11,62
18548,25,47,297
18549,9,18,97
18550,5,6,33
18551,26,58,341
18552,10,18,100
18553,0,3,26
18554,3,7,47
18555,4,10,67
18556,10,18,102
18557,2,4,27
18558,1,5,36
18559,12,19,101
18560,7,17,116
18561,4,7,39
18562,10,22,128
18563,8,15,90
18564,2,6,40
18565,6,10,60
18566,6,12,76
18567,9,19,98
18568,7,20,135
18569,8,15,99
18570,5,9,65
18571,18,32,174
18572,9,18,113
18573,9,23,156
18574,4,8,41
18575,4,9,53
18576,7,16,108
18577,21,35,192
18578,23,48,299
18579,7,16,110
18580,17,27,162
18581,8,17,100
18582,7,16,109
18583,5,7,34
18584,20,39,221
18585,6,14,80
18586,12,22,140
18587,3,6,43
18588,9,16,120
18589,4,9,50
18590,3,7,48
18591,13,21,101
18592,6,12,68
18593,8,15,85
18594,4,12,83
18595,11,21,130
18596,8,16,106
18597,6,15,79
18598,3,6,38
18599,8,20,125
18600,3,9,80
18601,19,39,230
18602,14,29,165
18603,3,5,24
18604,13,30,198
18605,21,42,254
18606,18,29,153
18607,10,15,95
18608,9,19,119
18609,7,12,75
18610,6,12,78
18611,4,9,52
18612,5,10,69
18613,14,34,230
18614,8,13,65
18615,3,7,52
18616,0,2,14
18617,5,9,58
18618,11,31,195
18619,12,27,162
18620,7,15,98
18621,10,20,111
18622,10,24,133
18623,7,15,89
18624,7,18,107
18625,3,6,34
18626,7,16,99
18627,1,9,78
18628,6,11,68
18629,4,8,49
18630,2,5,26
18631,17,30,173
18632,4,7,36
18633,13,25,149
18634,3,8,43
18635,8,13,80
18636,10,17,98
18637,4,10,56
18638,10,19,127
18639,6,10,50
18640,7,10,50
18641,5,15,144
18642,20,33,177
18643,6,13,67
18644,17,32,192
18645,11,23,143
18646,12,24,157
18647,9,22,172
18648,11,30,189
18649,10,25,202
18650,8,19,145
18651,8,16,94
18652,3,6,39
18653,16,35,237
18654,10,24,194
18655,16,33,173
18656,9,17,91
18657,8,17,117
18658,21,41,233
18659,13,28,162
18660,17,33,196
18661,12,20,107
18662,9,18,111
18663,16,34,200
18664,11,22,135
18665,15,36,208
18666,9,17,90
18667,11,18,111
18668,9,18,115
18669,10,16,90
18670,7,15,97
18671,2,7,43
18672,10,24,149
18673,7,15,94
18674,13,20,104
18675,4,7,40
18676,10,18,105
18677,12,20,109
18678,0,2,20
18679,8,18,103
18680,8,20,142
18681,11,21,135
18682,4,13,91
18683,9,17,111
18684,21,33,187
18685,8,18,125
18686,20,40,239
18687,15,33,203
18688,19,42,267
18689,10,19,102
18690,8,16,85
18691,9,16,100
18692,23,39,198
18693,6,13,85
18694,15,38,235
18695,26,51,272
18696,13,23,128
18697,9,15,96
18698,24,47,264
18699,13,27,149
18700,7,15,90
18701,17,41,230
18702,7,15,91
18703,8,20,135
18704,13,31,203
18705,14,35,215
18706,4,10,68
18707,10,23,142
18708,11,16,77
18709,16,32,206
18710,6,17,114
18711,12,21,137
18712,11,23,132
18713,20,37,200
18714,15,31,186
18715,5,9,49
18716,13,30,176
18717,17,31,144
18718,15,27,137
18719,9,11,59
18720,4,8,49
18721,6,10,62
18722,1,2,9
18723,5,7,45
18724,3,5,36
18725,11,24,137
18726,16,25,136
18727,8,21,127
18728,11,24,150
18729,9,23,130
18730,10,16,85
18731,5,18,141
18732,9,16,102
18733,6,12,69
18734,9,19,108
18735,3,10,67
18736,6,14,92
18737,13,33,219
18738,5,14,91
18739,3,8,54
18740,4,7,36
18741,6,15,77
18742,9,22,136
18743,10,23,157
18744,11,26,171
18745,6,18,122
18746,10,28,176
18747,5,11,82
18748,9,19,96
18749,7,14,74
18750,4,10,57
18751,18,30,162
18752,8,18,106
18753,21,41,243
18754,12,23,117
18755,2,10,66
18756,11,32,229
18757,15,31,185
18758,4,13,84
18759,10,22,115
18760,4,10,59
18761,2,11,76
18762,4,9,48
18763,6,14,80
18764,6,13,74
18765,18,34,205
18766,4,15,106
18767,12,24,132
18768,14,27,166
18769,8,28,182
18770,10,24,131
18771,8,18,90
18772,7,15,88
18773,11,23,137
18774,9,17,125
18775,4,15,110
18776,7,17,100
18777,3,6,42
18778,12,29,172
18779,10,21,140
18780,1,9,60
18781,3,9,64
18782,9,18,129
18783,7,17,86
18784,5,19,132
18785,6,17,115
18786,4,19,145
18787,8,15,75
18788,1,3,23
18789,3,7,37
18790,5,20,149
18791,14,29,161
18792,10,21,103
18793,9,17,114
18794,17,33,184
18795,3,10,67
18796,4,11,67
18797,3,8,46
18798,2,7,47
18799,5,9,66
18800,8,16,90
18801,5,10,75
18802,6,13,73
18803,8,19,94
18804,7,15,91
18805,6,14,97
18806,7,18,99
18807,5,13,74
18808,5,15,97
18809,6,17,126
18810,9,29,210
18811,4,11,72
18812,6,16,103
18813,6,24,182
18814,4,10,68
18815,9,20,130
18816,6,18,129
18817,3,15,108
18818,4,12,66
18819,15,32,185
18820,7,13,66
18821,3,9,59
18822,4,8,46
18823,6,13,69
18824,7,15,100
18825,2,10,70
18826,5,14,83
18827,5,16,126
18828,7,22,129
18829,4,11,75
18830,3,9,53
18831,3,8,50
18832,3,10,71
18833,6,13,81
18834,1,8,51
18835,2,13,89
18836,5,14,84
18837,9,21,129
18838,8,20,118
18839,21,47,311
18840,5,12,81
18841,5,11,63
18842,4,20,148
18843,8,16,111
18844,10,18,136
18845,15,30,165
18846,12,25,169
18847,8,17,94
18848,3,10,80
18849,4,8,55
18850,8,13,79
18851,2,5,36
18852,7,14,89
18853,9,23,179
18854,6,13,65
18855,2,3,25
18856,9,14,69
18857,15,28,175
18858,7,14,84
18859,6,12,71
18860,18,32,180
18861,21,41,212
18862,8,17,121
18863,11,22,140
18864,9,19,143
18865,14,25,153
18866,7,14,85
18867,9,16,88
18868,16,32,165
18869,9,22,130
18870,5,11,74
18871,6,10,60
18872,10,21,134
18873,8,23,177
18874,13,26,142
18875,3,8,54
18876,5,10,63
18877,6,14,90
18878,8,20,117
18879,5,12,75
18880,3,7,52
18881,9,16,117
18882,14,26,171
18883,4,11,61
18884,13,36,223
18885,12,21,127
18886,6,10,74
18887,11,17,94
18888,11,20,156
18889,8,17,118
18890,3,9,43
18891,12,18,111
18892,12,17,98
18893,7,9,56
18894,16,26,157
18895,3,8,55
18896,2,7,68
18897,9,16,90
18898,25,40,210
18899,13,24,141
18900,8,19,105
18901,14,29,210
18902,11,23,132
18903,9,13,75
18904,13,27,172
18905,8,15,87
18906,16,40,261
18907,19,33,207
18908,6,11,60
18909,10,21,136
18910,4,10,68
18911,6,12,78
18912,8,17,99
18913,12,24,160
18914,7,14,94
18915,4,9,50
18916,7,16,107
18917,23,44,266
18918,15,29,157
18919,5,8,48
18920,6,16,107
18921,18,41,259
18922,11,29,202
18923,4,7,56
18924,5,15,101
18925,12,24,156
18926,7,11,64
18927,17,28,171
18928,8,16,116
18929,13,25,159
18930,16,26,151
18931,5,10,63
18932,13,25,145
18933,8,13,80
18934,8,20,121
18935,9,15,85
18936,13,32,240
18937,15,25,161
18938,17,32,215
18939,8,18,97
18940,17,32,201
18941,1,3,23
18942,15,26,180
18943,21,33,168
18944,8,16,121
18945,16,32,195
18946,4,8,39
18947,38,64,319
18948,5,17,103
18949,12,31,189
18950,9,16,82
18951,22,45,258
18952,1,5,36
18953,5,11,69
18954,4,9,52
18955,9,15,75
18956,3,7,41
18957,0,1,9
18958,9,22,120
18959,21,41,203
18960,1,4,34
18961,12,31,178
18962,18,32,178
18963,3,8,55
18964,5,11,71
18965,1,2,18
18966,9,19,98
18967,6,14,67
18968,8,12,66
18969,0,4,25
18970,6,10,52
18971,4,7,31
18972,7,14,78
18973,7,13,55
18974,8,15,80
18975,10,27,177
18976,4,10,45
18977,46,88,504
18978,12,28,144
18979,6,8,45
18980,12,21,103
18981,6,8,43
18982,6,9,39
18983,7,11,54
18984,2,4,32
18985,14,22,107
18986,28,54,293
18987,11,21,114
18988,11,21,131
18989,12,24,146
18990,10,16,104
18991,14,25,149
18992,2,4,20
18993,16,24,104
18994,5,12,61
18995,14,35,183
18996,11,20,110
18997,26,46,279
18998,8,17,111
18999,16,33,195
19000,5,8,36
19001,3,6,29
19002,2,5,27
19003,6,14,93
19004,4,8,41
19005,15,23,115
19006,17,32,198
19007,5,13,71
19008,6,8,43
19009,3,6,42
19010,2,4,30
19011,8,14,97
19012,9,18,102
19013,2,5,37
19014,3,6,29
19015,16,24,125
19016,14,32,164
19017,7,13,62
19018,2,3,12
19019,2,4,21
19020,3,5,24
19021,8,11,57
19022,5,8,38
19023,3,7,34
19024,7,15,90
19025,8,13,79
19026,21,43,237
19027,1,3,27
19028,2,4,31
19029,5,6,34
19030,13,22,113
19031,9,18,97
19032,17,28,147
19033,15,27,132
19034,3,6,30
19035,8,16,87
19036,1,4,36
19037,1,4,23
19038,24,50,294
19039,12,20,92
19040,0,3,20
19041,1,3,23
19042,2,5,25
19043,5,7,40
19044,4,6,30
19045,4,9,47
19046,11,22,116
19047,1,2,13
19048,1,4,24
19049,2,6,37
19050,23,44,234
19051,2,8,41
19052,3,7,38
19053,5,12,70
19054,5,11,63
19055,5,11,60
19056,1,4,23
19057,1,4,21
19058,3,5,29
19059,2,4,25
19060,7,16,96
19061,9,18,94
19062,6,13,74
19063,13,26,136
19064,3,10,63
19065,8,16,73
19066,8,16,82
19067,4,9,58
19068,15,28,151
19069,4,9,45
19070,1,8,69
19071,2,4,19
19072,16,30,157
19073,10,20,128
19074,13,24,128
19075,22,38,213
19076,18,31,203
19077,11,24,153
19078,22,41,252
19079,8,16,88
19080,8,16,85
19081,21,44,279
19082,7,18,119
19083,16,28,179
19084,19,34,208
19085,1,3,27
19086,11,20,130
19087,10,20,130
19088,6,10,52
19089,7,14,82
19090,9,19,110
19091,4,8,50
19092,1,4,31
19093,16,25,163
19094,16,31,172
19095,22,37,263
19096,13,26,153
19097,6,14,95
19098,5,9,50
19099,15,35,235
19100,8,13,69
19101,17,42,305
19102,16,28,167
19103,8,17,102
19104,13,26,149
19105,8,16,87
19106,13,23,127
19107,10,21,124
19108,17,29,167
19109,13,26,173
19110,20,39,246
19111,7,12,70
19112,4,7,38
19113,24,41,253
19114,8,12,67
19115,3,7,40
19116,5,10,65
19117,6,8,40
19118,0,2,22
19119,11,25,140
19120,15,30,170
19121,10,19,119
19122,2,3,20
19123,16,26,135
19124,15,24,137
19125,9,15,84
19126,28,40,198
19127,7,14,92
19128,10,18,115
19129,32,69,458
19130,22,40,233
19131,18,28,176
19132,18,37,215
19133,8,13,72
19134,12,22,138
19135,4,9,68
19136,3,5,26
19137,2,5,34
19138,3,5,28
19139,7,17,99
19140,4,9,53
19141,7,14,79
19142,11,20,114
19143,11,17,85
19144,11,18,103
19145,17,31,185
19146,10,17,90
19147,8,16,84
19148,10,17,104
19149,13,26,172
19150,13,25,137
19151,8,17,95
19152,10,16,98
19153,23,40,209
19154,19,33,185
19155,8,14,71
19156,13,25,133
19157,7,15,106
19158,6,10,73
19159,3,9,49
19160,17,31,190
19161,26,38,195
19162,2,5,29
19163,24,43,237
19164,14,25,133
19165,15,29,169
19166,10,22,110
19167,21,49,282
19168,19,43,262
19169,15,40,238
19170,28,56,298
19171,12,23,136
19172,14,32,211
19173,0,3,19
19174,1,1,22
19175,7,19,121
19176,23,47,242
19177,9,26,142
19178,22,47,256
19179,32,66,376
19180,6,20,121
19181,8,17,99
19182,21,45,264
19183,12,30,162
19184,34,60,309
19185,6,17,86
19186,15,28,159
19187,17,32,155
19188,15,36,243
19189,16,31,178
19190,20,33,179
19191,8,14,75
19192,15,30,166
19193,9,20,116
19194,38,68,372
19195,22,45,237
19196,6,11,68
19197,2,8,52
19198,9,18,100
19199,6,14,79
19200,24,48,275
19201,8,12,73
19202,12,32,218
19203,25,62,360
19204,18,53,358
19205,11,30,171
19206,21,43,245
19207,22,69,449
19208,23,52,319
19209,17,31,166
19210,13,30,152
19211,28,60,344
19212,14,33,217
19213,15,27,148
19214,12,26,153
19215,28,51,260
19216,21,58,396
19217,19,37,214
19218,23,48,268
19219,35,79,439
19220,8,21,135
19221,21,43,241
19222,11,20,100
19223,16,35,205
19224,14,34,204
19225,22,48,295
19226,14,33,234
19227,15,41,286
19228,13,27,177
19229,14,29,221
19230,15,32,196
19231,20,48,368
19232,9,27,215
19233,3,12,92
19234,24,46,282
19235,25,56,390
19236,9,21,124
19237,9,20,125
19238,12,25,172
19239,7,15,93
19240,17,36,221
19241,16,35,243
19242,14,24,181
19243,27,51,324
19244,2,10,104
19245,1,3,48
19246,23,46,334
19247,7,17,112
19248,4,10,71
19249,13,33,233
19250,30,55,386
19251,5,9,48
19252,18,38,227
19253,11,23,171
19254,8,19,130
19255,14,25,159
19256,2,10,108
19257,15,30,242
19258,20,47,326
19259,18,34,234
19260,10,17,110
19261,17,30,182
19262,6,15,103
19263,5,12,68
19264,11,17,87
19265,8,16,104
19266,7,19,128
19267,19,35,212
19268,32,63,457
19269,6,15,105
19270,5,14,93
19271,6,13,91
19272,15,28,188
19273,7,17,120
19274,12,30,196
19275,9,23,188
19276,6,16,124
19277,8,19,145
19278,5,13,98
19279,2,3,14
19280,30,59,375
19281,5,16,120
19282,12,24,158
19283,9,22,179
19284,8,17,126
19285,11,26,213
19286,18,37,242
19287,22,47,351
19288,9,19,139
19289,25,43,285
19290,6,19,146
19291,16,35,229
19292,19,36,224
19293,18,32,188
19294,14,39,296
19295,16,30,182
19296,6,13,92
19297,6,14,94
19298,5,13,95
19299,12,22,140
19300,14,30,201
19301,19,45,301
19302,7,13,78
19303,4,10,62
19304,8,24,166
19305,10,22,135
19306,12,27,171
19307,7,15,98
19308,10,21,122
19309,27,55,349
19310,15,40,267
19311,6,20,159
19312,4,10,65
19313,3,6,45
19314,2,6,45
19315,2,6,52
19316,9,19,133
19317,20,45,323
19318,12,23,134
19319,13,30,177
19320,6,18,129
19321,9,20,133
19322,8,16,111
19323,6,11,63
19324,11,24,164
19325,3,13,91
19326,10,20,129
19327,8,13,80
19328,23,47,295
19329,15,35,220
19330,19,33,181
19331,6,15,92
19332,8,14,81
19333,12,25,164
19334,11,26,180
19335,26,40,241
19336,9,22,141
19337,7,19,122
19338,4,8,62
19339,9,20,119
19340,6,17,123
19341,23,44,270
19342,9,23,146
19343,11,21,116
19344,0,0,1
19345,0,0,1
19346,12,25,194
19347,12,21,129
19348,11,22,157
19349,11,24,177
19350,5,11,68
19351,10,22,149
19352,5,22,169
19353,6,15,94
19354,7,20,143
19355,8,21,148
19356,15,29,198
19357,16,37,269
19358,8,18,114
19359,7,14,113
19360,8,16,94
19361,12,30,215
19362,6,15,99
19363,18,33,188
19364,14,25,176
19365,9,18,120
19366,9,21,146
19367,24,59,399
19368,4,13,99
19369,22,46,274
19370,22,57,389
19371,9,22,150
19372,14,34,218
19373,9,21,163
19374,13,24,153
19375,11,26,185
19376,8,17,100
19377,9,14,89
19378,8,15,95
19379,23,54,320
19380,11,29,252
19381,6,15,103
19382,14,26,168
19383,8,17,101
19384,8,20,124
19385,9,19,121
19386,4,8,75
19387,7,14,91
19388,9,20,113
19389,5,12,70
19390,7,12,84
19391,7,16,91
19392,13,28,165
19393,10,26,135
19394,6,18,122
19395,11,24,121
19396,11,18,85
19397,1,3,20
19398,3,6,33
19399,5,10,52
19400,7,14,79
19401,11,26,177
19402,14,31,199
19403,5,10,54
19404,6,14,75
19405,12,25,150
19406,3,9,63
19407,7,18,118
19408,6,14,77
19409,9,13,63
19410,10,23,122
19411,9,24,132
19412,9,18,114
19413,15,27,136
19414,21,34,166
19415,8,17,99
19416,7,16,120
19417,4,10,53
19418,13,24,159
19419,4,13,90
19420,19,40,217
19421,6,13,74
19422,5,14,76
19423,17,30,149
19424,5,11,84
19425,3,9,66
19426,5,16,107
19427,20,36,186
19428,6,10,56
19429,0,0,1
19430,8,17,111
19431,19,30,175
19432,19,31,165
19433,7,14,83
19434,2,5,42
19435,15,36,201
19436,6,13,90
19437,4,8,44
19438,10,26,192
19439,5,13,71
19440,13,30,173
19441,6,14,87
19442,11,26,154
19443,20,37,211
19444,8,15,81
19445,10,19,100
19446,15,43,250
19447,21,47,323
19448,8,19,115
19449,6,12,84
19450,17,32,193
19451,23,53,331
19452,21,41,233
19453,14,25,136
19454,7,14,82
19455,4,11,61
19456,14,36,199
19457,7,16,97
19458,3,10,77
19459,9,17,91
19460,3,8,46
19461,11,18,97
19462,11,23,122
19463,9,18,120
19464,8,17,117
19465,6,10,53
19466,12,24,147
19467,6,15,103
19468,9,19,104
19469,7,13,95
19470,18,35,225
19471,14,30,172
19472,13,27,153
19473,6,15,95
19474,8,14,70
19475,11,25,127
19476,6,13,74
19477,8,17,98
19478,6,13,74
19479,3,9,48
19480,26,54,338
19481,9,16,86
19482,8,14,69
19483,10,24,173
19484,13,24,127
19485,2,4,20
19486,19,33,170
19487,16,32,204
19488,8,10,55
19489,4,8,50
19490,4,5,27
19491,14,28,182
19492,0,0,1
19493,15,27,187
19494,12,19,107
19495,10,15,83
19496,9,19,102
19497,18,28,154
19498,5,14,97
19499,13,18,93
19500,17,24,115
19501,14,28,174
19502,10,19,113
19503,12,23,134
19504,22,35,191
19505,7,16,92
19506,16,29,162
19507,7,13,71
19508,10,19,120
19509,9,20,132
19510,6,17,104
19511,11,23,162
19512,5,11,59
19513,4,15,107
19514,5,17,125
19515,2,9,68
19516,10,20,113
19517,9,17,111
19518,4,8,51
19519,10,17,98
19520,6,16,104
19521,4,11,87
19522,7,12,61
19523,6,11,52
19524,7,17,105
19525,13,24,130
19526,13,22,118
19527,3,10,62
19528,11,21,121
19529,8,11,63
19530,19,31,182
19531,2,7,54
19532,23,39,215
19533,13,22,127
19534,13,21,113
19535,11,22,137
19536,10,20,118
19537,15,27,147
19538,9,14,69
19539,8,13,68
19540,5,8,46
19541,16,38,226
19542,3,8,54
19543,13,19,99
19544,4,10,69
19545,6,11,64
19546,12,25,148
19547,24,44,255
19548,4,12,73
19549,12,23,148
19550,7,16,102
19551,6,16,109
19552,5,8,41
19553,4,12,91
19554,1,4,23
19555,3,6,35
19556,4,14,99
19557,11,20,126
19558,9,17,88
19559,36,64,370
19560,11,20,111
19561,10,16,103
19562,8,21,143
19563,11,28,164
19564,8,14,80
19565,0,0,3
19566,3,9,58
19567,9,21,142
19568,13,24,157
19569,8,15,104
19570,31,56,329
19571,6,7,35
19572,4,10,58
19573,13,23,152
19574,14,29,189
19575,5,8,46
19576,7,12,71
19577,17,24,123
19578,19,37,239
19579,13,27,173
19580,11,20,151
19581,2,5,26
19582,6,14,86
19583,6,14,83
19584,5,10,53
19585,10,14,75
19586,4,8,53
19587,21,45,270
19588,16,26,161
19589,7,15,94
19590,8,13,88
19591,20,35,199
19592,13,23,135
19593,5,11,72
19594,10,17,101
19595,8,18,98
19596,7,16,97
19597,12,27,164
19598,2,11,76
19599,10,23,146
19600,5,12,71
19601,2,6,46
19602,2,5,30
19603,2,4,24
19604,1,3,13
19605,10,25,135
19606,20,39,250
19607,16,30,163
19608,18,43,273
19609,8,19,138
19610,11,25,156
19611,18,39,220
19612,21,53,304
19613,1,5,28
19614,13,28,175
19615,8,17,108
19616,5,13,75
19617,5,16,106
19618,12,31,224
19619,12,25,158
19620,21,38,205
19621,7,16,106
19622,10,25,165
19623,5,7,29
19624,22,42,249
19625,4,9,52
19626,5,12,98
19627,15,33,200
19628,4,6,34
19629,4,7,38
19630,4,12,73
19631,22,40,237
19632,20,35,193
19633,11,25,142
19634,6,10,53
19635,11,24,152
19636,7,17,117
19637,12,26,148
19638,11,20,111
19639,4,15,97
19640,3,7,44
19641,12,28,181
19642,8,14,76
19643,5,9,56
19644,17,34,179
19645,9,21,126
19646,14,24,150
19647,9,18,103
19648,11,21,115
19649,12,21,116
19650,33,62,383
19651,16,24,112
19652,19,44,259
19653,13,28,155
19654,5,5,23
19655,10,18,96
19656,5,12,75
19657,6,11,59
19658,17,35,183
19659,11,25,147
19660,22,38,216
19661,4,8,49
19662,2,3,17
19663,4,5,25
19664,15,34,200
19665,2,5,28
19666,5,10,50
19667,3,7,43
19668,19,36,223
19669,13,26,154
19670,5,7,38
19671,15,25,138
19672,14,27,137
19673,16,34,196
19674,9,19,134
19675,5,9,50
19676,11,25,125
19677,2,4,27
19678,14,26,157
19679,9,23,145
19680,7,12,62
19681,9,13,77
19682,12,23,133
19683,3,11,82
19684,9,20,137
19685,16,30,175
19686,13,27,160
19687,4,7,47
19688,13,30,181
19689,9,15,66
19690,6,13,81
19691,1,6,56
19692,6,12,84
19693,5,8,53
19694,15,34,220
19695,7,15,96
19696,9,24,142
19697,6,22,152
19698,4,10,74
19699,13,27,194
19700,2,5,57
19701,7,21,154
19702,7,15,97
19703,7,15,108
19704,10,28,178
19705,10,18,108
19706,9,16,104
19707,10,23,151
19708,11,25,180
19709,4,10,65
19710,4,8,57
19711,20,36,230
19712,6,11,67
19713,8,20,153
19714,7,16,100
19715,6,12,69
19716,9,19,146
19717,8,19,132
19718,18,41,283
19719,5,10,56
19720,1,2,22
19721,9,19,123
19722,8,16,110
19723,19,29,151
19724,5,14,109
19725,6,17,131
19726,15,33,223
19727,5,12,76
19728,10,19,114
19729,5,13,94
19730,7,16,116
19731,11,21,162
19732,6,12,90
19733,3,9,67
19734,7,20,135
19735,18,34,215
19736,12,26,162
19737,4,10,54
19738,7,21,156
19739,7,14,89
19740,5,12,85
19741,19,32,191
19742,6,11,75
19743,9,19,124
19744,16,30,190
19745,7,17,114
19746,10,22,176
19747,13,33,224
19748,4,12,79
19749,22,45,295
19750,9,17,128
19751,8,20,139
19752,21,35,205
19753,11,23,143
19754,14,31,206
19755,13,33,227
19756,16,38,259
19757,6,15,122
19758,11,28,200
19759,6,10,69
19760,3,8,77
19761,5,12,101
19762,13,29,178
19763,13,28,214
19764,8,18,130
19765,4,12,95
19766,18,40,289
19767,16,37,269
19768,5,11,77
19769,5,14,91
19770,16,29,191
19771,24,45,304
19772,10,24,195
19773,10,20,136
19774,13,28,175
19775,7,18,131
19776,13,27,176
19777,9,17,106
19778,7,14,92
19779,7,13,93
19780,18,42,309
19781,5,15,114
19782,8,16,102
19783,10,17,96
19784,16,34,224
19785,16,31,178
19786,7,13,82
19787,10,20,123
19788,10,22,157
19789,17,31,171
19790,9,15,84
19791,9,20,123
19792,17,36,207
19793,7,15,94
19794,9,25,174
19795,11,21,124
19796,7,14,89
19797,6,12,75
19798,13,22,116
19799,14,28,171
19800,11,20,107
19801,18,37,231
19802,7,16,104
19803,9,19,109
19804,9,17,93
19805,11,22,120
19806,9,18,90
19807,7,15,94
19808,16,29,179
19809,10,17,108
19810,13,22,123
19811,7,10,67
19812,9,19,115
19813,12,18,104
19814,6,15,102
19815,12,22,119
19816,5,13,76
19817,5,12,89
19818,11,24,147
19819,12,28,188
19820,10,23,156
19821,9,19,122
19822,9,18,132
19823,17,28,168
19824,8,19,134
19825,14,27,147
19826,7,17,104
19827,12,27,151
19828,11,24,160
19829,16,32,192
19830,6,12,76
19831,13,28,191
19832,8,17,105
19833,10,22,141
19834,9,21,139
19835,9,17,110
19836,13,24,132
19837,13,28,163
19838,17,36,221
19839,2,5,34
19840,13,25,137
19841,16,29,163
19842,13,29,172
19843,8,21,129
19844,10,21,130
19845,17,32,198
19846,10,22,135
19847,6,12,73
19848,5,14,91
19849,9,18,117
19850,10,20,135
19851,13,28,156
19852,1,5,42
19853,2,6,41
19854,4,7,40
19855,6,14,86
19856,12,27,168
19857,9,21,136
19858,7,15,89
19859,8,15,80
19860,11,22,129
19861,3,11,72
19862,11,21,104
19863,10,23,121
19864,11,20,124
19865,8,17,107
19866,7,16,105
19867,8,16,86
19868,9,16,95
19869,10,21,133
19870,6,13,79
19871,7,14,95
19872,5,10,67
19873,3,13,99
19874,11,22,138
19875,7,14,79
19876,17,33,186
19877,10,21,117
19878,3,7,46
19879,16,34,202
19880,14,29,181
19881,12,23,145
19882,8,15,84
19883,7,13,75
19884,4,13,91
19885,18,33,192
19886,13,25,133
19887,10,17,103
19888,7,13,85
19889,15,28,160
19890,5,15,100
19891,5,13,86
19892,3,9,67
19893,1,8,63
19894,3,8,54
19895,9,22,149
19896,5,13,91
19897,4,12,72
19898,7,17,115
19899,7,16,96
19900,7,18,94
19901,12,20,120
19902,6,10,66
19903,3,9,60
19904,10,20,128
19905,21,34,182
19906,5,7,40
19907,18,35,205
19908,9,16,97
19909,2,7,44
19910,6,12,80
19911,2,5,28
19912,3,10,71
19913,8,16,85
19914,9,20,136
19915,18,39,230
19916,19,39,260
19917,11,27,200
19918,7,19,128
19919,0,2,16
19920,12,37,279
19921,0,3,27
19922,22,37,237
19923,12,29,179
19924,3,7,39
19925,20,44,270
19926,2,2,13
19927,10,22,139
19928,17,37,214
19929,16,28,168
19930,13,29,174
19931,13,27,161
19932,7,23,164
19933,6,14,93
19934,2,8,62
19935,8,18,118
19936,8,22,153
19937,17,35,220
19938,10,18,104
19939,2,5,31
19940,9,26,170
19941,8,18,111
19942,7,13,77
19943,6,15,94
19944,10,23,140
19945,12,24,152
19946,12,22,124
19947,12,29,175
19948,1,4,29
19949,4,8,70
19950,14,33,269
19951,22,43,253
19952,14,30,193
19953,12,22,137
19954,10,23,141
19955,10,25,165
19956,3,12,72
19957,3,5,29
19958,3,10,76
19959,9,20,127
19960,4,12,76
19961,7,19,147
19962,3,7,56
19963,7,19,129
19964,4,9,58
19965,6,19,121
19966,6,13,86
19967,11,18,107
19968,4,8,54
19969,3,7,58
19970,5,9,50
19971,10,22,132
19972,10,19,111
19973,8,15,103
19974,7,15,94
19975,4,11,70
19976,14,36,258
19977,11,17,110
19978,7,17,110
19979,6,10,57
19980,7,15,83
19981,11,33,226
19982,7,10,61
19983,2,5,28
19984,4,6,32
19985,9,19,112
19986,8,18,103
19987,7,17,126
19988,4,7,39
19989,1,3,38
19990,5,7,35
19991,1,3,39
19992,10,18,128
19993,4,9,65
19994,4,8,53
19995,12,31,208
19996,9,27,215
19997,7,17,107
19998,9,19,98
19999,9,15,87
20000,11,25,157
20001,7,18,109
20002,12,27,163
20003,6,12,77
20004,4,11,71
20005,6,12,73
20006,9,15,91
20007,13,27,148
20008,10,34,226
20009,3,5,29
20010,12,25,145
20011,9,16,84
20012,7,21,177
20013,10,16,87
20014,10,18,96
20015,13,24,130
20016,11,24,161
20017,9,18,102
20018,8,15,80
20019,1,6,52
20020,1,4,32
20021,15,28,174
20022,12,19,106
20023,14,24,136
20024,12,28,148
20025,9,22,124
20026,6,12,65
20027,0,1,5
20028,7,13,66
20029,15,26,145
20030,42,66,336
20031,6,9,46
20032,10,19,101
20033,5,12,69
20034,12,21,117
20035,18,32,214
20036,14,20,113
20037,3,9,53
20038,7,16,87
20039,8,16,102
20040,8,13,84
20041,20,39,206
20042,6,12,83
20043,6,13,83
20044,13,22,113
20045,4,6,32
20046,4,6,29
20047,11,18,99
20048,3,6,40
20049,18,27,140
20050,12,19,92
20051,7,16,78
20052,6,16,132
20053,10,14,69
20054,8,13,74
20055,7,13,92
20056,1,4,28
20057,5,9,47
20058,5,9,43
20059,10,17,91
20060,10,16,76
20061,7,14,85
20062,9,19,95
20063,15,24,113
20064,10,14,66
20065,17,32,155
20066,6,13,73
20067,13,29,158
20068,8,21,116
20069,5,10,62
20070,12,23,116
20071,10,15,72
20072,13,21,100
20073,24,48,254
20074,9,12,55
20075,7,15,78
20076,15,25,138
20077,8,12,67
20078,3,9,46
20079,0,1,5
20080,9,21,124
20081,7,19,117
20082,5,11,71
20083,10,19,116
20084,11,23,123
20085,22,35,174
20086,19,43,262
20087,10,21,127
20088,16,29,170
20089,18,33,188
20090,19,36,197
20091,5,12,86
20092,4,9,47
20093,5,11,69
20094,7,14,72
20095,10,19,106
20096,7,13,76
20097,6,15,89
20098,2,6,50
20099,6,21,141
20100,10,27,159
20101,14,26,150
20102,1,3,19
20103,18,32,180
20104,24,39,204
20105,17,41,275
20106,21,36,195
20107,20,46,322
20108,6,11,61
20109,24,44,257
20110,19,41,247
20111,7,17,124
20112,8,16,103
20113,52,122,772
20114,39,88,560
20115,9,15,81
20116,43,81,455
20117,26,54,322
20118,14,32,211
20119,27,58,347
20120,10,18,108
20121,21,35,206
20122,49,88,530
20123,13,25,159
20124,13,25,146
20125,12,23,123
20126,12,24,128
20127,8,18,113
20128,11,24,146
20129,11,21,135
20130,11,21,130
20131,15,31,199
20132,8,19,127
20133,17,31,211
20134,16,28,188
20135,18,35,217
20136,8,15,85
20137,10,21,136
20138,19,33,237
20139,10,18,107
20140,10,15,96
20141,17,31,169
20142,16,34,206
20143,13,24,154
20144,13,31,238
20145,18,46,319
20146,4,7,40
20147,8,15,85
20148,17,37,248
20149,9,22,134
20150,9,20,129
20151,9,18,126
20152,29,57,342
20153,18,37,254
20154,13,33,191
20155,16,27,161
20156,25,52,321
20157,25,53,355
20158,6,11,78
20159,13,23,137
20160,36,69,402
20161,36,64,388
20162,5,12,79
20163,7,13,67
20164,15,22,149
20165,5,15,96
20166,11,24,139
20167,9,16,98
20168,7,18,118
20169,15,25,168
20170,3,9,71
20171,13,33,207
20172,10,15,94
20173,23,40,258
20174,5,15,95
20175,19,37,220
20176,11,19,119
20177,6,11,51
20178,6,12,81
20179,19,38,231
20180,13,29,182
20181,16,29,176
20182,6,12,74
20183,10,16,83
20184,13,23,173
20185,8,16,95
20186,15,25,141
20187,6,13,87
20188,10,22,124
20189,16,29,177
20190,13,25,172
20191,6,10,64
20192,10,19,118
20193,9,16,88
20194,4,13,92
20195,19,38,220
20196,32,59,316
20197,12,27,202
20198,11,20,149
20199,8,16,103
20200,3,6,41
20201,10,21,135
20202,6,18,128
20203,5,17,113
20204,3,6,35
20205,15,19,120
20206,13,23,121
20207,5,10,62
20208,8,15,88
20209,6,11,53
20210,4,9,55
20211,8,15,97
20212,6,12,73
20213,14,27,147
20214,9,19,99
20215,8,23,177
20216,6,12,78
20217,15,33,192
20218,15,30,210
20219,18,35,212
20220,6,12,79
20221,4,12,82
20222,28,48,273
20223,15,31,189
20224,8,17,109
20225,4,8,48
20226,9,21,128
20227,8,14,98
20228,6,13,83
20229,16,33,219
20230,5,9,53
20231,6,11,56
20232,5,11,75
20233,6,12,67
20234,6,11,61
20235,14,25,144
20236,17,38,221
20237,10,16,87
20238,7,13,76
20239,20,39,263
20240,7,12,77
20241,12,25,151
20242,5,12,66
20243,11,22,115
20244,12,29,167
20245,12,19,100
20246,22,46,284
20247,14,20,111
20248,8,12,64
20249,7,12,68
20250,9,18,114
20251,8,14,77
20252,4,7,49
20253,13,20,114
20254,8,13,75
20255,7,14,104
20256,7,13,83
20257,12,22,124
20258,26,48,293
20259,11,29,186
20260,4,10,69
20261,20,36,172
20262,10,25,140
20263,11,23,165
20264,15,27,192
20265,22,42,243
20266,10,19,119
20267,7,15,104
20268,23,43,248
20269,0,0,1
20270,10,25,161
20271,10,22,158
20272,10,18,116
20273,15,24,140
20274,17,46,303
20275,13,26,167
20276,7,17,109
20277,10,25,178
20278,6,11,77
20279,4,12,82
20280,5,14,84
20281,14,31,231
20282,2,6,46
20283,27,60,436
20284,13,22,146
20285,15,35,229
20286,7,17,114
20287,16,30,189
20288,13,30,226
20289,9,19,120
20290,9,23,148
20291,4,10,74
20292,14,27,156
20293,12,30,199
20294,7,16,94
20295,12,30,200
20296,7,16,129
20297,23,49,368
20298,7,15,93
20299,6,14,100
20300,16,28,156
20301,9,20,125
20302,10,19,121
20303,15,36,233
20304,11,20,124
20305,13,31,219
20306,28,57,382
20307,8,17,109
20308,12,22,152
20309,10,24,163
20310,10,16,110
20311,17,30,199
20312,13,27,187
20313,7,21,178
20314,7,18,120
20315,18,30,208
20316,12,24,136
20317,20,41,280
20318,10,22,155
20319,6,6,26
20320,13,27,149
20321,8,21,126
20322,9,23,164
20323,10,20,127
20324,8,19,126
20325,10,25,185
20326,10,20,125
20327,11,28,199
20328,0,0,1
20329,17,34,236
20330,16,27,147
20331,11,20,127
20332,5,10,70
20333,5,12,92
20334,4,8,52
20335,4,10,73
20336,7,14,90
20337,16,33,191
20338,4,15,118
20339,26,45,267
20340,9,22,174
20341,8,20,170
20342,5,12,83
20343,4,9,73
20344,18,33,208
20345,6,15,112
20346,4,8,50
20347,3,8,51
20348,4,8,50
20349,2,5,43
20350,8,13,82
20351,4,11,82
20352,4,8,48
20353,10,20,119
20354,10,12,55
20355,5,10,59
20356,3,6,40
20357,22,49,311
20358,22,49,320
20359,11,28,222
20360,5,9,61
20361,1,5,49
20362,3,6,30
20363,7,18,106
20364,4,15,108
20365,11,19,107
20366,6,23,153
20367,3,9,66
20368,16,33,192
20369,18,42,293
20370,7,15,81
20371,8,20,133
20372,18,28,165
20373,12,27,180
20374,11,18,104
20375,7,17,101
20376,10,22,179
20377,4,12,78
20378,9,22,171
20379,5,11,75
20380,11,21,128
20381,3,5,27
20382,6,9,48
20383,12,26,163
20384,6,22,165
20385,10,18,107
20386,6,16,113
20387,17,40,260
20388,3,13,91
20389,6,16,108
20390,4,18,148
20391,6,19,123
20392,10,18,89
20393,5,16,114
20394,2,8,55
20395,3,10,82
20396,4,12,88
20397,7,13,96
20398,14,28,188
20399,5,11,84
20400,6,12,73
20401,1,3,16
20402,5,8,44
20403,3,12,86
20404,2,5,33
20405,9,18,93
20406,9,17,101
20407,8,13,84
20408,4,13,96
20409,4,8,49
20410,7,18,118
20411,5,13,75
20412,7,15,80
20413,5,11,89
20414,14,32,197
20415,7,11,61
20416,3,8,48
20417,6,12,61
20418,3,11,77
20419,13,31,193
20420,7,20,126
20421,6,9,51
20422,8,17,110
20423,1,4,31
20424,7,19,121
20425,3,8,64
20426,11,28,146
20427,2,4,20
20428,2,12,88
20429,11,23,132
20430,4,13,99
20431,4,11,94
20432,6,15,104
20433,4,9,50
20434,4,9,56
20435,5,9,51
20436,11,28,181
20437,6,13,65
20438,5,8,33
20439,14,30,183
20440,6,13,67
20441,2,8,56
20442,3,7,42
20443,9,20,117
20444,9,25,129
20445,6,12,69
20446,0,0,1
20447,5,9,46
20448,4,8,40
20449,17,35,168
20450,9,21,131
20451,8,16,92
20452,10,21,147
20453,13,24,133
20454,4,11,58
20455,4,10,68
20456,9,15,81
20457,7,15,85
20458,19,43,293
20459,8,19,99
20460,14,24,135
20461,17,40,257
20462,7,10,54
20463,10,17,88
20464,9,14,68
20465,4,11,65
20466,7,15,107
20467,3,6,38
20468,8,16,105
20469,7,13,79
20470,3,9,52
20471,19,44,262
20472,10,21,125
20473,3,9,63
20474,5,16,91
20475,4,7,38
20476,8,11,58
20477,7,10,52
20478,12,24,123
20479,8,12,67
20480,4,8,36
20481,4,10,68
20482,8,21,122
20483,6,10,42
20484,3,6,32
20485,8,15,81
20486,9,12,55
20487,5,7,37
20488,8,17,99
20489,6,12,74
20490,4,7,36
20491,4,8,45
20492,17,26,123
20493,22,46,255
20494,5,9,50
20495,2,5,26
20496,3,12,87
20497,8,19,115
20498,4,10,52
20499,3,5,31
20500,8,18,94
20501,6,10,49
20502,7,14,75
20503,10,18,105
20504,6,10,55
20505,5,8,36
20506,5,11,59
20507,6,8,37
20508,4,6,27
20509,6,12,67
20510,26,51,267
20511,3,7,49
20512,10,16,86
20513,9,17,98
20514,8,15,98
20515,10,22,124
20516,4,10,87
20517,0,0,2
20518,4,14,96
20519,2,8,53
20520,2,4,32
20521,12,17,100
20522,3,6,35
20523,4,4,20
20524,9,14,68
20525,4,4,23
20526,12,20,108
20527,1,3,16
20528,1,4,20
20529,3,7,42
20530,17,43,272
20531,3,5,33
20532,5,9,45
20533,7,12,65
20534,5,8,37
20535,6,12,74
20536,16,22,107
20537,6,12,65
20538,3,5,25
20539,3,8,48
20540,7,12,66
20541,29,55,346
20542,11,22,125
20543,15,27,156
20544,9,17,95
20545,15,28,141
20546,11,21,106
20547,5,10,58
20548,18,33,175
20549,4,9,56
20550,3,6,42
20551,1,2,9
20552,1,4,30
20553,7,9,36
20554,12,22,113
20555,12,21,109
20556,3,11,68
20557,1,2,16
20558,2,3,14
20559,2,5,37
20560,8,14,79
20561,4,8,53
20562,6,14,94
20563,13,21,94
20564,4,8,36
20565,12,24,134
20566,8,16,83
20567,7,11,57
20568,2,5,23
20569,4,5,18
20570,3,4,17
20571,2,7,49
20572,6,11,60
20573,4,10,61
20574,11,19,107
20575,7,16,92
20576,4,7,38
20577,4,8,40
20578,5,9,41
20579,4,7,36
20580,9,17,91
20581,4,9,42
20582,7,13,67
20583,10,17,98
20584,15,26,141
20585,16,33,174
20586,14,26,153
20587,4,7,31
20588,8,12,66
20589,3,7,39
20590,10,21,117
20591,12,31,184
20592,10,22,137
20593,3,7,49
20594,17,26,143
20595,12,21,120
20596,11,20,111
20597,19,32,154
20598,6,17,81
20599,8,13,80
20600,5,9,56
20601,14,27,157
20602,7,13,67
20603,6,9,42
20604,8,15,79
20605,11,21,112
20606,10,20,93
20607,14,25,135
20608,7,12,63
20609,9,20,118
20610,2,6,45
20611,1,3,22
20612,5,15,101
20613,14,26,149
20614,8,14,75
20615,12,19,99
20616,2,6,44
20617,1,3,17
20618,4,9,53
20619,8,20,116
20620,11,20,107
20621,12,26,180
20622,20,47,296
20623,20,30,163
20624,5,12,81
20625,7,16,100
20626,1,3,23
20627,2,5,32
20628,1,4,30
20629,1,3,23
20630,19,33,167
20631,11,22,106
20632,13,20,102
20633,15,30,153
20634,9,19,115
20635,12,24,151
20636,13,26,171
20637,20,32,179
20638,20,43,250
20639,11,23,166
20640,4,7,41
20641,12,27,168
20642,13,24,127
20643,30,61,362
20644,11,24,150
20645,43,91,542
20646,19,36,235
20647,10,24,169
20648,11,19,102
20649,13,24,126
20650,9,16,99
20651,20,37,205
20652,20,35,181
20653,14,28,154
20654,4,7,38
20655,1,6,43
20656,4,7,36
20657,3,6,29
20658,2,3,15
20659,10,18,83
20660,11,23,132
20661,19,40,229
20662,11,22,122
20663,10,17,93
20664,6,14,72
20665,8,14,70
20666,18,35,214
20667,3,5,28
20668,4,13,72
20669,7,16,101
20670,9,19,112
20671,10,22,125
20672,21,38,214
20673,5,10,71
20674,8,18,104
20675,19,38,217
20676,15,26,134
20677,9,19,117
20678,13,26,151
20679,9,15,76
20680,12,23,123
20681,3,5,25
20682,9,18,112
20683,15,25,140
20684,8,16,93
20685,4,9,48
20686,8,16,98
20687,3,9,62
20688,1,8,72
20689,8,16,80
20690,7,15,85
20691,21,42,234
20692,11,22,129
20693,10,22,125
20694,15,29,177
20695,11,24,142
20696,10,17,96
20697,11,23,130
20698,4,9,53
20699,8,13,67
20700,5,11,60
20701,8,16,93
20702,11,22,135
20703,16,34,203
20704,7,11,58
20705,7,15,73
20706,22,41,215
20707,12,25,158
20708,4,9,48
20709,13,28,163
20710,8,17,88
20711,16,37,211
20712,4,12,68
20713,0,0,2
20714,8,17,103
20715,16,34,204
20716,12,37,233
20717,10,23,158
20718,11,29,209
20719,5,12,93
20720,11,27,182
20721,9,19,119
20722,11,24,147
20723,9,27,173
20724,11,20,127
20725,14,28,167
20726,4,7,37
20727,4,9,75
20728,13,24,130
20729,5,17,106
20730,16,27,155
20731,6,16,115
20732,4,8,43
20733,11,24,152
20734,7,16,106
20735,11,18,108
20736,12,20,111
20737,10,23,158
20738,4,8,52
20739,9,22,137
20740,6,12,70
20741,1,4,28
20742,5,8,42
20743,9,16,89
20744,9,16,95
20745,11,26,160
20746,6,13,82
20747,5,13,81
20748,13,26,153
20749,8,18,112
20750,5,17,104
20751,11,30,199
20752,13,25,148
20753,10,28,196
20754,11,20,134
20755,6,17,121
20756,12,29,205
20757,5,9,61
20758,19,41,289
20759,8,18,120
20760,12,33,212
20761,4,8,57
20762,5,13,78
20763,10,23,146
20764,6,16,109
20765,10,19,118
20766,5,7,36
20767,7,16,84
20768,20,38,210
20769,5,13,84
20770,13,19,86
20771,8,19,108
20772,10,18,111
20773,5,12,78
20774,7,22,158
20775,4,14,96
20776,9,21,126
20777,6,15,87
20778,7,21,148
20779,4,10,69
20780,13,35,218
20781,4,9,60
20782,16,31,188
20783,24,46,281
20784,8,17,91
20785,13,20,108
20786,13,29,150
20787,11,17,83
20788,10,16,94
20789,10,21,117
20790,15,29,162
20791,5,8,40
20792,12,20,111
20793,13,20,103
20794,4,8,54
20795,5,6,33
20796,3,15,105
20797,4,9,56
20798,8,18,115
20799,18,33,185
20800,8,16,98
20801,8,16,99
20802,7,12,81
20803,5,8,52
20804,21,46,280
20805,12,23,129
20806,5,7,36
20807,3,12,74
20808,5,7,33
20809,7,13,77
20810,4,9,56
20811,21,39,205
20812,4,9,54
20813,4,9,46
20814,2,4,23
20815,5,10,52
20816,16,33,202
20817,14,26,152
20818,12,32,228
20819,5,7,42
20820,8,13,77
20821,13,32,180
20822,11,26,148
20823,8,18,108
20824,8,15,82
20825,14,28,180
20826,16,27,151
20827,22,45,267
20828,4,24,185
20829,13,22,131
20830,9,18,109
20831,4,7,44
20832,10,18,118
20833,5,14,99
20834,27,51,336
20835,16,32,227
20836,20,49,314
20837,10,18,113
20838,9,20,119
20839,8,21,143
20840,6,19,164
20841,25,53,361
20842,13,29,176
20843,9,20,128
20844,13,26,161
20845,11,27,185
20846,14,36,251
20847,25,54,376
20848,8,22,145
20849,29,64,420
20850,9,22,161
20851,10,18,123
20852,8,18,142
20853,15,27,173
20854,6,15,105
20855,4,19,128
20856,4,8,52
20857,9,25,176
20858,2,11,84
20859,5,11,63
20860,7,19,149
20861,8,16,100
20862,10,20,131
20863,12,23,167
20864,8,19,133
20865,7,17,130
20866,9,20,129
20867,7,20,144
20868,10,23,164
20869,11,27,173
20870,4,10,68
20871,12,22,121
20872,11,23,167
20873,8,19,119
20874,5,11,76
20875,13,28,154
20876,14,29,170
20877,10,21,141
20878,5,15,98
20879,11,20,139
20880,12,21,126
20881,7,17,94
20882,5,15,75
20883,8,16,83
20884,2,4,30
20885,18,30,160
20886,7,16,100
20887,30,57,371
20888,12,26,174
20889,10,24,145
20890,5,13,77
20891,11,25,159
20892,19,36,196
20893,20,31,156
20894,6,14,88
20895,6,11,80
20896,1,7,65
20897,8,20,147
20898,8,19,114
20899,7,14,93
20900,6,13,94
20901,8,13,78
20902,14,35,262
20903,15,33,219
20904,20,40,276
20905,10,18,126
20906,13,29,208
20907,14,27,178
20908,8,15,73
20909,7,14,88
20910,1,4,22
20911,0,4,24
20912,15,38,267
20913,16,34,219
20914,16,34,220
20915,7,19,137
20916,9,22,141
20917,9,23,148
20918,18,43,296
20919,5,12,76
20920,11,20,111
20921,8,12,59
20922,5,10,66
20923,15,24,154
20924,4,6,40
20925,3,5,35
20926,7,12,73
20927,11,26,163
20928,16,34,241
20929,12,24,140
20930,10,38,255
20931,8,18,115
20932,18,34,243
20933,16,33,237
20934,2,5,35
20935,5,7,40
20936,11,28,194
20937,14,33,217
20938,7,20,143
20939,4,8,49
20940,5,8,48
20941,9,18,114
20942,9,22,151
20943,15,30,173
20944,19,37,235
20945,18,41,250
20946,14,23,122
20947,4,9,68
20948,12,23,146
20949,9,29,219
20950,12,21,118
20951,7,24,180
20952,7,15,97
20953,4,9,69
20954,5,14,96
20955,13,29,171
20956,9,20,160
20957,5,8,44
20958,15,32,216
20959,5,12,70
20960,21,47,323
20961,9,22,136
20962,6,14,77
20963,8,14,78
20964,7,20,138
20965,8,13,78
20966,11,25,172
20967,6,14,79
20968,3,12,85
20969,20,42,269
20970,8,29,219
20971,17,38,237
20972,6,11,74
20973,8,14,79
20974,16,46,317
20975,20,40,280
20976,3,5,32
20977,5,12,69
20978,16,32,180
20979,14,27,166
20980,10,22,146
20981,16,33,225
20982,10,28,194
20983,11,24,141
20984,5,10,73
20985,8,21,123
20986,9,17,100
20987,8,18,114
20988,7,10,55
20989,4,8,58
20990,18,38,223
20991,22,45,229
20992,15,30,183
20993,12,36,233
20994,9,24,155
20995,18,37,218
20996,9,22,128
20997,11,32,212
20998,8,15,91
20999,17,35,227
21000,6,11,90
21001,13,27,174
21002,10,24,156
21003,6,13,83
21004,5,13,94
21005,10,21,143
21006,10,17,93
21007,13,24,135
21008,9,17,111
21009,14,27,162
21010,11,19,96
21011,13,27,143
21012,10,19,120
21013,7,16,91
21014,5,13,108
21015,13,23,150
21016,10,20,120
21017,11,26,183
21018,14,31,215
21019,12,23,135
21020,1,8,78
21021,10,18,104
21022,8,18,111
21023,16,36,252
21024,13,27,166
21025,13,27,180
21026,4,9,57
21027,11,19,119
21028,9,16,90
21029,17,34,214
21030,14,31,194
21031,1,4,32
21032,11,21,128
21033,3,8,48
21034,13,30,206
21035,8,19,113
21036,5,13,70
21037,6,12,72
21038,3,7,45
21039,3,13,91
21040,4,8,52
21041,16,31,180
21042,6,17,136
21043,5,11,65
21044,6,13,94
21045,18,30,174
21046,8,21,125
21047,18,38,220
21048,3,8,51
21049,8,18,120
21050,16,27,150
21051,15,26,166
21052,17,30,185
21053,7,17,105
21054,12,28,162
21055,10,21,121
21056,6,17,114
21057,18,31,161
21058,3,8,46
21059,11,26,144
21060,4,11,68
21061,10,21,130
21062,25,42,234
21063,8,13,76
21064,15,30,181
21065,8,14,74
21066,7,15,101
21067,17,32,170
21068,8,17,126
21069,5,13,91
21070,2,6,39
21071,10,25,160
21072,8,18,114
21073,6,12,71
21074,12,24,154
21075,14,22,122
21076,4,11,76
21077,10,18,116
21078,6,9,48
21079,9,17,91
21080,4,10,53
21081,3,11,80
21082,4,8,35
21083,7,10,56
21084,10,18,107
21085,9,21,114
21086,0,5,38
21087,8,11,74
21088,7,17,106
21089,1,4,21
21090,4,10,44
21091,18,36,218
21092,15,24,127
21093,16,27,170
21094,14,24,152
21095,2,5,35
21096,11,25,163
21097,13,20,110
21098,3,8,55
21099,7,10,52
21100,7,17,112
21101,2,5,39
21102,8,14,78
21103,15,30,161
21104,14,22,136
21105,17,31,178
21106,13,27,171
21107,13,32,223
21108,13,25,154
21109,13,27,168
21110,15,35,224
21111,13,21,95
21112,22,43,254
21113,13,26,156
21114,13,24,141
21115,16,32,199
21116,20,42,270
21117,3,11,76
21118,6,16,96
21119,0,0,2
21120,5,10,54
21121,5,12,71
21122,8,18,123
21123,19,38,233
21124,0,0,1
21125,9,20,146
21126,12,22,145
21127,10,20,120
21128,8,17,115
21129,10,15,90
21130,10,22,154
21131,4,8,60
21132,16,31,212
21133,17,37,247
21134,7,13,79
21135,19,36,248
21136,24,52,374
21137,38,69,429
21138,14,29,183
21139,4,8,60
21140,8,15,111
21141,19,37,245
21142,3,7,56
21143,24,52,341
21144,0,2,31
21145,28,61,417
21146,14,27,160
21147,26,51,311
21148,31,55,306
21149,20,44,253
21150,11,26,159
21151,19,38,230
21152,12,26,145
21153,11,20,114
21154,19,35,218
21155,10,18,103
21156,13,20,106
21157,6,10,43
21158,20,38,231
21159,14,27,157
21160,14,25,146
21161,13,24,152
21162,12,21,121
21163,29,54,305
21164,33,55,301
21165,24,43,233
21166,29,55,349
21167,23,52,355
21168,11,21,148
21169,15,31,180
21170,21,42,224
21171,4,11,62
21172,14,28,159
21173,10,21,114
21174,20,39,229
21175,10,25,199
21176,14,39,275
21177,3,7,47
21178,20,47,287
21179,3,6,33
21180,18,30,165
21181,19,34,186
21182,15,26,168
21183,4,8,41
21184,6,10,62
21185,4,10,59
21186,3,7,41
21187,4,7,42
21188,9,17,88
21189,9,15,88
21190,12,18,101
21191,17,36,252
21192,8,29,217
21193,23,36,187
21194,12,29,175
21195,9,23,160
21196,12,20,99
21197,11,19,105
21198,0,0,3
21199,8,20,138
21200,12,26,166
21201,24,40,222
21202,2,6,37
21203,5,10,58
21204,18,29,155
21205,10,17,86
21206,7,11,56
21207,10,18,101
21208,14,30,189
21209,11,17,92
21210,3,8,56
21211,17,31,178
21212,23,47,311
21213,16,41,234
21214,9,24,157
21215,6,12,75
21216,9,26,174
21217,15,31,183
21218,22,43,298
21219,8,19,124
21220,12,19,117
21221,4,9,62
21222,2,7,38
21223,2,11,74
21224,13,27,169
21225,2,6,30
21226,15,32,193
21227,16,23,120
21228,15,28,152
21229,4,7,46
21230,9,20,135
21231,24,42,231
21232,20,35,163
21233,13,25,137
21234,5,8,40
21235,22,36,171
21236,21,29,133
21237,29,47,250
21238,8,17,98
21239,9,20,115
21240,13,26,172
21241,12,28,183
21242,7,16,116
21243,11,22,131
21244,6,16,123
21245,3,6,36
21246,5,14,89
21247,6,12,96
21248,4,12,100
21249,15,25,166
21250,19,37,224
21251,5,13,83
21252,17,35,243
21253,11,23,153
21254,6,14,89
21255,6,10,55
21256,11,26,171
21257,2,7,49
21258,2,14,123
21259,9,19,127
21260,7,16,113
21261,24,37,223
21262,16,33,224
21263,16,34,219
21264,12,23,151
21265,9,22,147
21266,9,17,86
21267,3,8,49
21268,13,24,119
21269,2,3,16
21270,8,17,95
21271,2,9,64
21272,3,6,34
21273,13,27,170
21274,15,29,164
21275,8,12,57
21276,7,13,75
21277,8,14,84
21278,24,37,199
21279,2,4,28
21280,17,32,195
21281,7,18,111
21282,9,15,70
21283,1,4,42
21284,6,10,54
21285,8,12,69
21286,15,29,153
21287,2,7,37
21288,2,4,24
21289,14,22,136
21290,4,14,87
21291,15,26,150
21292,3,8,52
21293,8,15,81
21294,6,15,94
21295,4,9,43
21296,4,10,47
21297,8,21,123
21298,7,14,102
21299,4,11,66
21300,7,14,92
21301,5,11,80
21302,11,17,89
21303,4,6,38
21304,7,16,98
21305,11,15,61
21306,8,14,68
21307,7,10,43
21308,13,22,106
21309,4,7,43
21310,5,9,39
21311,6,8,37
21312,5,13,69
21313,17,27,159
21314,4,5,24
21315,13,18,84
21316,9,15,75
21317,4,10,67
21318,4,6,25
21319,6,10,55
21320,18,29,165
21321,16,24,123
21322,7,9,42
21323,13,22,114
21324,3,3,15
21325,4,9,52
21326,8,13,60
21327,6,12,59
21328,3,6,34
21329,6,18,127
21330,11,16,80
21331,24,37,176
21332,3,7,40
21333,5,8,41
21334,13,21,129
21335,10,16,83
21336,7,15,82
21337,16,28,177
21338,21,38,213
21339,2,4,27
21340,5,9,62
21341,12,22,121
21342,10,25,152
21343,2,2,13
21344,2,3,15
21345,5,9,46
21346,3,6,37
21347,4,6,33
21348,10,16,99
21349,7,12,62
21350,4,9,46
21351,9,20,94
21352,5,8,51
21353,0,1,8
21354,10,16,92
21355,6,9,50
21356,10,16,97
21357,7,18,123
21358,5,12,72
21359,5,8,42
21360,4,8,49
21361,9,16,94
21362,6,8,47
21363,20,31,172
21364,3,4,18
21365,11,20,115
21366,6,14,86
21367,9,13,69
21368,4,8,44
21369,10,19,110
21370,4,7,39
21371,3,5,29
21372,4,6,32
21373,4,6,30
21374,2,2,9
21375,2,5,32
21376,3,4,19
21377,7,12,52
21378,2,4,20
21379,11,16,76
21380,7,13,71
21381,9,15,69
21382,5,9,56
21383,11,19,88
21384,8,15,75
21385,8,16,89
21386,3,6,38
21387,5,8,42
21388,7,14,95
21389,7,8,35
21390,13,24,114
21391,9,12,55
21392,5,8,44
21393,7,13,58
21394,16,32,177
21395,5,8,40
21396,7,11,55
21397,11,20,99
21398,8,16,89
21399,3,10,68
21400,2,6,45
21401,5,10,65
21402,7,10,52
21403,3,5,30
21404,13,21,97
21405,8,14,71
21406,15,34,212
21407,6,10,46
21408,4,11,69
21409,23,43,298
21410,5,11,73
21411,23,44,231
21412,13,27,154
21413,9,20,130
21414,8,16,124
21415,18,36,195
21416,3,6,42
21417,5,11,56
21418,5,11,68
21419,5,8,40
21420,10,20,116
21421,13,22,120
21422,9,19,116
21423,8,21,143
21424,10,22,122
21425,10,20,122
21426,15,27,163
21427,12,23,140
21428,7,14,85
21429,7,11,70
21430,6,12,80
21431,16,29,166
21432,10,17,103
21433,8,17,113
21434,4,6,34
21435,10,16,94
21436,2,3,14
21437,10,22,133
21438,7,13,87
21439,12,21,120
21440,20,39,227
21441,17,29,185
21442,11,26,187
21443,6,8,44
21444,12,28,200
21445,16,30,173
21446,9,16,94
21447,6,12,70
21448,11,21,133
21449,11,19,106
21450,13,27,187
21451,6,14,87
21452,2,6,33
21453,10,18,99
21454,8,17,101
21455,10,20,127
21456,8,19,112
21457,9,20,133
21458,12,24,153
21459,20,34,172
21460,20,38,217
21461,9,17,98
21462,13,23,136
21463,17,28,169
21464,8,18,139
21465,6,11,58
21466,10,18,114
21467,14,27,166
21468,5,11,81
21469,9,19,136
21470,14,29,187
21471,3,4,39
21472,10,19,126
21473,10,16,82
21474,9,16,96
21475,14,28,170
21476,15,32,187
21477,11,14,68
21478,6,11,88
21479,3,6,34
21480,5,12,77
21481,2,12,92
21482,14,29,173
21483,1,3,18
21484,3,9,58
21485,6,17,125
21486,9,15,85
21487,7,19,111
21488,9,18,96
21489,19,37,229
21490,5,8,57
21491,7,21,180
21492,6,13,101
21493,6,10,60
21494,9,18,101
21495,11,23,159
21496,13,29,193
21497,14,25,150
21498,7,12,70
21499,8,17,101
21500,4,10,69
21501,9,19,115
21502,12,26,138
21503,13,24,145
21504,8,18,121
21505,6,12,72
21506,7,13,79
21507,6,11,51
21508,17,37,225
21509,8,15,92
21510,16,31,183
21511,7,18,121
21512,16,40,274
21513,6,10,57
21514,14,24,121
21515,20,40,220
21516,7,11,57
21517,11,23,119
21518,17,32,163
21519,2,8,65
21520,4,12,81
21521,4,9,80
21522,5,14,105
21523,8,16,82
21524,11,23,125
21525,13,22,123
21526,3,7,46
21527,9,21,113
21528,6,13,64
21529,8,18,101
21530,8,16,143
21531,27,51,307
21532,3,6,43
21533,3,6,35
21534,4,9,46
21535,8,15,81
21536,9,25,146
21537,8,12,63
21538,12,19,105
21539,3,6,28
21540,17,33,184
21541,13,23,133
21542,12,21,105
21543,25,40,199
21544,6,9,47
21545,22,44,280
21546,8,22,152
21547,25,39,229
21548,4,7,40
21549,12,20,119
21550,6,11,77
21551,12,24,147
21552,15,32,173
21553,15,29,202
21554,17,31,186
21555,15,29,166
21556,2,3,17
21557,23,47,269
21558,7,16,98
21559,9,15,93
21560,0,1,13
21561,2,8,79
21562,4,11,72
21563,37,59,299
21564,2,8,58
21565,4,11,66
21566,5,9,71
21567,7,13,102
21568,7,15,103
21569,6,16,97
21570,6,21,154
21571,16,29,174
21572,11,25,161
21573,29,60,329
21574,8,20,132
21575,15,31,188
21576,8,12,70
21577,19,37,220
21578,2,10,83
21579,23,46,276
21580,7,13,74
21581,7,12,68
21582,6,14,71
21583,17,31,200
21584,7,13,86
21585,28,50,293
21586,20,38,204
21587,5,14,89
21588,12,29,164
21589,6,11,60
21590,17,36,212
21591,7,17,96
21592,7,18,114
21593,6,14,126
21594,6,11,70
21595,4,9,43
21596,5,9,49
21597,7,12,60
21598,5,8,48
21599,4,8,52
21600,5,11,76
21601,8,13,90
21602,15,27,146
21603,8,15,85
21604,4,8,57
21605,23,40,213
21606,16,28,130
21607,8,20,113
21608,4,10,61
21609,13,23,133
21610,6,11,57
21611,15,26,125
21612,25,46,250
21613,18,37,230
21614,16,36,270
21615,33,61,407
21616,8,19,106
21617,6,12,75
21618,12,24,159
21619,22,49,281
21620,10,19,116
21621,17,33,199
21622,11,19,112
21623,4,9,59
21624,6,16,100
21625,9,17,120
21626,10,15,90
21627,2,4,25
21628,17,31,180
21629,11,24,153
21630,2,2,9
21631,13,29,168
21632,3,6,40
21633,16,36,251
21634,14,28,167
21635,6,16,102
21636,22,38,203
21637,4,10,61
21638,10,21,149
21639,5,16,117
21640,3,7,42
21641,5,11,71
21642,6,13,93
21643,11,19,106
21644,17,32,203
21645,14,33,257
21646,11,18,104
21647,16,29,164
21648,24,46,319
21649,15,29,178
21650,20,41,273
21651,10,26,185
21652,11,19,100
21653,19,35,196
21654,6,7,41
21655,7,14,88
21656,15,29,182
21657,13,30,186
21658,5,7,39
21659,6,11,75
21660,8,19,108
21661,7,9,44
21662,6,13,72
21663,25,46,267
21664,11,23,131
21665,5,10,64
21666,9,16,79
21667,8,13,59
21668,29,54,333
21669,9,18,107
21670,12,26,174
21671,6,13,83
21672,14,30,168
21673,2,6,37
21674,27,45,268
21675,4,9,49
21676,4,11,71
21677,7,15,90
21678,6,13,81
21679,10,20,116
21680,10,17,91
21681,23,49,315
21682,5,11,70
21683,14,27,166
21684,3,9,60
21685,4,9,66
21686,5,10,86
21687,3,7,34
21688,5,12,86
21689,21,37,217
21690,5,14,123
21691,8,14,73
21692,2,6,46
21693,3,6,35
21694,7,12,59
21695,16,26,148
21696,34,64,397
21697,23,47,301
21698,22,39,226
21699,20,39,283
21700,17,31,214
21701,8,19,129
21702,7,19,134
21703,7,11,51
21704,18,44,284
21705,14,25,155
21706,5,10,62
21707,9,21,151
21708,12,27,181
21709,8,20,168
21710,11,24,142
21711,3,7,41
21712,36,68,390
21713,14,30,179
21714,17,35,234
21715,13,27,173
21716,28,54,326
21717,9,21,130
21718,14,30,205
21719,11,21,124
21720,8,17,94
21721,23,47,268
21722,3,6,35
21723,4,11,91
21724,12,25,152
21725,12,27,208
21726,13,27,162
21727,14,29,177
21728,12,30,182
21729,11,23,140
21730,20,39,216
21731,11,24,164
21732,18,41,251
21733,12,27,176
21734,7,18,137
21735,6,17,120
21736,8,19,123
21737,10,14,69
21738,33,62,385
21739,13,29,181
21740,13,27,175
21741,13,24,156
21742,14,29,202
21743,8,16,124
21744,9,19,115
21745,9,18,127
21746,17,33,193
21747,9,15,89
21748,17,42,281
21749,11,25,179
21750,5,14,94
21751,9,19,132
21752,43,78,451
21753,12,23,126
21754,13,28,170
21755,10,25,186
21756,17,38,249
21757,15,34,230
21758,9,26,183
21759,9,18,103
21760,13,25,167
21761,7,11,53
21762,8,22,145
21763,4,8,37
21764,17,35,207
21765,6,16,110
21766,24,40,235
21767,8,15,90
21768,11,25,177
21769,30,61,347
21770,5,12,88
21771,14,36,260
21772,13,28,198
21773,18,36,238
21774,37,63,373
21775,18,34,182
21776,9,18,104
21777,22,32,155
21778,10,19,142
21779,5,7,58
21780,16,27,151
21781,14,31,176
21782,10,18,97
21783,11,16,111
21784,9,15,83
21785,6,12,88
21786,9,16,91
21787,26,50,296
21788,11,22,129
21789,15,25,149
21790,3,7,31
21791,4,8,45
21792,3,7,42
21793,7,17,108
21794,26,65,426
21795,7,10,45
21796,13,27,136
21797,18,39,249
21798,0,0,3
21799,5,9,53
21800,3,4,21
21801,3,5,26
21802,6,17,108
21803,16,33,208
21804,2,3,20
21805,6,13,73
21806,9,17,119
21807,4,10,60
21808,4,5,26
21809,5,9,55
21810,5,10,74
21811,24,48,314
21812,7,12,69
21813,3,7,50
21814,5,11,70
21815,15,26,155
21816,0,3,27
21817,14,28,144
21818,7,14,89
21819,5,13,97
21820,5,14,93
21821,5,15,111
21822,12,21,111
21823,16,33,183
21824,5,13,86
21825,4,13,84
21826,14,28,151
21827,10,22,138
21828,7,19,118
21829,12,22,152
21830,16,29,151
21831,13,23,130
21832,9,17,104
21833,10,16,79
21834,2,5,33
21835,2,5,31
21836,8,22,143
21837,10,20,116
21838,16,37,205
21839,15,36,244
21840,6,11,73
21841,12,25,134
21842,6,13,78
21843,2,5,36
21844,9,13,60
21845,8,19,122
21846,15,31,204
21847,11,18,88
21848,19,35,199
21849,7,18,106
21850,15,31,187
21851,11,20,132
21852,7,14,71
21853,5,7,36
21854,17,29,179
21855,4,8,65
21856,12,35,240
21857,3,4,20
21858,4,7,35
21859,1,2,14
21860,6,10,65
21861,15,40,275
21862,3,7,43
21863,2,4,24
21864,4,9,46
21865,17,32,207
21866,20,39,243
21867,5,13,82
21868,12,20,126
21869,4,7,30
21870,1,6,48
21871,3,19,181
21872,6,9,38
21873,5,12,76
21874,7,20,141
21875,5,5,25
21876,11,18,103
21877,7,10,55
21878,17,31,181
21879,19,39,256
21880,31,58,353
21881,13,23,149
21882,6,14,102
21883,4,7,43
21884,9,23,136
21885,10,17,107
21886,6,10,52
21887,9,15,75
21888,14,26,171
21889,6,14,90
21890,9,19,117
21891,16,34,212
21892,12,22,118
21893,12,23,120
21894,4,8,54
21895,10,19,101
21896,4,14,86
21897,6,14,91
21898,13,25,132
21899,9,14,68
21900,25,48,271
21901,13,23,127
21902,19,36,198
21903,8,16,90
21904,9,20,115
21905,6,12,69
21906,7,11,52
21907,3,8,57
21908,2,7,48
21909,11,22,120
21910,7,20,155
21911,12,24,129
21912,11,22,136
21913,0,5,44
21914,4,10,67
21915,8,15,92
21916,4,9,68
21917,9,18,101
21918,13,23,129
21919,11,26,183
21920,14,30,174
21921,12,27,169
21922,16,26,143
21923,8,17,107
21924,11,15,79
21925,3,7,45
21926,12,25,151
21927,9,19,124
21928,10,18,89
21929,4,8,42
21930,8,16,87
21931,18,32,190
21932,10,15,85
21933,10,17,94
21934,10,20,113
21935,13,21,109
21936,6,8,45
21937,13,32,197
21938,27,48,272
21939,11,19,101
21940,5,11,64
21941,13,20,119
21942,8,13,79
21943,5,14,102
21944,9,20,116
21945,10,19,110
21946,9,16,99
21947,6,14,87
21948,11,22,148
21949,8,14,71
21950,9,17,118
21951,9,20,125
21952,8,15,84
21953,12,22,133
21954,12,25,143
21955,11,22,124
21956,8,26,194
21957,2,5,30
21958,11,26,173
21959,16,31,176
21960,7,11,69
21961,5,11,59
21962,7,10,53
21963,8,18,103
21964,7,12,74
21965,5,11,70
21966,9,17,104
21967,12,19,87
21968,10,18,112
21969,4,8,44
21970,13,24,139
21971,16,28,176
21972,4,8,44
21973,11,21,137
21974,8,13,83
21975,14,25,145
21976,15,34,204
21977,4,8,44
21978,6,9,39
21979,17,29,169
21980,3,6,31
21981,5,10,67
21982,16,24,118
21983,13,25,137
21984,12,28,181
21985,15,27,139
21986,9,13,55
21987,4,14,94
21988,9,19,101
21989,12,29,193
21990,7,15,100
21991,9,16,103
21992,3,6,40
21993,10,21,136
21994,3,7,45
21995,6,15,96
21996,5,10,66
21997,20,38,235
21998,7,13,91
21999,5,15,94
22000,9,16,92
22001,10,16,108
22002,13,24,155
22003,7,15,94
22004,6,12,60
22005,7,19,126
22006,16,26,139
22007,22,36,200
22008,5,11,69
22009,7,14,81
22010,10,21,135
22011,21,40,253
22012,18,34,194
22013,5,13,74
22014,6,8,47
22015,6,9,38
22016,8,28,186
22017,12,23,130
22018,6,13,76
22019,13,26,165
22020,8,17,108
22021,19,41,248
22022,6,12,80
22023,9,24,167
22024,9,17,106
22025,7,12,62
22026,8,19,120
22027,16,30,173
22028,3,8,44
22029,5,9,49
22030,12,23,144
22031,3,8,59
22032,11,25,165
22033,6,9,39
22034,6,9,37
22035,12,22,137
22036,6,18,118
22037,3,7,50
22038,6,9,41
22039,5,17,113
22040,6,12,76
22041,7,12,78
22042,5,10,66
22043,8,17,102
22044,4,8,54
22045,10,22,116
22046,9,19,108
22047,5,8,43
22048,4,8,43
22049,6,10,52
22050,8,20,139
22051,11,23,149
22052,10,18,118
22053,3,7,50
22054,9,17,100
22055,10,23,154
22056,1,5,37
22057,6,13,105
22058,7,14,97
22059,8,20,120
22060,8,14,75
22061,14,28,167
22062,7,18,118
22063,8,18,137
22064,10,27,183
22065,3,8,64
22066,5,9,46
22067,12,22,137
22068,4,11,69
22069,6,14,83
22070,10,20,129
22071,4,13,83
22072,7,15,81
22073,9,20,148
22074,4,7,49
22075,6,9,46
22076,4,13,84
22077,9,20,112
22078,6,15,107
22079,10,17,90
22080,5,11,70
22081,7,21,151
22082,7,13,59
22083,5,7,35
22084,11,30,195
22085,8,19,105
22086,10,15,64
22087,11,21,108
22088,2,8,49
22089,5,10,72
22090,11,21,126
22091,8,15,77
22092,5,11,70
22093,11,24,144
22094,6,11,75
22095,3,11,73
22096,8,14,73
22097,5,10,61
22098,9,26,169
22099,11,20,111
22100,16,29,159
22101,9,19,128
22102,13,27,170
22103,8,18,106
22104,10,20,121
22105,7,13,65
22106,13,24,143
22107,6,16,112
22108,3,7,54
22109,8,17,105
22110,6,16,99
22111,12,20,112
22112,2,5,35
22113,11,23,128
22114,19,36,233
22115,10,21,133
22116,9,18,108
22117,13,27,160
22118,11,24,142
22119,30,44,242
22120,11,17,92
22121,12,30,196
22122,9,17,109
22123,6,14,95
22124,2,7,56
22125,1,3,20
22126,16,38,244
22127,10,21,108
22128,14,24,132
22129,13,26,155
22130,8,15,93
22131,9,19,131
22132,13,32,234
22133,16,31,193
22134,7,15,81
22135,7,16,89
22136,14,31,177
22137,12,26,160
22138,22,49,297
22139,1,3,21
22140,12,29,188
22141,26,42,241
22142,4,11,106
22143,9,16,92
22144,3,8,54
22145,13,28,154
22146,23,49,296
22147,6,19,112
22148,29,54,285
22149,21,42,232
22150,2,8,64
22151,0,2,24
22152,19,37,211
22153,4,13,82
22154,2,9,62
22155,5,13,86
22156,19,33,188
22157,22,42,267
22158,10,24,148
22159,7,14,71
22160,8,13,85
22161,4,9,76
22162,6,13,67
22163,10,18,97
22164,10,19,105
22165,10,19,111
22166,11,21,133
22167,4,8,58
22168,5,10,63
22169,9,18,111
22170,9,23,151
22171,14,30,182
22172,17,31,188
22173,6,14,96
22174,10,20,143
22175,5,11,71
22176,6,11,68
22177,22,44,272
22178,18,37,238
22179,13,23,119
22180,5,12,67
22181,13,23,116
22182,19,31,170
22183,7,18,102
22184,11,20,119
22185,10,22,135
22186,9,20,142
22187,7,23,178
22188,17,33,202
22189,12,22,142
22190,18,34,234
22191,20,40,231
22192,2,5,28
22193,23,46,304
22194,14,29,184
22195,11,22,145
22196,7,14,78
22197,5,10,58
22198,9,13,77
22199,23,44,307
22200,8,19,117
22201,23,35,177
22202,13,28,192
22203,10,18,113
22204,13,22,126
22205,4,9,62
22206,16,25,135
22207,14,27,167
22208,18,37,251
22209,8,15,78
22210,28,54,331
22211,13,25,167
22212,5,8,45
22213,2,6,36
22214,7,15,89
22215,11,21,118
22216,13,24,137
22217,14,24,130
22218,17,31,187
22219,6,14,109
22220,7,13,75
22221,46,73,394
22222,17,34,211
22223,4,7,39
22224,8,15,100
22225,17,39,252
22226,9,19,112
22227,21,42,294
22228,18,34,211
22229,9,22,157
22230,16,34,194
22231,6,13,78
22232,11,22,128
22233,28,54,328
22234,12,25,170
22235,17,35,201
22236,6,14,99
22237,7,15,92
22238,21,45,279
22239,6,11,70
22240,15,29,184
22241,10,22,130
22242,24,53,323
22243,10,20,160
22244,7,11,58
22245,18,27,140
22246,12,22,119
22247,16,34,215
22248,11,23,140
22249,8,13,67
22250,23,47,307
22251,11,20,128
22252,7,12,69
22253,12,17,104
22254,7,12,69
22255,16,32,173
22256,3,6,30
22257,5,7,41
22258,20,29,162
22259,15,27,167
22260,9,17,97
22261,4,8,57
22262,7,12,64
22263,6,15,88
22264,10,19,121
22265,12,35,270
22266,13,20,119
22267,4,11,60
22268,12,21,112
22269,8,16,109
22270,3,8,63
22271,1,6,44
22272,14,24,148
22273,12,19,142
22274,6,17,118
22275,19,33,224
22276,13,27,172
22277,17,34,211
22278,6,11,70
22279,12,21,114
22280,13,28,150
22281,7,19,132
22282,8,15,89
22283,13,23,131
22284,11,19,105
22285,3,6,38
22286,5,12,63
22287,11,19,105
22288,7,13,84
22289,4,11,69
22290,4,9,55
22291,9,20,135
22292,15,29,178
22293,4,9,61
22294,3,7,42
22295,5,10,63
22296,17,31,171
22297,6,18,116
22298,9,25,170
22299,10,17,110
22300,22,43,241
22301,12,25,179
22302,12,24,124
22303,14,30,181
22304,8,16,96
22305,16,29,171
22306,7,19,155
22307,8,22,145
22308,9,24,160
22309,0,2,13
22310,5,9,44
22311,9,19,107
22312,7,17,107
22313,10,28,192
22314,7,19,130
22315,27,68,483
22316,10,30,252
22317,24,53,340
22318,9,21,139
22319,1,3,25
22320,0,0,1
22321,8,21,147
22322,6,11,70
22323,8,17,105
22324,5,10,60
22325,5,10,54
22326,10,14,71
22327,5,21,142
22328,9,23,149
22329,14,31,208
22330,13,25,147
22331,5,10,59
22332,11,20,106
22333,6,14,91
22334,10,20,132
22335,8,14,75
22336,7,10,56
22337,10,26,194
22338,12,20,118
22339,13,26,164
22340,33,58,361
22341,19,40,258
22342,5,10,63
22343,22,38,217
22344,20,44,286
22345,8,20,141
22346,10,20,132
22347,0,1,14
22348,5,12,77
22349,10,18,97
22350,3,10,82
22351,4,6,44
22352,2,10,100
22353,4,9,66
22354,2,5,46
22355,6,19,160
22356,10,24,179
22357,10,20,130
22358,8,14,84
22359,19,39,258
22360,7,21,151
22361,8,19,136
22362,7,17,114
22363,5,12,87
22364,14,30,195
22365,13,25,161
22366,26,51,360
22367,5,14,115
22368,8,16,98
22369,10,18,106
22370,1,4,26
22371,8,26,168
22372,4,11,73
22373,3,5,24
22374,23,41,244
22375,11,24,152
22376,20,37,223
22377,17,29,189
22378,15,28,164
22379,12,26,183
22380,9,14,76
22381,14,32,209
22382,17,31,219
22383,4,10,59
22384,4,6,34
22385,6,17,139
22386,6,15,97
22387,8,18,111
22388,8,20,136
22389,10,23,159
22390,7,20,158
22391,16,31,177
22392,5,12,82
22393,5,19,122
22394,5,11,64
22395,3,11,78
22396,7,18,128
22397,8,17,96
22398,10,21,127
22399,8,18,114
22400,6,13,75
22401,10,17,105
22402,19,38,229
22403,14,26,145
22404,7,16,97
22405,3,9,62
22406,7,12,82
22407,7,17,104
22408,3,5,27
22409,8,19,113
22410,7,18,127
22411,10,19,100
22412,7,13,83
22413,2,9,69
22414,6,10,66
22415,3,7,47
22416,5,9,50
22417,3,5,32
22418,4,9,47
22419,5,8,51
22420,2,5,33
22421,6,16,106
22422,5,7,39
22423,8,12,62
22424,9,21,115
22425,14,22,149
22426,7,13,93
22427,16,31,191
22428,10,29,208
22429,6,17,94
22430,11,25,160
22431,10,16,73
22432,3,6,31
22433,5,11,66
22434,8,16,121
22435,11,22,125
22436,3,4,24
22437,5,11,70
22438,6,10,49
22439,5,10,64
22440,2,4,20
22441,3,11,71
22442,5,7,54
22443,6,12,67
22444,9,20,122
22445,6,10,62
22446,7,19,113
22447,5,8,55
22448,3,12,98
22449,2,6,54
22450,8,20,119
22451,7,14,80
22452,6,8,33
22453,5,11,71
22454,7,11,70
22455,18,35,222
22456,7,12,68
22457,13,24,139
22458,17,34,202
22459,6,11,72
22460,6,9,50
22461,17,33,212
22462,10,19,116
22463,16,34,183
22464,7,13,78
22465,6,10,67
22466,11,20,119
22467,5,10,71
22468,6,11,59
22469,4,9,56
22470,11,20,144
22471,6,14,73
22472,2,8,48
22473,4,11,85
22474,5,12,82
22475,11,26,186
22476,9,18,94
22477,9,20,126
22478,8,24,201
22479,10,23,136
22480,4,7,41
22481,6,13,77
22482,2,5,37
22483,9,12,63
22484,4,9,71
22485,8,15,87
22486,6,12,65
22487,13,26,153
22488,6,9,77
22489,18,31,191
22490,2,8,61
22491,13,24,145
22492,8,16,91
22493,17,34,245
22494,11,22,143
22495,11,21,129
22496,2,4,21
22497,4,6,40
22498,9,17,102
22499,7,16,100
22500,12,25,139
22501,13,23,128
22502,5,10,57
22503,11,19,105
22504,6,14,69
22505,7,14,83
22506,5,11,63
22507,10,23,151
22508,12,23,133
22509,9,18,107
22510,4,8,59
22511,2,5,34
22512,5,10,66
22513,19,32,176
22514,20,34,198
22515,13,28,177
22516,11,26,167
22517,10,18,107
22518,12,28,195
22519,15,36,245
22520,10,17,97
22521,22,43,219
22522,33,57,333
22523,11,20,127
22524,27,53,328
22525,10,20,100
22526,15,31,190
22527,8,18,116
22528,12,20,124
22529,30,52,278
22530,18,33,196
22531,9,14,71
22532,8,16,103
22533,17,28,152
22534,19,29,149
22535,5,11,74
22536,12,24,158
22537,12,22,127
22538,9,18,131
22539,14,33,226
22540,13,31,197
22541,15,38,245
22542,14,23,125
22543,20,40,214
22544,7,13,80
22545,16,33,208
22546,4,8,56
22547,32,55,332
22548,12,21,122
22549,18,26,138
22550,12,23,143
22551,10,21,112
22552,14,23,132
22553,26,43,238
22554,16,32,189
22555,16,31,188
22556,9,17,93
22557,19,36,225
22558,8,17,97
22559,5,8,38
22560,8,15,82
22561,22,41,238
22562,13,22,136
22563,25,42,255
22564,1,3,24
22565,5,6,26
22566,25,45,269
22567,10,16,92
22568,22,43,273
22569,15,32,226
22570,8,20,142
22571,13,29,170
22572,23,41,258
22573,19,38,252
22574,9,19,134
22575,11,28,179
22576,7,18,130
22577,14,26,146
22578,22,40,248
22579,7,17,121
22580,11,25,178
22581,28,44,235
22582,18,39,269
22583,17,36,253
22584,18,28,148
22585,13,24,132
22586,12,25,176
22587,8,15,88
22588,13,18,97
22589,8,20,118
22590,6,16,115
22591,9,16,100
22592,3,5,29
22593,7,15,97
22594,5,9,57
22595,13,25,169
22596,10,19,109
22597,6,12,72
22598,21,42,250
22599,6,16,93
22600,5,11,63
22601,14,27,163
22602,8,15,97
22603,18,32,189
22604,6,13,85
22605,17,33,195
22606,15,31,207
22607,9,14,69
22608,3,7,57
22609,19,31,172
22610,12,25,153
22611,14,28,210
22612,10,23,139
22613,8,17,96
22614,12,25,140
22615,13,30,206
22616,9,15,97
22617,8,14,94
22618,15,29,192
22619,6,15,104
22620,5,12,96
22621,7,17,111
22622,6,14,106
22623,5,8,46
22624,9,19,113
22625,7,11,52
22626,8,15,95
22627,11,16,95
22628,8,16,113
22629,12,22,133
22630,15,29,184
22631,8,15,102
22632,11,25,154
22633,25,46,260
22634,21,33,162
22635,11,19,116
22636,6,12,74
22637,2,6,42
22638,17,30,182
22639,10,19,108
22640,13,24,130
22641,13,22,136
22642,11,21,129
22643,10,20,133
22644,4,11,74
22645,5,13,85
22646,9,17,100
22647,7,12,59
22648,12,24,164
22649,6,16,116
22650,0,2,20
22651,6,14,96
22652,14,20,103
22653,13,30,201
22654,8,18,122
22655,7,14,112
22656,10,22,141
22657,14,26,172
22658,12,22,137
22659,9,25,198
22660,6,12,83
22661,3,6,39
22662,8,13,74
22663,7,16,103
22664,6,15,93
22665,6,11,72
22666,6,15,102
22667,9,16,93
22668,9,17,95
22669,15,32,208
22670,16,25,149
22671,10,17,104
22672,13,31,189
22673,9,17,91
22674,7,17,115
22675,7,16,110
22676,14,24,135
22677,9,17,112
22678,7,15,127
22679,4,12,88
22680,10,20,134
22681,12,23,147
22682,9,16,90
22683,14,28,189
22684,6,11,60
22685,6,12,68
22686,3,4,27
22687,4,9,57
22688,23,41,259
22689,14,24,149
22690,9,17,96
22691,5,11,75
22692,20,33,190
22693,17,35,216
22694,16,34,185
22695,2,6,40
22696,20,41,269
22697,18,37,242
22698,8,22,151
22699,9,19,101
22700,25,51,296
22701,20,35,201
22702,10,17,104
22703,16,26,139
22704,24,40,216
22705,13,24,117
22706,8,18,116
22707,7,15,82
22708,15,26,133
22709,9,15,86
22710,11,20,118
22711,10,18,83
22712,14,29,160
22713,11,22,115
22714,12,24,130
22715,5,10,56
22716,11,19,95
22717,15,28,149
22718,26,45,246
22719,3,6,32
22720,5,11,65
22721,8,17,103
22722,21,42,250
22723,7,16,106
22724,3,6,37
22725,1,3,18
22726,13,24,124
22727,11,19,97
22728,16,31,166
22729,3,5,22
22730,2,5,34
22731,17,31,174
22732,28,46,234
22733,12,21,129
22734,12,23,132
22735,11,20,108
22736,13,22,114
22737,23,39,212
22738,17,27,154
22739,7,20,124
22740,2,8,65
22741,11,17,94
22742,14,26,154
22743,12,20,115
22744,34,64,384
22745,14,30,171
22746,0,0,3
22747,10,19,106
22748,22,42,223
22749,13,27,158
22750,14,27,154
22751,12,24,150
22752,3,9,51
22753,13,30,170
22754,5,9,47
22755,2,7,43
22756,10,27,182
22757,19,45,276
22758,8,17,93
22759,25,45,235
22760,11,24,157
22761,21,38,262
22762,9,19,113
22763,9,17,86
22764,8,14,73
22765,16,30,161
22766,7,16,94
22767,17,31,159
22768,14,29,173
22769,13,26,154
22770,6,12,63
22771,12,25,130
22772,4,11,61
22773,12,24,120
22774,24,45,272
22775,9,19,126
22776,6,17,125
22777,4,13,85
22778,11,23,149
22779,8,12,57
22780,9,21,172
22781,6,22,150
22782,10,21,137
22783,6,14,89
22784,7,19,135
22785,4,7,41
22786,15,33,224
22787,16,35,221
22788,9,26,171
22789,11,20,112
22790,4,9,49
22791,20,37,209
22792,10,23,140
22793,5,11,75
22794,5,7,39
22795,8,19,112
22796,5,11,73
22797,3,5,27
22798,7,9,46
22799,12,24,132
22800,18,39,258
22801,22,42,277
22802,20,35,203
22803,9,22,142
22804,13,29,189
22805,4,7,42
22806,12,22,133
22807,8,23,152
22808,12,23,151
22809,13,30,190
22810,23,42,235
22811,9,22,127
22812,6,11,69
22813,2,9,67
22814,9,20,128
22815,12,19,131
22816,7,15,106
22817,14,22,122
22818,6,13,81
22819,5,9,63
22820,4,9,58
22821,8,16,98
22822,15,26,143
22823,14,32,189
22824,6,17,102
22825,12,22,139
22826,13,29,162
22827,8,14,69
22828,12,21,107
22829,14,24,160
22830,9,15,87
22831,2,6,47
22832,12,23,153
22833,13,28,196
22834,15,31,173
22835,16,27,143
22836,7,18,113
22837,5,10,57
22838,5,14,87
22839,17,34,214
22840,1,4,30
22841,1,3,23
22842,5,11,62
22843,1,4,29
22844,4,9,48
22845,3,8,50
22846,3,7,35
22847,4,7,47
22848,1,7,45
22849,4,7,40
22850,10,22,133
22851,12,32,215
22852,1,2,13
22853,6,13,70
22854,8,14,77
22855,6,13,68
22856,10,23,137
22857,6,8,38
22858,8,20,112
22859,16,26,165
22860,12,21,117
22861,10,19,108
22862,15,30,169
22863,8,17,106
22864,9,20,113
22865,3,6,43
22866,7,14,85
22867,9,18,115
22868,29,61,374
22869,4,6,33
22870,11,24,157
22871,12,25,142
22872,12,24,151
22873,6,13,91
22874,30,62,384
22875,9,18,100
22876,10,24,152
22877,11,20,126
22878,25,48,308
22879,16,34,218
22880,7,10,62
22881,9,16,84
22882,17,31,166
22883,8,22,172
22884,3,6,49
22885,4,14,109
22886,3,11,84
22887,15,28,195
22888,9,14,84
22889,19,41,278
22890,24,32,157
22891,25,44,249
22892,9,18,105
22893,31,57,320
22894,14,30,190
22895,7,12,77
22896,10,17,94
22897,8,14,106
22898,20,37,226
22899,25,52,315
22900,17,24,125
22901,27,43,233
22902,26,47,276
22903,2,6,43
22904,13,22,134
22905,3,11,83
22906,22,45,293
22907,18,36,224
22908,22,38,223
22909,20,30,163
22910,22,46,276
22911,14,36,270
22912,16,31,188
22913,18,28,171
22914,8,21,123
22915,16,35,214
22916,14,26,166
22917,19,40,244
22918,10,19,116
22919,23,48,301
22920,31,54,314
22921,5,14,114
22922,12,27,181
22923,14,30,186
22924,14,40,285
22925,27,47,276
22926,15,32,200
22927,12,24,151
22928,25,54,373
22929,8,24,148
22930,17,37,221
22931,8,24,184
22932,30,58,338
22933,12,27,185
22934,29,53,309
22935,15,22,123
22936,9,31,217
22937,11,26,146
22938,11,26,166
22939,23,44,250
22940,20,40,257
22941,22,42,270
22942,24,49,306
22943,17,33,199
22944,12,18,78
22945,23,47,258
22946,9,26,154
22947,5,8,59
22948,14,25,165
22949,16,29,155
22950,24,45,270
22951,11,24,127
22952,6,9,43
22953,21,33,166
22954,17,27,135
22955,13,22,114
22956,9,13,81
22957,19,38,203
22958,25,43,225
22959,6,10,55
22960,4,6,34
22961,15,25,133
22962,22,45,301
22963,9,15,85
22964,9,22,136
22965,24,45,264
22966,7,14,79
22967,10,19,118
22968,15,27,162
22969,12,29,206
22970,6,16,108
22971,13,24,146
22972,1,2,14
22973,16,31,159
22974,22,40,238
22975,16,32,197
22976,19,33,214
22977,17,35,209
22978,11,21,127
22979,16,34,212
22980,12,19,102
22981,6,9,62
22982,3,7,43
22983,10,22,130
22984,0,2,25
22985,13,26,149
22986,5,10,67
22987,8,14,86
22988,15,24,138
22989,23,37,234
22990,17,29,202
22991,31,73,554
22992,22,43,321
22993,5,11,71
22994,3,6,40
22995,6,15,92
22996,35,57,352
22997,1,3,31
22998,18,34,211
22999,26,39,212
23000,12,18,101
23001,13,24,150
23002,34,62,374
23003,6,12,101
23004,20,38,243
23005,13,23,131
23006,17,35,211
23007,28,49,292
23008,5,10,48
23009,8,14,86
23010,2,6,49
23011,10,22,133
23012,4,11,72
23013,14,23,117
23014,12,21,123
23015,5,10,72
23016,9,24,146
23017,8,22,137
23018,2,5,38
23019,10,18,104
23020,4,8,52
23021,5,16,119
23022,8,17,127
23023,1,4,35
23024,6,14,86
23025,16,32,192
23026,8,15,97
23027,9,15,98
23028,5,13,78
23029,11,17,88
23030,7,12,69
23031,2,5,47
23032,1,6,46
23033,10,16,89
23034,8,16,106
23035,7,17,93
23036,12,23,132
23037,10,17,110
23038,1,2,14
23039,1,2,14
23040,6,8,50
23041,7,19,135
23042,3,12,119
23043,17,37,272
23044,3,5,30
23045,2,7,50
23046,6,14,100
23047,3,12,90
23048,2,6,38
23049,3,9,64
23050,8,15,88
23051,8,11,60
23052,5,15,113
23053,20,35,193
23054,5,12,64
23055,5,10,53
23056,5,10,53
23057,6,11,59
23058,4,8,43
23059,30,64,412
23060,7,14,86
23061,7,14,86
23062,6,14,87
23063,6,14,92
23064,7,13,83
23065,4,7,42
23066,3,10,87
23067,4,9,59
23068,3,7,67
23069,12,28,206
23070,12,29,200
23071,7,14,119
23072,10,16,86
23073,19,39,249
23074,4,10,55
23075,10,21,131
23076,2,8,70
23077,13,28,167
23078,12,24,163
23079,3,4,19
23080,8,15,106
23081,2,10,72
23082,6,10,72
23083,20,43,289
23084,8,14,98
23085,6,18,126
23086,4,11,84
23087,7,21,168
23088,8,18,127
23089,5,13,88
23090,4,14,112
23091,5,11,76
23092,9,15,81
23093,9,26,192
23094,12,23,149
23095,13,31,236
23096,12,22,150
23097,7,12,86
23098,3,7,54
23099,19,38,241
23100,6,16,94
23101,5,11,97
23102,2,11,101
23103,7,16,94
23104,10,17,96
23105,7,15,99
23106,1,7,62
23107,6,13,88
23108,21,40,273
23109,12,22,148
23110,3,7,57
23111,6,12,89
23112,15,35,231
23113,4,10,83
23114,14,28,173
23115,16,33,217
23116,7,21,141
23117,4,11,83
23118,6,11,68
23119,5,8,43
23120,9,24,170
23121,8,24,190
23122,3,6,37
23123,5,10,75
23124,4,9,52
23125,9,22,175
23126,4,11,81
23127,5,7,73
23128,4,7,39
23129,0,3,24
23130,1,1,4
23131,26,59,454
23132,22,43,271
23133,11,19,96
23134,1,8,85
23135,9,19,138
23136,5,14,97
23137,9,23,164
23138,1,7,56
23139,3,14,119
23140,9,15,84
23141,15,30,189
23142,37,70,424
23143,3,7,48
23144,26,48,258
23145,10,20,133
23146,16,31,202
23147,11,19,110
23148,19,36,214
23149,12,18,100
23150,11,24,144
23151,10,17,89
23152,7,13,80
23153,7,15,91
23154,0,0,2
23155,20,38,243
23156,27,50,309
23157,19,36,223
23158,12,23,136
23159,15,27,139
23160,10,24,148
23161,17,31,183
23162,9,23,154
23163,10,19,112
23164,32,67,377
23165,2,8,55
23166,1,8,63
23167,12,28,154
23168,14,33,215
23169,10,18,89
23170,12,24,168
23171,22,44,262
23172,17,32,178
23173,18,40,236
23174,30,57,340
23175,25,57,388
23176,14,30,184
23177,20,30,143
23178,10,19,115
23179,15,28,171
23180,45,88,525
23181,16,31,189
23182,0,2,26
23183,8,19,112
23184,20,39,226
23185,7,14,85
23186,4,12,97
23187,13,25,150
23188,6,11,63
23189,5,15,95
23190,13,30,184
23191,13,25,180
23192,4,7,50
23193,5,9,56
23194,17,37,203
23195,7,17,115
23196,9,24,144
23197,8,17,101
23198,5,14,89
23199,17,33,226
23200,0,3,23
23201,3,9,70
23202,19,41,266
23203,6,17,122
23204,19,36,227
23205,18,37,235
23206,4,14,94
23207,20,37,208
23208,16,29,164
23209,21,41,227
23210,28,56,335
23211,24,59,362
23212,4,7,36
23213,11,22,146
23214,3,12,72
23215,8,14,78
23216,10,18,118
23217,17,34,191
23218,6,15,93
23219,9,19,128
23220,8,19,124
23221,6,17,104
23222,11,25,153
23223,8,19,122
23224,13,25,145
23225,3,4,14
23226,1,4,30
23227,12,23,124
23228,12,21,118
23229,6,9,54
23230,7,22,147
23231,4,8,50
23232,9,21,140
23233,8,22,144
23234,14,29,173
23235,15,32,201
23236,16,31,170
23237,12,25,134
23238,11,26,157
23239,4,8,42
23240,8,18,108
23241,15,26,137
23242,9,18,97
23243,19,42,228
23244,11,20,101
23245,6,13,80
23246,8,13,68
23247,3,10,66
23248,4,9,57
23249,6,10,62
23250,3,6,36
23251,5,6,28
23252,10,21,114
23253,15,29,159
23254,3,6,40
23255,8,15,90
23256,11,24,122
23257,11,23,135
23258,10,27,179
23259,13,28,181
23260,9,18,113
23261,21,41,229
23262,8,18,109
23263,2,6,43
23264,5,7,51
23265,8,15,95
23266,5,10,55
23267,4,6,42
23268,14,27,159
23269,5,12,70
23270,3,8,48
23271,1,3,23
23272,2,4,30
23273,8,13,75
23274,3,4,25
23275,7,10,47
23276,8,15,82
23277,7,18,115
23278,15,32,170
23279,9,20,118
23280,2,9,64
23281,13,26,142
23282,22,39,230
23283,17,37,224
23284,8,22,143
23285,6,12,74
23286,10,18,115
23287,12,16,70
23288,8,15,100
23289,20,39,206
23290,23,43,234
23291,9,12,69
23292,12,25,143
23293,8,18,98
23294,23,50,293
23295,8,16,99
23296,19,30,184
23297,15,28,169
23298,6,19,134
23299,18,37,243
23300,10,23,138
23301,19,38,215
23302,13,22,123
23303,7,17,110
23304,13,36,222
23305,14,22,115
23306,9,14,73
23307,24,49,281
23308,6,13,75
23309,3,7,40
23310,7,14,88
23311,11,25,147
23312,9,19,106
23313,13,26,164
23314,12,22,118
23315,8,16,93
23316,27,45,250
23317,23,39,210
23318,7,12,79
23319,11,16,78
23320,8,10,37
23321,22,42,230
23322,4,8,42
23323,36,64,362
23324,10,18,94
23325,12,30,180
23326,13,27,154
23327,4,6,31
23328,25,45,268
23329,14,29,147
23330,10,17,80
23331,9,14,67
23332,5,11,64
23333,31,62,358
23334,27,43,203
23335,14,24,130
23336,13,27,153
23337,37,73,432
23338,4,6,32
23339,26,46,236
23340,6,11,57
23341,5,10,53
23342,7,17,97
23343,8,22,154
23344,6,11,58
23345,29,55,300
23346,3,5,18
23347,13,25,136
23348,17,32,187
23349,13,20,110
23350,12,19,96
23351,4,8,43
23352,61,106,605
23353,7,11,70
23354,13,21,123
23355,14,21,108
23356,23,41,235
23357,21,39,221
23358,2,3,15
23359,8,10,38
23360,17,28,151
23361,16,20,97
23362,8,15,82
23363,6,9,45
23364,19,35,200
23365,13,19,94
23366,24,42,231
23367,12,20,106
23368,7,12,57
23369,6,12,72
23370,17,28,166
23371,7,11,64
23372,8,17,94
23373,18,31,174
23374,5,8,56
23375,40,74,422
23376,4,8,42
23377,27,57,323
23378,8,13,68
23379,11,27,188
23380,8,14,75
23381,11,20,134
23382,14,25,123
23383,37,64,407
23384,26,51,341
23385,15,25,123
23386,35,93,586
23387,3,7,41
23388,7,19,117
23389,5,14,90
23390,4,12,69
23391,18,36,193
23392,8,21,160
23393,11,26,179
23394,19,36,203
23395,4,10,69
23396,17,35,210
23397,0,3,26
23398,4,8,50
23399,2,6,41
23400,3,10,72
23401,9,19,105
23402,15,23,163
23403,7,13,82
23404,8,15,80
23405,8,16,113
23406,9,20,128
23407,4,8,42
23408,0,4,23
23409,2,5,32
23410,9,16,91
23411,6,11,73
23412,8,16,91
23413,22,36,187
23414,11,19,105
23415,7,15,87
23416,8,14,76
23417,8,19,111
23418,6,12,80
23419,3,6,36
23420,11,18,96
23421,13,25,133
23422,16,33,188
23423,9,25,148
23424,2,5,31
23425,4,9,55
23426,6,15,99
23427,5,11,65
23428,13,27,192
23429,3,7,57
23430,2,5,26
23431,14,28,163
23432,2,9,69
23433,5,13,80
23434,14,29,186
23435,1,3,25
23436,15,28,154
23437,3,6,38
23438,10,27,177
23439,6,15,76
23440,3,8,50
23441,6,17,124
23442,13,27,155
23443,4,7,38
23444,6,7,28
23445,11,25,148
23446,2,4,19
23447,2,5,34
23448,2,6,34
23449,2,6,37
23450,4,7,36
23451,3,7,45
23452,6,14,85
23453,9,15,88
23454,12,26,168
23455,5,10,77
23456,8,14,87
23457,6,11,56
23458,10,23,136
23459,15,24,163
23460,20,37,265
23461,8,15,71
23462,9,17,87
23463,7,12,75
23464,4,10,62
23465,8,13,79
23466,13,29,184
23467,6,15,98
23468,9,25,163
23469,4,10,70
23470,3,10,78
23471,14,28,151
23472,3,7,43
23473,2,12,93
23474,16,29,150
23475,2,6,44
23476,3,11,83
23477,7,19,137
23478,5,18,134
23479,0,0,1
23480,8,16,94
23481,6,13,81
23482,6,13,78
23483,6,10,51
23484,6,17,112
23485,17,30,163
23486,7,12,77
23487,12,27,159
23488,10,18,98
23489,4,6,28
23490,12,20,102
23491,6,11,65
23492,13,26,167
23493,4,10,72
23494,7,14,87
23495,13,23,152
23496,7,13,96
23497,6,15,95
23498,1,5,36
23499,8,16,100
23500,10,24,161
23501,13,27,171
23502,5,12,68
23503,10,30,195
23504,7,14,76
23505,3,6,35
23506,9,26,173
23507,2,15,118
23508,14,25,137
23509,11,19,112
23510,14,28,161
23511,13,23,136
23512,12,22,117
23513,17,30,174
23514,13,19,97
23515,9,15,82
23516,6,9,66
23517,17,31,178
23518,17,36,229
23519,4,8,56
23520,14,26,139
23521,5,17,110
23522,7,14,94
23523,11,27,176
23524,10,25,180
23525,21,45,285
23526,21,36,219
23527,4,8,67
23528,10,25,189
23529,2,5,31
23530,3,7,52
23531,2,6,39
23532,7,15,92
23533,16,33,185
23534,10,22,150
23535,10,19,130
23536,14,38,269
23537,4,11,76
23538,9,24,153
23539,6,15,85
23540,10,24,144
23541,14,25,168
23542,18,34,217
23543,5,11,81
23544,9,16,75
23545,18,30,167
23546,7,15,96
23547,20,41,250
23548,19,36,234
23549,12,27,174
23550,17,34,201
23551,6,18,115
23552,6,12,75
23553,9,18,111
23554,8,16,95
23555,8,19,133
23556,6,18,129
23557,8,18,119
23558,6,13,79
23559,20,44,267
23560,2,7,46
23561,8,18,99
23562,9,17,104
23563,16,33,191
23564,10,21,139
23565,1,6,45
23566,16,32,179
23567,12,32,210
23568,12,24,143
23569,10,28,204
23570,9,24,142
23571,8,16,87
23572,3,8,53
23573,9,17,106
23574,17,34,224
23575,8,21,140
23576,8,20,131
23577,11,35,228
23578,6,12,80
23579,9,16,81
23580,15,29,202
23581,10,21,123
23582,4,9,59
23583,11,24,146
23584,10,26,158
23585,5,11,81
23586,10,20,128
23587,11,28,191
23588,9,18,108
23589,9,25,157
23590,12,22,139
23591,4,14,104
23592,4,11,83
23593,4,11,71
23594,6,12,73
23595,6,13,75
23596,3,7,47
23597,4,9,66
23598,11,24,165
23599,7,15,92
23600,16,31,171
23601,16,31,188
23602,3,8,52
23603,6,10,61
23604,4,9,54
23605,6,15,105
23606,5,12,97
23607,7,17,105
23608,4,13,109
23609,9,16,88
23610,8,18,135
23611,7,13,76
23612,4,9,73
23613,8,16,108
23614,4,8,62
23615,5,13,87
23616,5,10,82
23617,16,39,256
23618,9,27,200
23619,6,11,76
23620,7,17,108
23621,9,14,81
23622,3,8,68
23623,10,16,76
23624,15,30,161
23625,7,15,91
23626,6,18,112
23627,7,14,96
23628,18,31,186
23629,6,18,135
23630,11,22,128
23631,6,13,98
23632,16,21,107
23633,18,42,287
23634,10,24,174
23635,3,8,75
23636,2,5,25
23637,4,10,57
23638,0,0,2
23639,5,11,75
23640,8,18,109
23641,6,11,69
23642,3,9,51
23643,4,13,95
23644,14,26,177
23645,5,10,85
23646,1,5,30
23647,4,6,38
23648,5,7,40
23649,13,21,109
23650,5,8,43
23651,9,17,109
23652,5,8,51
23653,4,10,63
23654,13,24,144
23655,9,19,141
23656,3,5,32
23657,15,23,114
23658,4,7,40
23659,14,23,135
23660,9,14,82
23661,3,4,26
23662,8,19,134
23663,9,18,130
23664,12,22,135
23665,8,14,96
23666,0,2,16
23667,4,8,49
23668,1,3,24
23669,7,14,83
23670,6,12,78
23671,8,11,62
23672,5,7,34
23673,10,22,146
23674,1,6,37
23675,5,8,47
23676,2,5,35
23677,4,8,61
23678,1,4,50
23679,8,13,68
23680,9,17,110
23681,10,21,151
23682,8,14,87
23683,9,20,134
23684,3,7,53
23685,2,5,35
23686,14,25,143
23687,3,4,21
23688,2,3,14
23689,9,14,93
23690,8,11,60
23691,7,12,75
23692,3,8,52
23693,9,13,72
23694,5,9,53
23695,4,7,41
23696,6,13,92
23697,0,0,2
23698,0,3,26
23699,15,22,131
23700,13,22,139
23701,3,8,61
23702,3,5,32
23703,15,30,192
23704,12,23,135
23705,8,14,107
23706,0,2,16
23707,1,1,15
23708,0,2,16
23709,9,17,99
23710,13,21,141
23711,4,11,66
23712,7,13,78
23713,6,11,61
23714,2,6,35
23715,4,8,40
23716,8,13,64
23717,8,13,94
23718,5,9,47
23719,3,5,23
23720,4,7,44
23721,10,17,102
23722,7,11,54
23723,9,11,54
23724,4,6,36
23725,9,12,77
23726,3,11,95
23727,2,4,47
23728,0,0,1
23729,2,6,38
23730,3,6,41
23731,5,7,37
23732,10,16,69
23733,5,10,46
23734,7,13,67
23735,8,12,58
23736,3,7,39
23737,9,14,83
23738,8,11,64
23739,7,15,82
23740,0,1,10
23741,7,19,148
23742,2,4,17
23743,15,32,202
23744,3,13,84
23745,4,7,52
23746,4,10,64
23747,11,21,124
23748,0,0,2
23749,16,31,206
23750,3,6,42
23751,32,51,274
23752,10,18,104
23753,15,36,248
23754,9,17,111
23755,2,9,70
23756,4,9,52
23757,4,11,72
23758,9,15,87
23759,4,7,42
23760,10,21,126
23761,16,26,145
23762,9,18,100
23763,8,18,106
23764,2,4,30
23765,8,17,95
23766,6,14,86
23767,9,20,114
23768,6,16,109
23769,10,24,132
23770,14,23,110
23771,11,18,98
23772,9,23,138
23773,12,21,113
23774,3,4,26
23775,5,8,43
23776,16,33,193
23777,8,12,69
23778,11,23,140
23779,9,22,118
23780,11,21,132
23781,8,19,121
23782,4,10,59
23783,4,9,49
23784,3,7,37
23785,11,20,106
23786,14,26,124
23787,6,14,80
23788,20,34,182
23789,16,26,152
23790,10,20,126
23791,6,10,55
23792,4,9,60
23793,5,10,64
23794,24,46,253
23795,4,12,75
23796,3,7,41
23797,10,19,107
23798,15,27,170
23799,2,4,23
23800,19,37,229
23801,3,9,67
23802,4,10,71
23803,10,23,165
23804,18,33,196
23805,11,22,127
23806,5,11,61
23807,3,6,31
23808,1,4,27
23809,5,9,54
23810,1,4,27
23811,5,14,82
23812,8,24,148
23813,16,32,172
23814,6,14,78
23815,10,25,141
23816,8,21,121
23817,3,7,48
23818,6,10,61
23819,3,8,54
23820,5,13,77
23821,5,14,90
23822,12,20,95
23823,5,10,57
23824,9,19,110
23825,6,15,88
23826,7,12,67
23827,20,35,214
23828,8,14,72
23829,15,24,134
23830,8,15,88
23831,9,16,93
23832,15,30,180
23833,10,18,102
23834,6,11,63
23835,3,5,31
23836,5,7,45
23837,17,29,150
23838,12,23,143
23839,8,12,68
23840,22,47,276
23841,5,13,82
23842,10,28,178
23843,9,30,201
23844,2,4,23
23845,4,12,106
23846,10,21,134
23847,11,25,137
23848,8,19,115
23849,8,15,77
23850,0,1,3
23851,11,26,154
23852,15,29,167
23853,12,20,119
23854,13,21,112
23855,13,27,164
23856,12,20,103
23857,7,17,90
23858,7,20,108
23859,3,9,59
23860,7,15,85
23861,1,3,26
23862,3,12,75
23863,14,26,154
23864,3,10,65
23865,12,25,159
23866,8,19,131
23867,24,42,250
23868,11,20,106
23869,6,14,111
23870,4,8,50
23871,24,40,219
23872,17,34,237
23873,13,31,196
23874,19,45,292
23875,17,32,191
23876,11,22,160
23877,6,12,73
23878,21,43,274
23879,21,37,218
23880,16,35,219
23881,10,20,109
23882,11,21,124
23883,12,23,140
23884,11,23,131
23885,14,27,159
23886,14,23,136
23887,9,21,124
23888,10,18,106
23889,5,8,52
23890,13,31,205
23891,7,17,105
23892,14,30,177
23893,16,32,183
23894,12,24,145
23895,8,15,84
23896,5,14,104
23897,15,27,168
23898,33,57,317
23899,18,33,207
23900,19,34,194
23901,13,25,150
23902,6,15,100
23903,16,25,137
23904,23,50,308
23905,5,11,72
23906,10,22,132
23907,23,47,300
23908,7,12,65
23909,13,25,148
23910,18,34,201
23911,15,28,187
23912,14,25,145
23913,8,15,85
23914,8,19,129
23915,22,38,231
23916,16,29,185
23917,5,14,89
23918,19,37,218
23919,14,25,167
23920,9,18,111
23921,13,24,128
23922,9,21,128
23923,9,16,96
23924,22,41,254
23925,10,22,152
23926,23,42,244
23927,5,11,74
23928,19,33,195
23929,14,24,128
23930,39,73,416
23931,20,38,223
23932,9,17,102
23933,8,18,146
23934,21,38,238
23935,10,16,89
23936,10,19,111
23937,23,43,242
23938,6,12,70
23939,3,8,53
23940,15,28,165
23941,11,28,195
23942,7,15,96
23943,18,32,224
23944,14,25,151
23945,14,24,143
23946,6,20,113
23947,9,23,132
23948,9,21,126
23949,1,5,38
23950,5,11,66
23951,20,40,263
23952,8,16,84
23953,4,7,45
23954,11,27,175
23955,7,13,74
23956,4,10,62
23957,7,13,63
23958,10,27,151
23959,8,16,93
23960,2,6,41
23961,6,10,51
23962,6,11,74
23963,7,16,105
23964,2,4,31
23965,6,9,52
23966,21,41,226
23967,4,11,72
23968,13,31,181
23969,8,22,133
23970,18,31,180
23971,10,23,139
23972,6,14,94
23973,10,19,108
23974,8,16,87
23975,15,35,252
23976,2,3,22
23977,6,19,129
23978,21,37,213
23979,12,22,128
23980,3,6,41
23981,9,21,136
23982,5,10,54
23983,8,19,119
23984,10,19,109
23985,5,12,111
23986,12,23,129
23987,23,37,227
23988,12,29,170
23989,15,30,190
23990,15,26,139
23991,6,12,94
23992,10,17,104
23993,13,27,156
23994,10,19,113
23995,10,24,143
23996,11,24,114
23997,14,32,205
23998,8,17,105
23999,9,22,144
24000,7,12,64
24001,16,27,161
24002,10,21,121
24003,8,23,148
24004,7,20,125
24005,17,36,211
24006,3,9,53
24007,14,30,185
24008,4,11,71
24009,11,31,231
24010,4,12,77
24011,11,24,142
24012,10,36,266
24013,4,11,65
24014,10,17,99
24015,8,15,101
24016,12,35,256
24017,5,9,71
24018,11,22,145
24019,9,23,148
24020,10,22,135
24021,14,28,179
24022,6,10,68
24023,5,14,91
24024,14,24,116
24025,8,14,81
24026,3,6,39
24027,6,14,78
24028,11,18,100
24029,15,27,149
24030,3,7,47
24031,12,16,82
24032,4,7,45
24033,7,16,103
24034,5,19,124
24035,7,15,85
24036,13,26,164
24037,19,32,171
24038,12,21,130
24039,6,12,74
24040,3,7,47
24041,9,19,124
24042,23,51,293
24043,28,63,423
24044,3,7,43
24045,9,16,83
24046,8,15,105
24047,9,18,102
24048,12,24,127
24049,8,22,143
24050,17,32,179
24051,5,13,90
24052,8,19,113
24053,3,7,54
24054,9,22,131
24055,4,8,57
24056,10,21,118
24057,12,22,117
24058,8,17,112
24059,8,15,86
24060,5,14,102
24061,3,8,56
24062,2,5,23
24063,1,5,41
24064,7,17,106
24065,3,5,22
24066,1,6,39
24067,1,3,20
24068,17,35,215
24069,4,11,72
24070,5,17,104
24071,9,20,123
24072,7,12,75
24073,6,9,48
24074,15,29,165
24075,11,19,100
24076,7,20,115
24077,2,9,71
24078,11,19,115
24079,8,14,79
24080,6,13,87
24081,3,5,31
24082,13,25,147
24083,13,25,137
24084,8,18,105
24085,8,16,128
24086,20,48,286
24087,4,11,72
24088,10,27,182
24089,16,30,169
24090,5,10,66
24091,11,19,115
24092,8,20,118
24093,5,11,76
24094,8,19,111
24095,9,15,84
24096,1,1,12
24097,10,18,90
24098,13,27,160
24099,3,5,35
24100,6,12,99
24101,14,29,153
24102,15,24,118
24103,5,8,42
24104,3,5,35
24105,9,17,112
24106,7,17,86
24107,11,19,102
24108,7,12,78
24109,7,11,44
24110,4,7,29
24111,15,25,128
24112,15,27,140
24113,14,33,218
24114,6,14,76
24115,7,14,85
24116,8,15,81
24117,2,7,50
24118,5,11,66
24119,7,10,55
24120,8,16,105
24121,6,13,86
24122,2,3,24
24123,8,14,86
24124,11,19,99
24125,9,15,69
24126,15,28,153
24127,12,21,104
24128,8,14,76
24129,2,5,31
24130,13,22,114
24131,5,10,58
24132,7,13,64
24133,3,5,42
24134,3,5,33
24135,8,19,120
24136,10,22,148
24137,6,17,114
24138,12,22,125
24139,25,46,257
24140,9,20,139
24141,10,25,144
24142,9,15,78
24143,11,29,177
24144,1,2,11
24145,8,17,97
24146,8,13,68
24147,12,25,140
24148,10,20,104
24149,13,22,126
24150,5,11,68
24151,14,28,167
24152,13,31,181
24153,2,8,45
24154,7,16,89
24155,4,6,37
24156,6,9,45
24157,7,13,85
24158,4,12,82
24159,1,4,34
24160,17,41,246
24161,9,19,122
24162,3,10,67
24163,11,18,82
24164,11,24,142
24165,10,19,104
24166,17,38,197
24167,15,30,157
24168,9,17,114
24169,11,17,94
24170,9,17,82
24171,2,4,23
24172,8,15,92
24173,4,6,27
24174,17,28,145
24175,8,13,58
24176,4,11,72
24177,4,8,39
24178,14,27,139
24179,4,13,88
24180,12,23,108
24181,5,9,42
24182,6,16,122
24183,8,19,106
24184,3,7,48
24185,7,12,76
24186,5,9,42
24187,6,17,108
24188,22,42,253
24189,6,12,58
24190,3,9,52
24191,7,15,93
24192,11,21,114
24193,9,17,106
24194,11,15,71
24195,7,15,81
24196,3,4,18
24197,9,18,96
24198,5,9,50
24199,6,13,70
24200,26,45,240
24201,10,25,162
24202,5,10,42
24203,3,8,39
24204,14,23,111
24205,11,22,112
24206,16,26,134
24207,10,21,116
24208,15,37,208
24209,9,16,85
24210,5,12,61
24211,16,25,122
24212,5,12,83
24213,15,29,151
24214,4,11,82
24215,6,12,74
24216,10,19,93
24217,12,24,138
24218,16,27,151
24219,11,22,118
24220,20,39,234
24221,8,19,118
24222,2,6,39
24223,4,7,29
24224,5,15,85
24225,8,17,121
24226,6,11,52
24227,9,17,106
24228,6,10,56
24229,7,17,118
24230,10,15,68
24231,11,21,140
24232,5,15,100
24233,14,26,121
24234,6,16,106
24235,4,7,38
24236,9,19,110
24237,14,29,168
24238,4,9,49
24239,9,17,120
24240,11,16,85
24241,13,29,159
24242,16,32,166
24243,6,13,65
24244,15,26,137
24245,8,21,107
24246,7,18,99
24247,10,19,90
24248,20,37,201
24249,10,18,103
24250,3,7,38
24251,10,17,86
24252,9,15,75
24253,7,18,115
24254,16,29,154
24255,18,31,161
24256,6,10,61
24257,2,9,51
24258,7,14,76
24259,7,16,92
24260,10,17,73
24261,11,20,107
24262,24,44,227
24263,14,27,134
24264,3,11,60
24265,19,29,158
24266,8,13,69
24267,7,12,72
24268,7,14,86
24269,5,17,111
24270,6,12,59
24271,7,13,76
24272,13,25,174
24273,10,18,111
24274,7,11,51
24275,7,15,79
24276,2,5,41
24277,3,5,32
24278,9,22,155
24279,8,12,67
24280,1,4,33
24281,1,4,25
24282,5,10,58
24283,15,29,185
24284,15,28,163
24285,8,20,147
24286,12,28,194
24287,3,9,69
24288,11,18,124
24289,6,16,116
24290,0,3,40
24291,8,17,101
24292,13,24,135
24293,3,6,49
24294,10,19,118
24295,4,12,92
24296,5,11,77
24297,5,11,74
24298,8,20,150
24299,5,12,77
24300,11,20,126
24301,2,4,33
24302,7,20,131
24303,6,17,108
24304,13,25,152
24305,15,35,216
24306,4,9,75
24307,6,14,105
24308,9,16,96
24309,10,19,98
24310,16,33,217
24311,3,5,31
24312,4,10,84
24313,8,18,146
24314,8,14,102
24315,12,20,121
24316,5,12,80
24317,4,8,54
24318,16,33,200
24319,9,17,94
24320,12,24,151
24321,11,20,119
24322,15,24,155
24323,10,28,203
24324,25,54,338
24325,17,34,206
24326,14,31,180
24327,12,27,147
24328,9,27,177
24329,7,22,164
24330,11,29,181
24331,12,23,125
24332,9,21,134
24333,7,15,94
24334,5,13,105
24335,11,22,160
24336,5,12,74
24337,19,40,251
24338,2,8,60
24339,7,13,84
24340,22,44,302
24341,7,13,92
24342,4,12,78
24343,12,23,141
24344,4,11,68
24345,25,46,280
24346,5,12,90
24347,14,23,133
24348,5,13,98
24349,13,27,175
24350,20,50,324
24351,11,18,101
24352,3,5,32
24353,10,16,75
24354,14,31,208
24355,19,37,220
24356,8,15,92
24357,9,17,101
24358,11,24,141
24359,23,41,251
24360,4,11,78
24361,21,44,275
24362,7,18,145
24363,17,24,131
24364,17,31,182
24365,6,12,84
24366,6,12,68
24367,12,28,177
24368,3,6,40
24369,3,8,87
24370,17,41,294
24371,25,51,313
24372,7,15,90
24373,14,23,179
24374,11,24,150
24375,15,26,135
24376,5,10,60
24377,12,19,121
24378,13,19,99
24379,17,34,201
24380,13,30,186
24381,5,11,78
24382,9,15,71
24383,14,27,148
24384,6,12,62
24385,2,8,53
24386,12,31,222
24387,4,8,53
24388,3,7,50
24389,12,22,145
24390,6,8,35
24391,11,21,127
24392,5,11,70
24393,31,49,292
24394,9,19,105
24395,9,22,154
24396,21,41,254
24397,20,29,138
24398,29,51,303
24399,4,14,96
24400,14,31,181
24401,13,30,186
24402,3,9,63
24403,12,25,150
24404,16,38,261
24405,5,10,68
24406,21,38,229
24407,11,21,121
24408,4,8,43
24409,7,15,96
24410,12,24,129
24411,8,21,132
24412,8,15,97
24413,11,23,143
24414,8,14,71
24415,24,49,325
24416,20,45,275
24417,13,25,136
24418,9,20,143
24419,12,20,103
24420,8,14,84
24421,17,31,186
24422,6,12,70
24423,55,100,558
24424,20,50,345
24425,7,17,120
24426,6,10,57
24427,18,39,260
24428,12,24,144
24429,16,36,259
24430,19,34,199
24431,7,15,92
24432,13,26,159
24433,26,53,331
24434,51,89,542
24435,10,18,113
24436,13,22,121
24437,7,18,111
24438,3,11,93
24439,13,21,119
24440,10,21,136
24441,12,30,214
24442,10,24,155
24443,14,30,197
24444,6,23,171
24445,18,30,171
24446,9,19,97
24447,21,42,225
24448,4,9,71
24449,6,10,59
24450,12,23,125
24451,6,17,123
24452,19,35,209
24453,16,31,179
24454,25,43,258
24455,11,27,167
24456,18,37,236
24457,7,13,80
24458,1,6,32
24459,6,10,50
24460,7,17,107
24461,4,6,33
24462,12,24,173
24463,9,16,97
24464,15,29,175
24465,6,13,78
24466,14,28,192
24467,10,21,142
24468,1,5,28
24469,18,40,249
24470,12,22,123
24471,13,24,137
24472,10,21,139
24473,5,9,69
24474,9,21,110
24475,19,33,204
24476,11,21,138
24477,9,18,106
24478,23,51,312
24479,8,16,83
24480,21,43,267
24481,14,33,237
24482,8,17,117
24483,7,15,92
24484,16,34,182
24485,12,24,138
24486,5,9,70
24487,21,42,286
24488,2,12,115
24489,19,40,254
24490,26,51,322
24491,13,22,157
24492,16,39,272
24493,32,56,341
24494,17,47,352
24495,13,27,161
24496,16,35,219
24497,24,41,245
24498,12,19,123
24499,9,16,96
24500,34,60,340
24501,7,11,71
24502,15,25,139
24503,23,49,289
24504,19,37,220
24505,13,32,212
24506,12,29,202
24507,8,18,110
24508,14,31,196
24509,14,36,248
24510,3,8,53
24511,10,22,150
24512,12,23,140
24513,25,46,265
24514,6,11,71
24515,22,51,301
24516,27,58,386
24517,8,18,116
24518,8,26,204
24519,6,19,154
24520,23,44,280
24521,4,7,38
24522,26,50,288
24523,3,11,92
24524,19,32,181
24525,11,21,117
24526,12,18,99
24527,7,16,99
24528,12,26,162
24529,12,27,171
24530,7,16,100
24531,21,31,163
24532,16,28,158
24533,5,15,74
24534,6,15,91
24535,15,33,192
24536,19,30,184
24537,14,31,179
24538,10,19,114
24539,11,29,187
24540,11,25,160
24541,9,21,129
24542,10,16,77
24543,35,54,283
24544,0,0,2
24545,2,6,41
24546,9,13,74
24547,13,26,154
24548,2,6,35
24549,5,12,83
24550,14,28,189
24551,7,17,94
24552,3,5,25
24553,2,6,41
24554,9,20,135
24555,17,26,147
24556,4,12,76
24557,7,19,110
24558,8,21,128
24559,17,40,252
24560,8,17,106
24561,10,20,103
24562,6,13,89
24563,2,8,50
24564,4,7,33
24565,12,22,114
24566,18,35,214
24567,7,15,105
24568,8,20,124
24569,2,6,48
24570,13,27,196
24571,6,23,157
24572,22,36,199
24573,12,24,154
24574,9,18,113
24575,23,41,258
24576,7,16,110
24577,25,43,225
24578,7,13,91
24579,15,38,247
24580,13,22,127
24581,4,9,57
24582,5,11,78
24583,28,53,306
24584,4,6,30
24585,0,0,2
24586,4,11,71
24587,5,13,83
24588,23,42,229
24589,14,29,170
24590,5,15,109
24591,3,7,53
24592,9,15,77
24593,10,21,96
24594,10,26,161
24595,15,26,166
24596,7,13,69
24597,15,24,136
24598,5,8,41
24599,0,0,2
24600,4,8,50
24601,12,32,204
24602,17,38,227
24603,15,33,196
24604,6,17,103
24605,2,6,40
24606,3,7,38
24607,13,24,166
24608,2,6,49
24609,7,13,63
24610,1,2,17
24611,4,9,53
24612,0,0,3
24613,1,3,23
24614,13,40,258
24615,11,17,81
24616,12,22,133
24617,11,14,59
24618,5,11,66
24619,2,8,51
24620,8,15,82
24621,9,24,178
24622,16,30,176
24623,5,11,60
24624,26,57,337
24625,12,23,141
24626,11,26,166
24627,13,30,203
24628,16,29,172
24629,11,26,176
24630,8,18,113
24631,6,10,59
24632,4,12,91
24633,18,42,260
24634,16,26,143
24635,8,22,145
24636,9,16,83
24637,11,26,170
24638,15,34,201
24639,9,21,128
24640,14,30,202
24641,19,36,230
24642,14,21,116
24643,8,19,137
24644,5,17,91
24645,6,12,70
24646,11,27,185
24647,15,29,162
24648,20,46,281
24649,16,32,181
24650,11,24,160
24651,8,19,137
24652,7,13,72
24653,16,29,157
24654,17,32,203
24655,1,6,57
24656,11,24,141
24657,4,9,67
24658,19,39,281
24659,31,61,403
24660,11,22,168
24661,4,6,33
24662,7,15,82
24663,22,52,327
24664,6,10,59
24665,19,46,303
24666,2,5,38
24667,9,23,137
24668,11,23,154
24669,7,19,135
24670,8,22,164
24671,4,11,86
24672,14,30,186
24673,8,14,88
24674,7,16,112
24675,9,21,128
24676,12,28,167
24677,5,12,75
24678,8,20,125
24679,2,4,26
24680,15,31,183
24681,2,9,73
24682,8,16,112
24683,11,32,225
24684,5,9,50
24685,9,17,115
24686,15,26,186
24687,10,23,150
24688,13,32,201
24689,13,26,151
24690,7,19,122
24691,14,24,126
24692,4,11,67
24693,15,33,207
24694,16,31,186
24695,14,28,160
24696,16,28,178
24697,10,21,119
24698,17,33,184
24699,4,9,52
24700,8,23,155
24701,8,19,118
24702,21,35,201
24703,8,17,109
24704,14,29,170
24705,7,17,127
24706,9,22,146
24707,14,30,190
24708,8,19,110
24709,11,30,217
24710,5,12,70
24711,6,12,75
24712,17,35,187
24713,3,5,30
24714,2,6,33
24715,19,34,178
24716,4,5,26
24717,2,4,24
24718,8,21,127
24719,12,22,122
24720,3,8,62
24721,13,24,128
24722,14,40,291
24723,18,34,196
24724,19,45,268
24725,4,9,58
24726,6,8,45
24727,6,10,57
24728,7,12,73
24729,9,11,60
24730,7,9,37
24731,7,14,83
24732,13,17,102
24733,4,6,31
24734,1,3,19
24735,6,12,71
24736,4,8,49
24737,11,23,124
24738,10,24,146
24739,5,15,91
24740,1,5,26
24741,8,19,111
24742,7,11,63
24743,3,9,59
24744,4,5,35
24745,2,3,13
24746,0,1,11
24747,9,20,107
24748,11,15,87
24749,7,12,70
24750,1,5,33
24751,0,1,11
24752,0,1,8
24753,9,14,76
24754,1,2,9
24755,1,2,17
24756,1,2,9
24757,9,12,63
24758,8,12,65
24759,2,3,18
24760,9,12,68
24761,3,7,36
24762,5,10,62
24763,10,20,119
24764,6,17,111
24765,0,1,9
24766,6,9,54
24767,0,1,11
24768,6,8,36
24769,3,5,28
24770,19,31,193
24771,3,9,59
24772,5,9,56
24773,3,5,30
24774,1,4,38
24775,32,62,379
24776,16,28,166
24777,9,18,109
24778,6,15,103
24779,6,8,55
24780,1,5,35
24781,4,5,28
24782,9,12,68
24783,5,10,54
24784,4,8,48
24785,8,14,79
24786,17,48,304
24787,17,43,292
24788,8,21,117
24789,14,25,140
24790,4,13,69
24791,11,21,101
24792,14,22,115
24793,15,23,132
24794,2,5,27
24795,7,14,88
24796,12,30,192
24797,20,43,233
24798,7,14,78
24799,14,32,183
24800,7,18,116
24801,8,17,117
24802,15,35,209
24803,7,19,109
24804,27,55,327
24805,12,24,144
24806,7,12,61
24807,8,14,101
24808,6,16,99
24809,19,37,223
24810,3,10,63
24811,12,29,190
24812,9,16,80
24813,3,5,40
24814,13,21,102
24815,3,3,19
24816,4,8,58
24817,5,7,34
24818,1,2,14
24819,11,16,75
24820,2,4,22
24821,9,21,113
24822,5,13,83
24823,10,17,83
24824,1,4,38
24825,12,21,116
24826,12,26,164
24827,6,7,39
24828,12,21,137
24829,10,21,124
24830,13,25,156
24831,4,7,50
24832,2,4,21
24833,5,6,26
24834,3,4,27
24835,2,3,13
24836,0,2,18
24837,1,3,22
24838,5,8,57
24839,6,12,57
24840,3,4,18
24841,2,7,39
24842,3,6,31
24843,2,5,28
24844,20,36,215
24845,10,21,131
24846,11,27,173
24847,6,11,59
24848,4,7,32
24849,3,10,62
24850,11,23,156
24851,2,7,44
24852,3,10,84
24853,8,21,141
24854,16,34,215
24855,11,25,174
24856,20,36,177
24857,14,26,138
24858,12,22,124
24859,14,28,146
24860,21,43,275
24861,5,10,63
24862,10,25,154
24863,12,23,131
24864,7,15,86
24865,15,31,170
24866,12,28,162
24867,6,14,79
24868,6,13,71
24869,13,25,161
24870,6,17,98
24871,7,15,91
24872,1,7,44
24873,2,10,65
24874,6,10,52
24875,6,20,148
24876,18,32,166
24877,4,10,68
24878,3,11,86
24879,12,23,147
24880,5,9,50
24881,5,8,50
24882,14,32,216
24883,6,10,61
24884,2,8,61
24885,2,8,74
24886,7,13,65
24887,2,7,49
24888,6,10,55
24889,3,8,54
24890,8,15,75
24891,11,20,135
24892,7,13,89
24893,7,16,103
24894,5,12,80
24895,7,12,60
24896,2,5,37
24897,13,24,138
24898,11,16,104
24899,8,13,68
24900,3,11,70
24901,16,55,388
24902,13,29,165
24903,16,27,168
24904,6,16,103
24905,6,13,70
24906,12,25,143
24907,8,15,82
24908,6,14,88
24909,18,36,218
24910,6,15,124
24911,5,12,66
24912,6,13,88
24913,12,17,83
24914,17,30,159
24915,6,17,90
24916,4,9,58
24917,2,5,31
24918,11,26,135
24919,2,4,19
24920,6,17,129
24921,12,25,124
24922,4,14,100
24923,13,26,146
24924,7,13,71
24925,6,14,95
24926,11,24,129
24927,9,20,117
24928,21,37,202
24929,9,23,127
24930,7,22,142
24931,16,42,268
24932,12,30,194
24933,12,22,143
24934,18,37,203
24935,19,34,194
24936,6,15,87
24937,7,13,79
24938,9,18,93
24939,11,27,184
24940,17,40,232
24941,6,17,110
24942,6,20,146
24943,6,18,110
24944,11,24,136
24945,8,20,113
24946,5,12,71
24947,6,16,112
24948,19,33,193
24949,12,19,111
24950,13,22,113
24951,17,31,174
24952,10,17,93
24953,16,30,193
24954,7,20,142
24955,23,50,289
24956,14,28,207
24957,12,23,143
24958,24,37,205
24959,13,23,142
24960,20,38,228
24961,17,30,170
24962,19,31,182
24963,8,17,109
24964,12,24,167
24965,3,6,45
24966,5,10,53
24967,1,4,27
24968,13,20,100
24969,9,15,67
24970,1,3,22
24971,19,37,218
24972,39,72,419
24973,22,38,221
24974,9,18,87
24975,17,31,165
24976,15,26,152
24977,6,13,62
24978,5,8,37
24979,4,5,22
24980,18,28,149
24981,7,13,77
24982,2,2,11
24983,5,6,27
24984,5,8,45
24985,9,15,94
24986,6,10,52
24987,5,8,40
24988,3,7,42
24989,7,14,73
24990,14,24,130
24991,7,12,63
24992,5,8,44
24993,1,2,13
24994,2,3,17
24995,25,39,218
24996,5,11,76
24997,16,32,184
24998,18,46,303
24999,19,33,183
25000,7,14,70
25001,7,17,101
25002,11,24,162
25003,18,30,186
25004,18,41,252
25005,38,69,361
25006,6,13,83
25007,22,40,248
25008,24,48,287
25009,33,57,352
25010,22,39,239
25011,11,24,157
25012,13,27,163
25013,13,28,185
25014,25,47,251
25015,30,51,278
25016,23,36,193
25017,2,9,73
25018,10,19,107
25019,0,0,3
25020,3,9,67
25021,24,41,243
25022,12,30,200
25023,24,48,307
25024,16,27,145
25025,8,19,137
25026,7,15,107
25027,14,32,207
25028,10,21,136
25029,11,24,173
25030,6,12,69
25031,29,50,270
25032,11,23,128
25033,10,19,107
25034,14,31,177
25035,14,25,161
25036,8,18,107
25037,18,35,208
25038,7,10,72
25039,7,14,87
25040,15,31,189
25041,5,11,74
25042,6,14,93
25043,7,18,119
25044,7,14,76
25045,19,45,292
25046,7,17,110
25047,6,13,88
25048,5,19,131
25049,13,23,137
25050,2,8,48
25051,4,11,65
25052,32,60,343
25053,4,7,54
25054,7,16,95
25055,10,25,169
25056,6,15,83
25057,13,34,243
25058,14,27,163
25059,5,17,114
25060,8,19,118
25061,12,30,196
25062,4,7,52
25063,6,14,81
25064,20,36,211
25065,3,6,31
25066,16,27,147
25067,13,28,185
25068,20,37,218
25069,10,17,115
25070,5,18,116
25071,10,29,186
25072,2,8,52
25073,5,14,87
25074,12,31,174
25075,7,13,79
25076,17,31,160
25077,5,14,85
25078,6,19,110
25079,16,29,163
25080,7,24,139
25081,8,19,115
25082,10,19,124
25083,5,9,47
25084,11,29,169
25085,2,5,41
25086,7,15,98
25087,17,35,206
25088,27,50,269
25089,19,36,192
25090,10,27,192
25091,7,19,103
25092,6,14,76
25093,2,3,13
25094,7,18,114
25095,8,14,76
25096,11,25,130
25097,8,13,70
25098,8,19,126
25099,0,1,7
25100,0,1,11
25101,0,2,18
25102,3,8,51
25103,2,5,54
25104,5,10,51
25105,11,20,100
25106,10,21,108
25107,2,4,25
25108,3,8,46
25109,2,4,24
25110,18,36,210
25111,9,23,116
25112,3,8,47
25113,8,24,155
25114,8,19,112
25115,8,12,54
25116,5,11,74
25117,5,10,71
25118,9,21,119
25119,3,7,41
25120,6,18,111
25121,5,16,120
25122,30,67,443
25123,6,15,111
25124,10,19,128
25125,5,9,44
25126,15,35,195
25127,2,7,42
25128,2,11,75
25129,8,13,70
25130,8,18,104
25131,10,30,201
25132,7,14,86
25133,26,54,377
25134,18,39,237
25135,6,14,84
25136,1,8,60
25137,10,27,155
25138,3,8,44
25139,13,35,213
25140,1,5,36
25141,16,27,134
25142,16,30,157
25143,8,15,78
25144,6,14,71
25145,5,8,39
25146,8,16,101
25147,6,11,58
25148,14,27,138
25149,9,21,132
25150,14,23,120
25151,9,13,65
25152,4,6,32
25153,26,50,273
25154,2,4,27
25155,13,23,125
25156,7,16,83
25157,10,18,99
25158,11,23,141
25159,17,35,215
25160,4,9,57
25161,8,15,85
25162,5,7,37
25163,9,21,137
25164,5,11,63
25165,4,9,43
25166,3,3,15
25167,5,11,48
25168,3,5,23
25169,3,5,33
25170,2,2,21
25171,6,13,70
25172,8,16,97
25173,5,8,41
25174,6,19,122
25175,10,16,74
25176,8,27,211
25177,15,29,168
25178,12,24,130
25179,3,6,32
25180,13,27,174
25181,5,12,82
25182,15,30,189
25183,6,14,83
25184,3,6,40
25185,9,24,158
25186,4,8,47
25187,16,33,190
25188,13,32,183
25189,20,33,165
25190,17,31,175
25191,11,24,138
25192,13,25,143
25193,4,10,80
25194,12,27,196
25195,27,46,269
25196,5,12,80
25197,17,34,206
25198,11,17,96
25199,19,33,198
25200,3,4,25
25201,10,19,117
25202,7,15,89
25203,18,35,209
25204,2,5,33
25205,10,19,119
25206,8,17,102
25207,10,21,129
25208,5,10,61
25209,6,12,68
25210,7,13,74
25211,5,12,73
25212,4,9,56
25213,2,9,53
25214,13,26,146
25215,17,33,202
25216,8,20,132
25217,14,29,170
25218,10,18,101
25219,7,20,120
25220,13,23,136
25221,5,13,91
25222,15,28,167
25223,17,38,232
25224,3,7,40
25225,19,35,180
25226,5,9,51
25227,7,16,92
25228,7,13,59
25229,13,31,177
25230,5,11,68
25231,6,10,46
25232,3,4,18
25233,12,25,146
25234,14,34,224
25235,14,26,145
25236,5,13,84
25237,6,12,70
25238,6,12,88
25239,6,10,57
25240,9,21,122
25241,4,8,49
25242,14,28,169
25243,11,17,95
25244,12,26,167
25245,22,39,254
25246,26,58,358
25247,5,10,52
25248,20,35,192
25249,12,24,142
25250,9,28,207
25251,16,34,201
25252,6,18,107
25253,18,37,206
25254,6,12,72
25255,15,33,199
25256,1,4,31
25257,13,24,145
25258,4,8,58
25259,2,5,24
25260,5,13,76
25261,9,19,118
25262,7,14,85
25263,19,41,266
25264,7,24,166
25265,7,17,105
25266,18,42,276
25267,1,3,22
25268,11,23,132
25269,16,29,166
25270,18,32,156
25271,11,24,154
25272,7,15,90
25273,2,6,51
25274,11,20,98
25275,5,9,47
25276,20,46,304
25277,6,16,108
25278,14,36,238
25279,10,16,81
25280,3,8,57
25281,22,46,287
25282,14,28,170
25283,8,16,91
25284,32,53,300
25285,1,3,22
25286,7,16,111
25287,6,14,78
25288,18,29,155
25289,7,14,64
25290,11,16,80
25291,15,29,159
25292,10,18,94
25293,6,16,97
25294,26,46,253
25295,14,33,192
25296,6,9,47
25297,13,24,152
25298,12,25,150
25299,6,10,52
25300,22,40,213
25301,4,6,35
25302,17,35,225
25303,18,33,194
25304,23,42,244
25305,5,17,133
25306,13,23,118
25307,13,32,187
25308,0,0,1
25309,0,0,3
25310,22,42,225
25311,13,24,149
25312,13,26,154
25313,7,12,76
25314,7,15,121
25315,2,7,45
25316,1,2,13
25317,21,41,222
25318,7,17,122
25319,9,20,136
25320,17,35,202
25321,4,10,77
25322,23,47,261
25323,13,22,123
25324,10,19,98
25325,24,44,233
25326,25,53,303
25327,8,22,139
25328,5,13,95
25329,4,11,85
25330,10,22,166
25331,16,36,225
25332,4,12,97
25333,7,14,97
25334,7,18,118
25335,3,7,33
25336,29,52,290
25337,16,27,156
25338,5,11,78
25339,12,25,136
25340,14,28,174
25341,14,32,192
25342,5,14,95
25343,14,26,146
25344,7,13,83
25345,9,21,126
25346,15,28,157
25347,11,19,132
25348,3,7,41
25349,10,17,91
25350,10,20,109
25351,2,3,19
25352,25,45,265
25353,14,27,147
25354,14,22,107
25355,16,33,197
25356,4,8,53
25357,6,12,68
25358,12,21,145
25359,11,18,92
25360,9,23,158
25361,16,31,205
25362,7,14,79
25363,4,11,57
25364,7,16,85
25365,7,16,100
25366,8,19,121
25367,11,20,126
25368,3,5,28
25369,6,13,68
25370,7,17,97
25371,9,16,90
25372,2,8,56
25373,34,65,394
25374,11,22,158
25375,17,32,166
25376,7,17,94
25377,16,38,223
25378,10,23,165
25379,16,25,132
25380,15,32,217
25381,22,41,218
25382,9,29,187
25383,2,5,36
25384,7,14,100
25385,12,18,102
25386,5,8,43
25387,17,36,220
25388,9,18,123
25389,8,24,177
25390,9,19,125
25391,4,12,76
25392,3,7,53
25393,11,22,132
25394,4,11,64
25395,9,17,111
25396,12,24,146
25397,4,11,64
25398,10,21,121
25399,6,14,91
25400,0,3,28
25401,31,56,334
25402,9,16,92
25403,12,23,150
25404,17,34,196
25405,21,39,217
25406,5,10,51
25407,3,7,41
25408,4,7,48
25409,6,13,89
25410,8,13,74
25411,8,18,127
25412,6,12,77
25413,3,8,62
25414,5,13,80
25415,6,11,70
25416,4,11,84
25417,19,33,191
25418,0,0,3
25419,25,39,205
25420,0,0,3
25421,6,9,43
25422,0,0,3
25423,7,16,95
25424,1,4,28
25425,10,20,114
25426,19,35,189
25427,2,6,33
25428,15,32,206
25429,20,38,191
25430,5,8,46
25431,5,12,71
25432,14,26,144
25433,3,9,57
25434,10,21,101
25435,7,12,59
25436,7,16,82
25437,11,20,122
25438,8,14,77
25439,9,18,97
25440,4,7,45
25441,4,7,41
25442,3,7,40
25443,4,7,38
25444,6,13,77
25445,1,5,27
25446,15,28,152
25447,6,16,85
25448,12,21,119
25449,7,16,98
25450,5,12,83
25451,11,22,131
25452,4,8,40
25453,7,14,76
25454,3,10,76
25455,7,10,51
25456,7,13,65
25457,0,2,15
25458,2,4,30
25459,5,8,45
25460,3,4,19
25461,1,3,19
25462,3,5,25
25463,5,8,36
25464,2,5,27
25465,9,16,74
25466,2,4,29
25467,8,27,205
25468,7,14,90
25469,1,4,32
25470,4,12,75
25471,3,10,83
25472,4,7,42
25473,6,12,76
25474,30,52,268
25475,12,20,107
25476,13,30,165
25477,15,28,167
25478,16,28,158
25479,6,12,84
25480,19,33,181
25481,17,32,200
25482,8,17,95
25483,6,9,59
25484,21,39,213
25485,12,22,128
25486,3,7,42
25487,8,15,86
25488,14,28,159
25489,9,20,114
25490,4,7,39
25491,8,17,86
25492,4,9,50
25493,3,8,55
25494,6,18,119
25495,0,3,30
25496,8,16,88
25497,5,7,34
25498,5,7,34
25499,0,0,4
25500,13,25,144
25501,22,46,277
25502,13,22,123
25503,4,8,44
25504,5,12,65
25505,14,30,184
25506,30,58,315
25507,17,29,146
25508,4,5,24
25509,4,9,44
25510,8,17,98
25511,4,7,34
25512,28,52,293
25513,4,10,53
25514,13,23,126
25515,13,22,119
25516,8,17,106
25517,2,6,31
25518,2,4,27
25519,7,15,88
25520,7,12,63
25521,4,9,47
25522,7,13,72
25523,1,5,38
25524,5,11,62
25525,3,7,51
25526,12,19,101
25527,26,43,252
25528,9,23,135
25529,9,19,110
25530,11,22,111
25531,20,36,191
25532,17,45,256
25533,6,12,59
25534,9,22,132
25535,10,27,168
25536,9,18,101
25537,8,13,74
25538,8,17,82
25539,20,35,176
25540,7,14,74
25541,17,28,142
25542,7,15,84
25543,6,16,113
25544,7,15,80
25545,10,21,116
25546,17,23,116
25547,18,29,154
25548,9,18,87
25549,23,40,223
25550,19,32,167
25551,7,13,64
25552,6,11,72
25553,5,8,49
25554,7,16,100
25555,5,9,42
25556,8,15,83
25557,5,10,54
25558,5,8,61
25559,10,16,80
25560,4,7,38
25561,8,14,72
25562,9,18,91
25563,3,6,35
25564,11,21,116
25565,6,11,69
25566,11,21,108
25567,14,25,144
25568,7,14,93
25569,4,8,47
25570,16,24,126
25571,5,10,61
25572,9,15,87
25573,6,14,89
25574,9,15,84
25575,15,29,176
25576,14,27,142
25577,11,18,91
25578,13,24,126
25579,11,17,86
25580,16,27,148
25581,5,9,53
25582,25,43,236
25583,31,51,270
25584,15,28,179
25585,3,8,51
25586,4,8,48
25587,6,13,74
25588,4,6,36
25589,2,7,46
25590,7,12,68
25591,8,12,62
25592,13,18,99
25593,3,7,39
25594,7,12,84
25595,15,31,167
25596,9,24,152
25597,9,17,115
25598,8,19,120
25599,5,13,69
25600,19,32,195
25601,3,6,30
25602,15,30,160
25603,3,9,59
25604,19,34,215
25605,6,10,54
25606,11,16,77
25607,17,33,214
25608,7,13,73
25609,3,4,24
25610,3,7,46
25611,8,20,122
25612,15,27,186
25613,6,15,84
25614,1,6,44
25615,6,12,74
25616,7,12,58
25617,8,18,117
25618,9,20,123
25619,9,16,103
25620,15,30,186
25621,14,27,168
25622,15,31,187
25623,8,23,160
25624,16,37,215
25625,4,10,78
25626,12,20,121
25627,4,12,74
25628,7,13,70
25629,5,8,48
25630,16,32,174
25631,21,35,186
25632,8,19,114
25633,10,24,138
25634,4,9,42
25635,11,23,154
25636,5,8,35
25637,21,41,184
25638,24,41,191
25639,6,8,49
25640,4,7,41
25641,3,5,31
25642,8,14,81
25643,4,10,66
25644,13,25,159
25645,21,36,196
25646,15,27,162
25647,5,11,69
25648,6,10,56
25649,13,21,112
25650,11,27,157
25651,0,2,14
25652,2,3,15
25653,18,28,149
25654,6,14,75
25655,8,16,100
25656,3,7,47
25657,8,18,112
25658,19,36,185
25659,8,18,110
25660,17,30,167
25661,18,37,214
25662,12,21,125
25663,2,9,65
25664,5,13,95
25665,3,13,85
25666,1,3,19
25667,3,9,57
25668,13,24,165
25669,7,17,107
25670,16,33,203
25671,12,24,132
25672,5,10,64
25673,9,17,97
25674,11,20,108
25675,22,39,228
25676,8,14,86
25677,12,17,89
25678,11,22,124
25679,14,24,131
25680,19,40,246
25681,7,14,80
25682,3,6,38
25683,1,6,44
25684,6,11,71
25685,14,23,115
25686,5,14,90
25687,12,21,122
25688,9,17,101
25689,18,37,217
25690,10,20,124
25691,17,35,197
25692,11,20,108
25693,8,20,120
25694,12,27,153
25695,8,19,98
25696,1,2,12
25697,31,54,285
25698,17,26,122
25699,18,30,164
25700,11,22,134
25701,6,13,83
25702,12,27,142
25703,8,18,110
25704,24,41,227
25705,22,41,241
25706,18,32,183
25707,14,22,128
25708,16,28,165
25709,12,28,201
25710,16,32,219
25711,8,14,89
25712,16,32,180
25713,9,19,123
25714,3,11,72
25715,17,33,189
25716,14,31,190
25717,7,12,69
25718,16,31,171
25719,26,51,282
25720,10,24,135
25721,10,22,133
25722,4,11,67
25723,6,12,61
25724,9,20,125
25725,1,3,17
25726,13,28,176
25727,6,12,70
25728,13,27,139
25729,4,10,67
25730,18,33,181
25731,10,21,132
25732,2,8,57
25733,17,31,182
25734,12,28,191
25735,13,27,163
25736,11,28,188
25737,28,52,310
25738,20,43,291
25739,16,27,150
25740,18,36,208
25741,11,18,109
25742,10,18,103
25743,8,15,79
25744,9,24,141
25745,10,16,90
25746,10,19,124
25747,12,27,185
25748,8,18,143
25749,4,11,73
25750,7,17,103
25751,10,36,281
25752,27,53,355
25753,8,15,107
25754,8,17,115
25755,12,27,182
25756,8,14,115
25757,11,19,112
25758,12,27,181
25759,17,39,274
25760,4,10,77
25761,8,16,111
25762,12,35,325
25763,4,9,69
25764,12,23,148
25765,11,24,159
25766,14,26,152
25767,2,7,48
25768,7,10,66
25769,9,18,112
25770,16,32,225
25771,11,23,158
25772,25,40,237
25773,6,15,112
25774,10,24,168
25775,3,9,64
25776,12,25,172
25777,8,19,143
25778,6,14,106
25779,10,22,139
25780,13,24,141
25781,9,19,117
25782,9,19,111
25783,11,33,245
25784,17,39,234
25785,6,11,85
25786,3,5,33
25787,13,23,137
25788,15,27,156
25789,16,33,229
25790,10,26,183
25791,24,44,268
25792,8,22,145
25793,4,8,61
25794,13,25,162
25795,10,24,172
25796,15,28,167
25797,13,29,195
25798,15,37,244
25799,6,15,108
25800,13,27,183
25801,9,20,129
25802,30,61,407
25803,26,53,355
25804,10,20,158
25805,11,20,124
25806,12,25,152
25807,4,8,50
25808,12,22,127
25809,4,9,60
25810,10,19,130
25811,9,21,124
25812,7,18,120
25813,7,12,73
25814,5,14,87
25815,7,12,66
25816,14,28,170
25817,14,31,176
25818,5,15,114
25819,3,6,41
25820,4,16,128
25821,11,27,192
25822,8,16,108
25823,24,44,288
25824,17,35,234
25825,16,31,213
25826,6,12,89
25827,9,16,114
25828,8,23,171
25829,10,35,320
25830,34,69,458
25831,7,17,132
25832,12,24,147
25833,3,5,35
25834,7,16,104
25835,9,23,148
25836,20,42,256
25837,15,28,149
25838,16,31,195
25839,18,36,210
25840,7,17,122
25841,8,18,97
25842,7,20,127
25843,5,11,75
25844,10,20,107
25845,3,8,51
25846,7,15,85
25847,15,31,187
25848,12,23,139
25849,1,5,31
25850,20,40,251
25851,11,28,193
25852,16,34,220
25853,12,23,133
25854,28,53,316
25855,18,31,185
25856,17,30,170
25857,23,36,198
25858,16,28,158
25859,16,34,248
25860,13,26,143
25861,12,25,136
25862,9,21,160
25863,11,25,149
25864,17,37,223
25865,11,26,152
25866,16,42,282
25867,10,24,159
25868,19,37,199
25869,26,50,301
25870,6,12,79
25871,27,47,274
25872,12,24,128
25873,11,20,118
25874,21,43,255
25875,16,27,144
25876,5,14,93
25877,14,22,116
25878,3,6,41
25879,22,50,289
25880,7,17,106
25881,28,55,345
25882,8,16,115
25883,22,41,213
25884,15,31,195
25885,27,58,341
25886,20,36,208
25887,7,18,124
25888,6,13,71
25889,6,13,80
25890,6,10,55
25891,9,22,147
25892,12,22,127
25893,12,21,128
25894,18,36,226
25895,9,18,116
25896,17,34,214
25897,2,4,27
25898,17,28,184
25899,25,51,325
25900,7,17,109
25901,17,43,299
25902,7,17,103
25903,14,26,169
25904,5,14,101
25905,11,24,148
25906,27,52,287
25907,25,47,269
25908,11,16,72
25909,25,38,196
25910,13,26,153
25911,27,49,259
25912,34,62,358
25913,47,100,624
25914,13,21,113
25915,4,9,55
25916,14,25,149
25917,12,22,130
25918,41,65,382
25919,25,46,286
25920,20,41,267
25921,2,5,45
25922,36,65,380
25923,31,57,335
25924,29,56,341
25925,23,46,275
25926,11,22,128
25927,28,43,217
25928,31,59,349
25929,5,8,40
25930,10,20,115
25931,8,14,81
25932,3,9,58
25933,24,46,293
25934,13,28,181
25935,14,32,206
25936,21,39,219
25937,24,46,258
25938,12,28,186
25939,26,56,335
25940,21,44,294
25941,25,43,251
25942,18,35,199
25943,41,88,553
25944,33,55,292
25945,13,23,129
25946,29,57,366
25947,5,9,43
25948,22,47,271
25949,44,89,519
25950,49,99,545
25951,18,42,261
25952,11,27,142
25953,17,31,185
25954,34,64,359
25955,19,38,208
25956,15,25,127
25957,6,17,95
25958,4,6,30
25959,16,26,128
25960,12,18,93
25961,14,20,93
25962,8,14,70
25963,24,36,196
25964,7,14,88
25965,18,38,205
25966,10,20,92
25967,8,17,94
25968,2,7,38
25969,12,28,158
25970,18,26,123
25971,2,5,30
25972,12,19,104
25973,11,19,109
25974,19,38,198
25975,2,6,36
25976,5,9,52
25977,6,13,66
25978,5,11,64
25979,2,4,24
25980,14,24,126
25981,10,21,108
25982,5,11,65
25983,7,14,71
25984,5,9,43
25985,2,5,27
25986,7,14,71
25987,17,27,142
25988,9,17,98
25989,6,11,53
25990,4,7,39
25991,3,9,50
25992,8,16,88
25993,12,18,84
25994,5,8,37
25995,5,14,80
25996,7,16,94
25997,13,24,119
25998,6,9,45
25999,5,14,94
26000,7,20,125
26001,19,31,157
26002,7,13,74
26003,5,9,49
26004,4,6,29
26005,5,12,70
26006,4,7,38
26007,5,11,58
26008,7,13,80
26009,5,12,60
26010,11,20,100
26011,0,4,30
26012,5,12,67
26013,0,1,10
26014,2,3,16
26015,5,11,61
26016,5,14,83
26017,7,11,58
26018,6,12,61
26019,26,46,243
26020,7,11,46
26021,8,14,76
26022,8,22,138
26023,3,4,32
26024,12,27,164
26025,4,8,45
26026,8,15,88
26027,6,10,45
26028,7,11,58
26029,10,16,89
26030,22,39,198
26031,8,17,92
26032,6,11,55
26033,13,24,129
26034,22,38,197
26035,19,36,189
26036,5,10,67
26037,10,18,97
26038,2,6,34
26039,18,31,173
26040,5,11,64
26041,11,23,120
26042,5,12,67
26043,4,11,52
26044,11,18,90
26045,17,40,220
26046,8,15,95
26047,3,6,29
26048,11,15,68
26049,6,12,53
26050,10,17,84
26051,4,8,44
26052,5,14,67
26053,10,19,106
26054,3,7,45
26055,14,26,136
26056,3,5,30
26057,5,9,40
26058,12,25,128
26059,14,22,116
26060,6,10,51
26061,14,24,140
26062,5,10,63
26063,7,15,108
26064,24,36,171
26065,8,16,83
26066,10,21,117
26067,16,30,136
26068,4,11,63
26069,15,25,116
26070,15,33,200
26071,7,16,88
26072,16,33,171
26073,13,23,129
26074,13,22,120
26075,14,28,162
26076,10,20,125
26077,21,44,285
26078,13,23,177
26079,5,10,67
26080,7,14,98
26081,8,15,104
26082,12,27,167
26083,19,41,266
26084,18,35,256
26085,9,20,127
26086,33,63,398
26087,14,23,119
26088,13,23,162
26089,18,39,268
26090,8,13,65
26091,16,36,246
26092,18,35,205
26093,8,20,144
26094,6,15,105
26095,5,14,112
26096,4,36,262
26097,9,18,99
26098,4,10,53
26099,13,27,157
26100,11,28,207
26101,13,28,183
26102,8,17,127
26103,18,37,226
26104,10,23,136
26105,4,10,67
26106,16,35,260
26107,5,15,98
26108,9,18,134
26109,17,36,232
26110,9,18,115
26111,20,37,238
26112,19,41,306
26113,13,35,226
26114,6,17,136
26115,13,35,224
26116,3,6,38
26117,4,9,64
26118,7,18,141
26119,9,17,101
26120,19,42,269
26121,6,12,86
26122,12,22,133
26123,15,32,206
26124,18,33,201
26125,11,17,124
26126,12,26,161
26127,11,26,177
26128,11,22,130
26129,13,26,159
26130,10,19,149
26131,4,9,62
26132,16,32,217
26133,15,30,219
26134,4,9,57
26135,16,30,180
26136,19,34,201
26137,12,24,155
26138,6,17,107
26139,16,38,249
26140,9,24,165
26141,10,21,151
26142,4,7,39
26143,6,14,80
26144,6,12,69
26145,9,21,128
26146,12,24,147
26147,14,26,137
26148,22,39,201
26149,9,21,115
26150,5,10,64
26151,12,23,135
26152,8,17,124
26153,10,19,145
26154,14,26,199
26155,10,22,127
26156,8,14,87
26157,10,19,122
26158,2,7,46
26159,5,13,78
26160,3,8,51
26161,12,26,145
26162,13,29,159
26163,29,71,465
26164,7,16,89
26165,13,24,141
26166,15,33,203
26167,18,39,251
26168,25,56,364
26169,5,17,117
26170,17,37,262
26171,6,14,89
26172,4,13,88
26173,4,15,110
26174,4,12,74
26175,23,47,281
26176,9,17,84
26177,8,19,119
26178,4,13,88
26179,3,12,67
26180,14,32,198
26181,9,23,149
26182,10,23,127
26183,2,2,12
26184,4,10,72
26185,8,14,87
26186,5,10,46
26187,5,9,49
26188,2,7,48
26189,13,31,198
26190,3,5,28
26191,7,16,130
26192,14,27,145
26193,10,21,135
26194,9,19,112
26195,17,32,179
26196,18,41,292
26197,10,17,104
26198,10,21,135
26199,4,6,42
26200,8,16,95
26201,4,11,83
26202,4,7,46
26203,3,9,103
26204,7,27,188
26205,15,37,233
26206,18,40,240
26207,13,27,169
26208,0,3,21
26209,7,20,130
26210,10,25,161
26211,15,34,219
26212,16,36,219
26213,8,23,169
26214,18,35,216
26215,12,26,171
26216,7,18,134
26217,7,15,101
26218,13,33,228
26219,10,19,112
26220,19,40,239
26221,12,29,176
26222,13,27,148
26223,18,41,235
26224,7,19,132
26225,15,31,223
26226,13,33,217
26227,13,26,157
26228,10,25,173
26229,11,20,110
26230,5,8,45
26231,16,37,257
26232,24,56,383
26233,13,27,184
26234,11,27,164
26235,12,26,171
26236,10,21,121
26237,22,55,359
26238,17,42,293
26239,12,31,226
26240,5,12,66
26241,4,6,31
26242,8,17,100
26243,10,25,169
26244,7,21,135
26245,11,23,141
26246,9,18,107
26247,6,13,73
26248,10,20,101
26249,10,19,98
26250,11,19,102
26251,3,11,73
26252,10,20,116
26253,4,7,42
26254,10,22,124
26255,8,17,94
26256,9,16,93
26257,7,12,68
26258,6,11,50
26259,3,5,31
26260,12,24,137
26261,12,21,134
26262,10,22,126
26263,6,15,99
26264,5,9,53
26265,4,9,48
26266,6,14,80
26267,7,16,102
26268,7,12,62
26269,11,20,110
26270,3,6,39
26271,14,23,118
26272,5,12,79
26273,8,15,80
26274,5,13,69
26275,18,32,181
26276,4,9,51
26277,15,36,227
26278,4,13,81
26279,8,17,118
26280,4,12,71
26281,8,16,79
26282,2,5,39
26283,5,12,81
26284,10,22,138
26285,8,13,68
26286,6,14,89
26287,6,14,91
26288,6,10,51
26289,7,17,100
26290,8,19,128
26291,6,14,79
26292,12,23,122
26293,8,15,81
26294,12,23,133
26295,5,13,82
26296,20,39,232
26297,3,8,61
26298,9,19,105
26299,9,18,111
26300,6,17,106
26301,14,24,136
26302,1,6,37
26303,8,17,112
26304,9,23,164
26305,5,10,78
26306,11,24,138
26307,8,17,124
26308,8,16,107
26309,14,29,176
26310,22,43,268
26311,25,43,231
26312,18,31,185
26313,14,23,132
26314,5,10,64
26315,9,17,99
26316,14,29,190
26317,11,24,175
26318,12,26,173
26319,12,26,157
26320,3,6,44
26321,7,12,74
26322,5,10,71
26323,6,10,57
26324,14,37,303
26325,11,29,175
26326,17,32,195
26327,3,6,34
26328,10,20,126
26329,14,28,158
26330,9,18,103
26331,10,22,127
26332,8,19,106
26333,12,29,174
26334,14,30,197
26335,17,32,177
26336,8,18,105
26337,16,28,163
26338,8,18,93
26339,7,19,104
26340,19,29,157
26341,6,12,74
26342,3,8,46
26343,6,17,123
26344,13,31,197
26345,7,17,117
26346,11,26,154
26347,14,32,213
26348,8,15,93
26349,4,11,76
26350,6,18,116
26351,7,21,131
26352,12,29,174
26353,15,35,232
26354,8,17,118
26355,14,26,146
26356,9,19,124
26357,8,16,102
26358,30,58,324
26359,16,32,189
26360,12,27,182
26361,28,61,362
26362,13,27,149
26363,16,32,210
26364,14,29,190
26365,9,15,84
26366,21,50,312
26367,8,14,78
26368,22,43,250
26369,11,21,119
26370,12,29,157
26371,21,37,224
26372,21,51,311
26373,13,30,177
26374,9,22,119
26375,11,33,177
26376,3,12,64
26377,11,19,106
26378,11,26,169
26379,20,40,232
26380,8,25,169
26381,4,15,99
26382,11,26,147
26383,10,19,107
26384,6,18,121
26385,10,21,111
26386,5,12,78
26387,18,31,149
26388,11,27,159
26389,3,11,71
26390,10,28,170
26391,17,35,209
26392,9,20,139
26393,13,21,105
26394,3,6,32
26395,4,9,51
26396,4,10,57
26397,5,8,45
26398,14,26,180
26399,12,20,104
26400,14,25,151
26401,9,23,156
26402,8,18,126
26403,11,27,173
26404,6,12,60
26405,24,61,391
26406,15,28,147
26407,16,33,196
26408,12,38,208
26409,17,34,207
26410,26,51,316
26411,22,45,262
26412,7,17,104
26413,8,25,154
26414,10,19,114
26415,7,18,114
26416,46,124,750
26417,18,33,209
26418,10,20,121
26419,9,19,132
26420,10,17,94
26421,12,23,119
26422,16,29,150
26423,15,29,183
26424,6,17,118
26425,2,5,37
26426,6,17,140
26427,10,24,159
26428,12,30,205
26429,9,19,125
26430,12,23,149
26431,11,21,121
26432,11,26,164
26433,27,52,334
26434,18,33,207
26435,24,47,290
26436,12,27,188
26437,14,29,194
26438,11,21,131
26439,8,18,135
26440,8,17,96
26441,7,16,120
26442,10,18,129
26443,16,29,185
26444,11,22,156
26445,13,26,181
26446,11,19,120
26447,9,17,97
26448,8,14,88
26449,8,17,111
26450,6,12,75
26451,15,29,167
26452,7,15,101
26453,13,22,130
26454,7,11,58
26455,28,51,298
26456,3,7,58
26457,6,15,92
26458,9,18,107
26459,22,34,203
26460,12,24,141
26461,15,27,156
26462,11,22,125
26463,6,12,75
26464,8,13,68
26465,6,12,79
26466,25,49,309
26467,10,28,206
26468,4,13,91
26469,13,28,189
26470,15,30,165
26471,9,19,129
26472,15,29,178
26473,13,20,129
26474,16,27,161
26475,14,32,220
26476,0,3,32
26477,5,15,105
26478,6,7,35
26479,8,14,85
26480,3,5,23
26481,7,14,84
26482,6,13,91
26483,13,21,114
26484,9,18,135
26485,4,11,73
26486,16,30,173
26487,15,29,163
26488,8,17,117
26489,10,20,119
26490,12,24,141
26491,9,18,121
26492,8,12,63
26493,4,11,74
26494,14,29,196
26495,11,23,137
26496,11,24,158
26497,16,32,196
26498,22,43,271
26499,3,5,36
26500,11,23,140
26501,13,26,160
26502,7,15,97
26503,8,23,166
26504,11,28,183
26505,9,21,131
26506,16,30,174
26507,23,45,263
26508,19,40,262
26509,12,30,197
26510,17,39,233
26511,21,35,187
26512,2,6,36
26513,12,23,130
26514,10,21,134
26515,29,58,337
26516,19,38,207
26517,8,15,76
26518,17,35,201
26519,7,17,93
26520,21,33,169
26521,27,52,279
26522,20,35,165
26523,33,46,236
26524,24,40,209
26525,14,23,116
26526,14,22,101
26527,18,35,196
26528,4,7,38
26529,8,15,85
26530,7,17,89
26531,16,32,175
26532,27,52,303
26533,22,43,252
26534,31,61,332
26535,13,20,112
26536,14,28,174
26537,7,14,93
26538,6,8,34
26539,10,20,111
26540,11,17,83
26541,15,34,190
26542,24,44,262
26543,18,30,150
26544,18,36,172
26545,24,40,204
26546,17,33,167
26547,11,22,111
26548,12,27,166
26549,17,33,182
26550,23,38,221
26551,12,19,111
26552,8,17,106
26553,12,26,174
26554,14,34,201
26555,3,9,55
26556,7,15,72
26557,20,37,234
26558,12,21,121
26559,17,29,188
26560,5,11,64
26561,7,16,105
26562,20,32,200
26563,4,7,41
26564,16,31,206
26565,21,46,267
26566,24,36,226
26567,16,32,206
26568,14,33,208
26569,10,18,128
26570,20,36,196
26571,8,14,84
26572,9,12,55
26573,20,38,216
26574,15,30,187
26575,7,14,84
26576,18,36,188
26577,16,25,152
26578,6,11,57
26579,13,21,114
26580,4,5,22
26581,1,2,11
26582,4,9,56
26583,8,22,125
26584,7,17,94
26585,3,4,18
26586,19,42,263
26587,4,9,54
26588,13,32,212
26589,18,32,180
26590,11,21,135
26591,6,12,74
26592,7,13,73
26593,11,20,105
26594,5,12,71
26595,13,21,107
26596,5,10,68
26597,7,15,87
26598,7,14,72
26599,0,0,1
26600,6,13,86
26601,15,22,128
26602,18,38,256
26603,15,54,379
26604,15,29,159
26605,28,44,249
26606,13,21,117
26607,10,18,98
26608,15,32,180
26609,6,18,107
26610,7,14,86
26611,20,37,206
26612,26,53,314
26613,11,21,115
26614,9,16,96
26615,17,29,151
26616,23,41,218
26617,15,22,112
26618,7,18,109
26619,26,48,272
26620,20,42,243
26621,11,22,145
26622,11,18,112
26623,2,7,44
26624,13,27,162
26625,11,21,124
26626,5,10,61
26627,44,65,365
26628,9,15,87
26629,3,10,53
26630,31,59,351
26631,15,31,185
26632,12,24,147
26633,6,17,98
26634,25,53,330
26635,16,31,199
26636,7,14,83
26637,11,18,117
26638,9,14,79
26639,2,5,37
26640,28,46,269
26641,19,30,169
26642,16,32,168
26643,3,13,84
26644,21,38,210
26645,20,41,236
26646,21,42,246
26647,14,28,156
26648,23,37,215
26649,11,22,110
26650,25,41,197
26651,16,21,106
26652,22,42,240
26653,23,46,264
26654,7,20,155
26655,7,12,78
26656,6,11,57
26657,9,15,73
26658,6,11,65
26659,12,19,99
26660,19,30,178
26661,19,36,206
26662,7,13,81
26663,18,42,287
26664,17,37,258
26665,8,16,109
26666,9,15,102
26667,4,11,91
26668,6,9,74
26669,3,8,60
26670,7,15,96
26671,6,18,143
26672,4,7,49
26673,7,14,88
26674,8,20,146
26675,4,15,120
26676,4,12,91
26677,13,27,161
26678,20,38,215
26679,19,33,185
26680,13,26,158
26681,6,12,65
26682,26,47,300
26683,7,17,91
26684,12,25,160
26685,3,7,44
26686,1,5,47
26687,15,32,189
26688,8,16,94
26689,21,40,252
26690,9,26,201
26691,8,22,147
26692,9,18,101
26693,16,33,209
26694,13,34,226
26695,14,27,156
26696,11,24,138
26697,10,26,147
26698,21,35,192
26699,8,15,98
26700,13,26,168
26701,5,8,50
26702,7,14,98
26703,12,24,130
26704,9,19,113
26705,17,29,179
26706,15,29,176
26707,10,16,89
26708,15,25,133
26709,18,33,174
26710,15,27,151
26711,10,22,136
26712,7,19,140
26713,32,57,346
26714,11,19,113
26715,6,16,100
26716,25,44,243
26717,1,5,37
26718,13,19,102
26719,10,19,105
26720,13,32,191
26721,15,33,204
26722,7,17,141
26723,6,9,44
26724,18,33,202
26725,11,23,148
26726,25,42,229
26727,21,44,267
26728,17,40,270
26729,24,45,266
26730,35,67,370
26731,34,57,311
26732,11,19,99
26733,12,20,117
26734,17,31,199
26735,5,16,112
26736,18,31,158
26737,18,34,206
26738,11,22,162
26739,17,30,179
26740,20,37,236
26741,13,28,169
26742,16,32,208
26743,22,62,436
26744,8,25,171
26745,28,72,477
26746,16,38,240
26747,3,8,57
26748,26,59,388
26749,5,16,103
26750,16,46,323
26751,16,38,254
26752,20,40,258
26753,26,55,366
26754,16,29,172
26755,21,46,336
26756,10,23,156
26757,8,19,132
26758,4,15,142
26759,8,24,189
26760,8,24,176
26761,7,16,118
26762,10,24,175
26763,17,66,560
26764,25,54,371
26765,50,115,775
26766,14,31,195
26767,33,72,473
26768,19,45,276
26769,14,31,196
26770,14,35,264
26771,11,32,245
26772,9,21,150
26773,27,54,319
26774,28,54,379
26775,17,36,223
26776,11,23,162
26777,13,28,180
26778,8,17,107
26779,9,19,104
26780,16,39,286
26781,28,45,249
26782,12,23,142
26783,12,32,204
26784,22,51,329
26785,9,15,93
26786,18,35,229
26787,21,49,303
26788,12,25,175
26789,37,73,463
26790,14,30,203
26791,17,36,201
26792,9,16,93
26793,7,10,56
26794,14,21,125
26795,9,20,126
26796,7,10,53
26797,20,37,247
26798,10,18,89
26799,11,22,110
26800,11,23,140
26801,7,15,94
26802,3,8,64
26803,11,21,132
26804,8,14,80
26805,7,17,93
26806,9,19,109
26807,4,10,67
26808,4,12,77
26809,9,18,115
26810,27,48,265
26811,3,8,49
26812,24,43,239
26813,3,7,51
26814,6,11,60
26815,10,20,110
26816,25,49,265
26817,10,24,143
26818,7,16,90
26819,5,13,87
26820,11,19,99
26821,13,26,130
26822,34,57,326
26823,14,23,119
26824,5,8,43
26825,17,34,196
26826,10,16,80
26827,6,10,54
26828,14,25,130
26829,23,39,237
26830,8,14,69
26831,5,8,47
26832,26,45,258
26833,16,33,192
26834,7,19,132
26835,35,65,424
26836,30,55,330
26837,40,69,385
26838,16,29,161
26839,13,20,109
26840,16,34,204
26841,22,39,215
26842,26,44,230
26843,16,32,211
26844,10,14,76
26845,24,45,256
26846,23,39,197
26847,14,23,131
26848,5,9,51
26849,17,33,189
26850,9,20,98
26851,5,9,65
26852,9,16,99
26853,7,14,85
26854,4,5,22
26855,9,12,58
26856,16,34,206
26857,9,17,103
26858,11,21,131
26859,22,43,231
26860,20,41,229
26861,2,6,26
26862,7,15,78
26863,9,17,96
26864,12,26,155
26865,10,20,132
26866,8,16,92
26867,5,7,36
26868,3,4,24
26869,4,7,54
26870,3,5,28
26871,10,15,64
26872,0,1,11
26873,0,1,15
26874,4,6,29
26875,10,18,93
26876,8,11,56
26877,27,50,298
26878,9,18,114
26879,10,14,72
26880,13,25,147
26881,17,29,156
26882,22,43,211
26883,2,5,39
26884,3,6,42
26885,10,18,98
26886,9,21,154
26887,25,46,286
26888,0,0,3
26889,18,37,207
26890,9,15,108
26891,15,30,162
26892,12,27,176
26893,13,31,194
26894,21,39,215
26895,17,30,217
26896,7,21,152
26897,7,10,46
26898,10,23,148
26899,23,50,322
26900,11,24,152
26901,12,22,172
26902,3,8,53
26903,17,38,249
26904,23,53,360
26905,7,15,97
26906,10,17,91
26907,17,36,200
26908,16,31,197
26909,22,39,230
26910,12,28,163
26911,29,53,331
26912,17,31,181
26913,0,0,3
26914,13,29,162
26915,13,27,148
26916,16,30,165
26917,16,27,154
26918,15,27,140
26919,8,18,124
26920,19,44,263
26921,25,44,266
26922,11,17,90
26923,6,10,51
26924,10,20,132
26925,8,13,66
26926,7,10,52
26927,24,47,255
26928,10,20,148
26929,7,14,79
26930,25,58,392
26931,21,43,317
26932,9,18,107
26933,15,27,168
26934,9,14,92
26935,19,33,185
26936,23,39,232
26937,9,18,108
26938,6,14,92
26939,16,29,170
26940,16,32,190
26941,20,34,205
26942,22,42,251
26943,17,35,229
26944,8,15,84
26945,13,24,144
26946,20,43,248
26947,8,18,115
26948,7,13,73
26949,9,22,130
26950,3,6,35
26951,5,11,64
26952,15,30,173
26953,14,27,172
26954,4,15,100
26955,9,19,106
26956,11,27,162
26957,15,26,163
26958,11,24,156
26959,16,34,204
26960,19,38,245
26961,13,28,173
26962,4,15,101
26963,2,6,48
26964,11,24,145
26965,10,18,120
26966,3,9,54
26967,19,43,269
26968,23,48,270
26969,14,31,193
26970,6,14,73
26971,12,26,151
26972,14,29,185
26973,14,32,175
26974,14,30,182
26975,17,40,271
26976,3,12,77
26977,4,10,65
26978,11,25,156
26979,10,24,157
26980,16,36,244
26981,18,45,294
26982,5,13,86
26983,11,25,182
26984,8,17,103
26985,6,15,100
26986,9,23,156
26987,10,27,184
26988,14,29,173
26989,14,29,216
26990,9,25,197
26991,6,12,71
26992,11,20,110
26993,4,10,63
26994,19,36,201
26995,17,38,270
26996,23,39,204
26997,12,23,166
26998,28,55,404
26999,13,22,152
27000,2,5,35
27001,1,6,35
27002,14,27,157
27003,16,22,106
27004,7,17,104
27005,5,12,97
27006,13,23,148
27007,14,30,190
27008,6,16,117
27009,13,25,155
27010,26,52,329
27011,12,26,162
27012,4,6,32
27013,20,35,187
27014,13,24,138
27015,16,35,240
27016,0,0,3
27017,12,21,108
27018,10,15,70
27019,18,33,203
27020,12,31,195
27021,13,26,155
27022,16,30,175
27023,7,12,67
27024,15,29,180
27025,15,36,233
27026,8,20,123
27027,7,16,107
27028,14,25,150
27029,6,16,95
27030,11,20,135
27031,11,26,175
27032,10,21,141
27033,18,37,261
27034,11,33,222
27035,10,18,137
27036,20,32,163
27037,9,17,109
27038,14,29,185
27039,4,7,50
27040,8,14,84
27041,7,16,91
27042,5,8,46
27043,14,31,208
27044,14,25,163
27045,11,28,176
27046,5,11,100
27047,17,34,208
27048,3,8,56
27049,6,12,66
27050,0,0,1
27051,6,15,89
27052,5,12,81
27053,9,20,119
27054,14,36,245
27055,11,28,169
27056,8,20,130
27057,7,14,79
27058,16,39,278
27059,16,28,171
27060,11,31,213
27061,7,13,96
27062,17,35,242
27063,10,17,100
27064,6,11,92
27065,15,29,173
27066,6,15,87
27067,6,11,61
27068,13,27,182
27069,10,21,124
27070,7,17,102
27071,2,7,48
27072,3,9,52
27073,1,8,53
27074,3,6,55
27075,12,26,208
27076,4,10,77
27077,21,44,316
27078,8,17,126
27079,5,11,72
27080,11,25,164
27081,9,22,132
27082,11,22,136
27083,8,19,116
27084,8,19,110
27085,7,15,106
27086,7,11,80
27087,11,21,125
27088,8,21,144
27089,3,8,60
27090,5,12,78
27091,10,20,113
27092,6,11,71
27093,4,12,76
27094,9,16,82
27095,18,46,287
27096,23,53,343
27097,20,41,234
27098,20,41,215
27099,7,13,94
27100,8,20,120
27101,31,60,342
27102,15,34,215
27103,15,30,162
27104,21,40,230
27105,9,16,90
27106,10,26,151
27107,5,11,66
27108,6,16,81
27109,3,7,51
27110,4,8,57
27111,6,15,108
27112,3,4,51
27113,7,13,65
27114,18,33,191
27115,20,39,241
27116,12,20,110
27117,8,19,101
27118,21,40,233
27119,20,39,222
27120,4,11,70
27121,6,11,64
27122,6,14,101
27123,1,3,21
27124,2,4,18
27125,6,11,59
27126,4,11,59
27127,9,14,79
27128,20,40,240
27129,16,33,193
27130,11,21,118
27131,8,17,95
27132,3,7,39
27133,1,5,36
27134,16,27,128
27135,3,7,39
27136,1,5,35
27137,6,13,76
27138,4,7,43
27139,8,14,83
27140,2,6,46
27141,5,14,81
27142,21,35,193
27143,20,37,204
27144,3,8,37
27145,3,5,32
27146,6,15,87
27147,21,44,245
27148,8,10,46
27149,5,8,45
27150,10,19,105
27151,6,12,69
27152,9,21,134
27153,6,13,71
27154,7,17,114
27155,8,13,79
27156,4,8,50
27157,2,5,37
27158,11,21,145
27159,16,21,106
27160,7,12,88
27161,4,7,35
27162,8,18,91
27163,13,25,161
27164,6,15,87
27165,10,21,124
27166,10,23,124
27167,12,22,133
27168,7,15,106
27169,7,10,55
27170,2,4,25
27171,17,34,224
27172,11,21,170
27173,26,62,414
27174,22,44,297
27175,5,10,51
27176,8,11,72
27177,9,15,72
27178,12,32,189
27179,22,38,218
27180,34,58,330
27181,10,20,125
27182,5,8,49
27183,14,24,139
27184,12,27,220
27185,7,18,111
27186,13,23,111
27187,31,50,331
27188,9,14,92
27189,7,15,84
27190,5,13,106
27191,6,17,133
27192,16,36,212
27193,11,21,133
27194,4,9,66
27195,3,6,93
27196,0,1,6
27197,5,13,140
27198,18,36,236
27199,3,10,93
27200,15,33,224
27201,3,11,72
27202,19,41,264
27203,6,15,98
27204,11,27,215
27205,16,30,214
27206,7,16,122
27207,12,23,148
27208,24,52,344
27209,5,14,88
27210,7,18,116
27211,6,33,228
27212,2,3,25
27213,9,23,164
27214,10,15,90
27215,4,5,31
27216,9,18,121
27217,4,9,46
27218,8,38,321
27219,7,17,111
27220,7,14,88
27221,17,23,113
27222,17,30,172
27223,8,12,82
27224,5,11,72
27225,11,18,117
27226,7,14,100
27227,4,8,64
27228,7,10,80
27229,9,16,115
27230,8,23,132
27231,13,24,149
27232,16,28,162
27233,4,7,56
27234,5,8,57
27235,6,12,75
27236,14,32,172
27237,7,14,83
27238,35,67,438
27239,5,17,161
27240,3,6,34
27241,10,19,142
27242,9,22,136
27243,14,28,151
27244,7,14,79
27245,2,4,22
27246,0,2,15
27247,6,20,127
27248,9,24,159
27249,6,11,57
27250,7,16,104
27251,16,31,176
27252,17,32,177
27253,13,24,113
27254,13,23,122
27255,8,16,89
27256,22,38,236
27257,4,10,63
27258,5,7,31
27259,3,6,34
27260,10,19,93
27261,25,41,206
27262,4,7,36
27263,12,23,116
27264,15,29,156
27265,1,4,28
27266,19,31,159
27267,9,18,96
27268,21,34,180
27269,2,5,30
27270,4,8,50
27271,5,10,75
27272,9,14,57
27273,10,17,116
27274,7,9,46
27275,8,13,59
27276,18,31,175
27277,34,74,389
27278,12,20,117
27279,8,13,67
27280,11,19,99
27281,15,27,135
27282,8,17,96
27283,9,16,126
27284,13,24,116
27285,4,10,63
27286,7,11,56
27287,6,14,84
27288,4,6,32
27289,1,5,25
27290,4,9,57
27291,5,8,42
27292,3,6,33
27293,10,20,104
27294,1,4,32
27295,6,15,83
27296,10,16,85
27297,20,40,231
27298,13,28,151
27299,1,4,33
27300,2,5,37
27301,5,7,45
27302,10,21,124
27303,12,24,128
27304,5,8,38
27305,5,14,83
27306,3,9,51
27307,8,17,95
27308,5,6,30
27309,9,14,72
27310,13,19,112
27311,4,8,48
27312,12,19,104
27313,6,10,91
27314,9,16,82
27315,9,17,102
27316,7,17,103
27317,14,22,100
27318,4,12,73
27319,5,6,34
27320,10,18,96
27321,6,16,84
27322,8,14,59
27323,2,5,30
27324,4,8,59
27325,2,7,60
27326,9,21,125
27327,4,6,29
27328,19,30,149
27329,4,8,49
27330,7,10,61
27331,4,7,34
27332,5,7,39
27333,14,24,121
27334,3,5,28
27335,17,29,143
27336,5,11,59
27337,10,20,115
27338,6,15,101
27339,3,6,39
27340,18,35,213
27341,11,14,70
27342,7,14,74
27343,3,4,21
27344,11,20,134
27345,12,25,141
27346,5,8,40
27347,2,6,42
27348,11,22,123
27349,7,14,76
27350,7,14,76
27351,14,24,118
27352,13,19,88
27353,5,9,51
27354,8,17,92
27355,3,5,29
27356,2,2,11
27357,6,8,30
27358,4,5,26
27359,2,5,27
27360,11,19,99
27361,5,8,46
27362,3,15,100
27363,8,26,185
27364,15,23,115
27365,4,5,22
27366,3,7,47
27367,14,26,128
27368,4,7,35
27369,0,4,31
27370,5,12,71
27371,12,30,214
27372,6,16,119
27373,15,30,189
27374,0,1,7
27375,4,13,126
27376,0,2,16
27377,8,21,152
27378,6,23,207
27379,1,6,48
27380,8,25,187
27381,0,3,25
27382,7,16,108
27383,6,18,139
27384,14,29,172
27385,7,21,169
27386,3,10,81
27387,9,26,203
27388,6,24,197
27389,6,19,154
27390,1,4,32
27391,4,18,140
27392,4,11,77
27393,0,3,25
27394,0,2,22
27395,1,4,35
27396,2,8,70
27397,2,6,47
27398,7,20,134
27399,11,24,175
27400,0,2,21
27401,4,18,140
27402,20,41,264
27403,5,15,101
27404,4,12,68
27405,0,3,25
27406,8,25,158
27407,16,50,352
27408,14,36,249
27409,8,26,184
27410,7,24,166
27411,15,27,166
27412,0,2,20
27413,9,24,160
27414,5,16,135
27415,7,14,74
27416,19,41,278
27417,11,28,206
27418,5,20,139
27419,0,1,7
27420,3,11,101
27421,0,1,18
27422,0,1,18
27423,0,2,20
27424,0,1,17
27425,0,1,18
27426,0,1,19
27427,0,2,21
27428,0,2,24
27429,0,1,23
27430,0,2,19
27431,0,1,22
27432,0,1,18
27433,0,2,26
27434,1,2,21
27435,3,8,50
27436,0,2,16
27437,14,38,316
27438,1,8,65
27439,1,6,50
27440,5,18,188
27441,0,1,5
27442,1,3,17
27443,9,25,171
27444,9,23,157
27445,0,2,13
27446,14,39,298
27447,3,9,80
27448,2,5,30
27449,5,11,75
27450,1,3,14
27451,3,10,76
27452,7,16,103
27453,3,8,42
27454,8,25,156
27455,12,21,117
27456,8,17,99
27457,0,2,19
27458,22,42,253
27459,9,20,117
27460,13,26,147
27461,0,2,11
27462,13,24,125
27463,5,12,69
27464,11,30,210
27465,4,9,50
27466,0,1,7
27467,3,9,75
27468,0,1,18
27469,0,1,18
27470,0,2,20
27471,0,1,17
27472,0,1,18
27473,0,1,19
27474,0,2,21
27475,0,2,24
27476,0,1,23
27477,0,2,19
27478,0,1,22
27479,0,1,18
27480,0,2,26
27481,1,2,21
27482,3,8,50
27483,0,2,16
27484,6,9,61
27485,0,3,22
27486,6,17,142
27487,1,2,15
27488,7,22,174
27489,6,24,186
27490,6,16,143
27491,10,22,143
27492,8,19,123
27493,6,16,107
27494,9,19,128
27495,1,3,14
27496,7,23,172
27497,0,1,11
27498,20,50,319
27499,0,2,14
27500,10,20,121
27501,0,1,7
27502,8,21,175
27503,0,2,16
27504,8,25,232
27505,0,2,20
27506,22,47,319
27507,0,1,12
27508,16,35,230
27509,10,16,94
27510,12,22,137
27511,19,35,173
27512,0,1,9
27513,8,15,93
27514,6,10,58
27515,9,15,93
27516,16,33,234
27517,6,13,85
27518,0,1,7
27519,12,29,228
27520,9,18,116
27521,12,20,125
27522,17,34,227
27523,4,11,76
27524,4,7,35
27525,0,0,1
27526,6,12,72
27527,5,9,48
27528,10,19,122
27529,13,26,180
27530,9,18,122
27531,11,22,144
27532,6,17,150
27533,9,21,155
27534,6,15,104
27535,8,17,129
27536,2,8,47
27537,0,0,1
27538,7,15,97
27539,9,19,133
27540,17,37,241
27541,20,39,234
27542,7,24,193
27543,25,53,338
27544,32,69,468
27545,1,1,3
27546,0,1,21
27547,0,0,3
27548,2,4,35
27549,5,13,98
27550,2,4,23
27551,13,28,179
27552,11,20,113
27553,8,12,71
27554,11,21,145
27555,2,5,30
27556,0,0,1
27557,11,18,122
27558,13,30,174
27559,22,39,228
27560,17,32,195
27561,0,0,3
27562,2,3,22
27563,7,13,94
27564,6,18,139
27565,2,9,70
27566,10,23,156
27567,3,8,55
27568,7,24,199
27569,8,16,103
27570,3,8,53
27571,12,22,121
27572,3,8,60
27573,2,4,29
27574,27,51,330
27575,9,18,116
27576,13,32,212
27577,16,31,215
27578,10,23,151
27579,0,0,3
27580,1,2,26
27581,14,30,194
27582,9,19,102
27583,18,38,232
27584,1,4,35
27585,15,30,200
27586,12,23,153
27587,0,1,3
27588,1,3,32
27589,0,0,3
27590,1,4,41
27591,0,0,1
27592,19,37,227
27593,4,5,30
27594,23,38,209
27595,6,9,57
27596,0,0,1
27597,9,19,108
27598,19,36,245
27599,18,31,164
27600,5,9,47
27601,0,0,1
27602,10,22,145
27603,13,23,150
27604,22,46,296
27605,2,4,26
27606,0,0,1
27607,13,30,182
27608,11,23,146
27609,10,14,72
27610,0,0,3
27611,3,6,45
27612,5,9,44
27613,7,17,121
27614,1,12,109
27615,8,24,164
27616,17,34,200
27617,7,18,132
27618,2,7,44
27619,31,58,366
27620,15,28,193
27621,11,18,101
27622,2,7,46
27623,11,23,143
27624,5,14,99
27625,9,17,117
27626,3,10,68
27627,6,14,88
27628,3,8,68
27629,0,0,3
27630,1,3,22
27631,13,29,196
27632,14,25,149
27633,42,70,433
27634,22,38,248
27635,15,27,175
27636,31,54,297
27637,9,16,78
27638,16,29,149
27639,21,39,215
27640,8,13,75
27641,1,4,23
27642,0,1,15
27643,12,23,131
27644,8,14,81
27645,1,4,25
27646,7,11,73
27647,3,4,24
27648,2,7,45
27649,0,1,13
27650,13,27,166
27651,10,18,103
27652,17,25,122
27653,26,42,227
27654,5,7,36
27655,9,17,90
27656,10,15,86
27657,16,27,145
27658,27,47,247
27659,11,17,94
27660,15,28,162
27661,17,26,126
27662,35,63,384
27663,6,14,94
27664,6,10,50
27665,18,38,225
27666,7,19,113
27667,2,6,37
27668,0,1,10
27669,18,35,198
27670,12,26,174
27671,6,14,74
27672,14,33,190
27673,14,27,159
27674,28,49,281
27675,17,27,146
27676,28,61,373
27677,4,14,86
27678,12,21,111
27679,28,48,271
27680,20,33,183
27681,9,16,98
27682,3,5,20
27683,20,40,231
27684,21,34,200
27685,14,30,214
27686,19,37,203
27687,3,7,43
27688,13,25,160
27689,11,21,112
27690,19,31,182
27691,20,39,240
27692,17,33,152
27693,2,6,40
27694,0,1,11
27695,12,21,115
27696,4,5,20
27697,13,21,118
27698,11,23,114
27699,16,29,170
27700,37,68,381
27701,11,20,116
27702,12,20,116
27703,6,13,86
27704,8,16,120
27705,11,24,143
27706,20,37,211
27707,9,16,79
27708,2,6,46
27709,0,1,13
27710,30,55,306
27711,2,11,75
27712,24,48,286
27713,6,17,112
27714,7,22,143
27715,33,69,425
27716,14,26,164
27717,9,15,92
27718,19,38,218
27719,1,5,38
27720,6,15,99
27721,4,9,53
27722,4,11,92
27723,11,25,193
27724,7,28,210
27725,4,9,58
27726,4,11,72
27727,12,27,160
27728,1,6,48
27729,6,18,153
27730,8,21,156
27731,18,47,298
27732,3,6,44
27733,8,20,115
27734,0,0,5
27735,6,14,82
27736,0,0,5
27737,6,12,73
27738,0,0,5
27739,5,13,91
27740,0,0,5
27741,4,13,95
27742,0,0,5
27743,8,16,92
27744,0,0,5
27745,4,12,81
27746,2,5,38
27747,8,24,174
27748,3,10,79
27749,4,10,72
27750,9,19,124
27751,3,12,120
27752,4,17,121
27753,9,18,127
27754,0,2,20
27755,5,17,115
27756,8,22,161
27757,6,13,97
27758,7,17,115
27759,5,16,129
27760,3,7,48
27761,9,26,180
27762,5,11,88
27763,5,15,129
27764,2,7,54
27765,6,12,63
27766,4,10,73
27767,8,16,110
27768,0,2,19
27769,6,17,152
27770,5,16,112
27771,3,11,101
27772,1,5,36
27773,0,2,20
27774,10,21,121
27775,4,9,64
27776,3,7,44
27777,7,18,112
27778,10,20,106
27779,13,23,148
27780,5,14,90
27781,8,20,157
27782,5,11,88
27783,5,10,64
27784,5,12,78
27785,6,10,59
27786,4,11,77
27787,14,24,143
27788,11,20,127
27789,9,13,81
27790,10,18,120
27791,3,7,41
27792,10,24,185
27793,7,13,96
27794,3,7,55
27795,22,36,215
27796,4,7,43
27797,2,7,57
27798,7,13,90
27799,14,31,207
27800,9,18,120
27801,15,29,186
27802,12,25,190
27803,9,18,121
27804,5,11,75
27805,13,27,156
27806,13,34,239
27807,15,33,217
27808,0,0,2
27809,14,32,217
27810,11,22,146
27811,8,16,102
27812,14,31,207
27813,9,20,140
27814,16,42,287
27815,4,10,69
27816,8,19,139
27817,5,12,70
27818,8,14,95
27819,15,41,237
27820,4,11,76
27821,3,9,68
27822,16,36,248
27823,12,25,174
27824,2,11,72
27825,7,19,122
27826,14,35,239
27827,5,17,104
27828,0,2,22
27829,11,17,104
27830,12,23,134
27831,15,29,175
27832,5,13,80
27833,11,22,128
27834,8,15,105
27835,14,30,180
27836,5,11,99
27837,8,17,99
27838,1,6,48
27839,10,24,170
27840,14,30,191
27841,12,22,144
27842,1,5,29
27843,19,34,179
27844,13,27,146
27845,3,5,35
27846,14,29,170
27847,10,16,90
27848,16,29,166
27849,15,30,206
27850,14,35,239
27851,8,20,140
27852,12,23,137
27853,26,62,425
27854,1,5,38
27855,10,27,192
27856,9,16,91
27857,1,3,19
27858,19,45,307
27859,9,18,96
27860,15,29,199
27861,6,15,105
27862,8,18,104
27863,23,42,259
27864,8,18,102
27865,5,14,85
27866,20,34,191
27867,8,17,106
27868,16,35,213
27869,13,27,175
27870,5,12,83
27871,29,59,341
27872,24,47,268
27873,1,3,21
27874,20,40,272
27875,8,20,136
27876,17,36,235
27877,4,11,82
27878,13,25,145
27879,7,28,198
27880,9,23,166
27881,15,37,270
27882,15,29,179
27883,1,4,27
27884,11,29,202
27885,19,35,209
27886,11,22,132
27887,12,20,119
27888,16,29,174
27889,8,16,102
27890,5,23,162
27891,3,7,46
27892,19,39,239
27893,6,15,84
27894,20,37,208
27895,9,18,117
27896,10,19,102
27897,9,19,118
27898,10,19,113
27899,9,20,142
27900,1,5,35
27901,13,20,111
27902,16,35,227
27903,15,27,159
27904,13,24,137
27905,1,5,26
27906,9,14,82
27907,13,26,155
27908,30,55,317
27909,5,10,62
27910,1,4,26
27911,1,3,17
27912,9,18,101
27913,25,49,277
27914,15,29,190
27915,8,21,151
27916,20,32,177
27917,10,24,147
27918,18,31,178
27919,9,23,149
27920,14,25,143
27921,8,17,92
27922,9,20,122
27923,28,46,250
27924,8,17,130
27925,4,14,103
27926,6,17,160
27927,1,4,33
27928,7,19,146
27929,11,36,236
27930,7,24,201
27931,5,24,220
27932,11,28,202
27933,8,21,163
27934,13,28,173
27935,1,4,22
27936,7,26,192
27937,11,27,183
27938,8,22,152
27939,6,20,183
27940,6,18,142
27941,6,19,146
27942,5,8,51
27943,1,3,24
27944,6,19,148
27945,9,26,170
27946,8,20,150
27947,0,5,58
27948,9,29,243
27949,7,19,143
27950,0,2,19
27951,7,20,176
27952,9,23,143
27953,14,31,262
27954,17,53,332
27955,11,34,234
27956,2,12,108
27957,9,23,211
27958,2,5,46
27959,3,8,66
27960,3,6,40
27961,7,16,107
27962,5,16,114
27963,2,10,77
27964,0,2,20
27965,7,21,163
27966,5,18,141
27967,5,26,220
27968,6,13,90
27969,3,16,177
27970,0,2,22
27971,4,12,105
27972,11,29,216
27973,8,16,108
27974,8,22,168
27975,7,21,152
27976,5,15,118
27977,4,11,89
27978,5,20,151
27979,7,19,148
27980,9,18,133
27981,11,25,163
27982,6,10,65
27983,1,3,25
27984,18,43,321
27985,5,9,106
27986,15,37,259
27987,14,45,354
27988,0,2,17
27989,12,24,125
27990,17,35,226
27991,4,19,160
27992,19,40,251
27993,10,18,127
27994,0,0,5
27995,14,27,154
27996,0,0,5
27997,16,41,279
27998,0,0,5
27999,14,25,156
28000,20,44,275
28001,0,0,5
28002,7,16,114
28003,3,7,48
28004,5,8,45
28005,5,11,60
28006,0,0,5
28007,24,47,287
28008,0,0,5
28009,16,30,166
28010,0,0,5
28011,12,26,171
28012,2,16,147
28013,4,8,53
28014,0,2,25
28015,8,17,112
28016,7,20,147
28017,7,15,87
28018,13,28,215
28019,9,19,125
28020,0,2,13
28021,26,59,335
28022,7,13,78
28023,0,1,9
28024,14,36,231
28025,3,19,122
28026,14,29,180
28027,12,29,178
28028,14,30,166
28029,19,44,295
28030,0,1,8
28031,8,16,102
28032,1,5,35
28033,10,21,115
28034,8,15,91
28035,5,22,177
28036,11,27,184
28037,10,20,119
28038,13,22,123
28039,6,17,127
28040,2,5,28
28041,0,2,18
28042,7,15,95
28043,3,5,34
28044,2,10,78
28045,4,17,143
28046,0,0,3
28047,12,40,297
28048,0,0,3
28049,9,35,246
28050,0,0,3
28051,7,20,123
28052,1,10,94
28053,0,0,3
28054,8,24,155
28055,0,0,3
28056,8,18,114
28057,0,0,3
28058,2,7,47
28059,5,10,59
28060,5,15,98
28061,10,25,165
28062,1,5,48
28063,0,1,12
28064,9,26,178
28065,3,8,53
28066,8,24,166
28067,0,0,3
28068,9,22,134
28069,6,15,92
28070,0,0,3
28071,4,13,99
28072,6,15,86
28073,0,0,3
28074,10,24,146
28075,3,9,72
28076,0,0,3
28077,5,17,109
28078,7,25,197
28079,0,0,3
28080,3,10,88
28081,7,15,93
28082,7,15,95
28083,3,9,62
28084,7,15,100
28085,11,21,133
28086,11,23,129
28087,11,17,90
28088,15,31,197
28089,14,30,173
28090,4,11,68
28091,11,23,158
28092,5,12,78
28093,9,21,136
28094,13,28,165
28095,14,28,189
28096,8,19,140
28097,0,1,15
28098,7,22,155
28099,10,19,128
28100,3,8,45
28101,6,8,46
28102,5,9,48
28103,4,9,56
28104,6,13,84
28105,6,14,102
28106,9,17,100
28107,4,7,39
28108,19,35,186
28109,15,28,163
28110,18,34,208
28111,1,4,30
28112,10,28,185
28113,9,17,98
28114,1,5,38
28115,7,14,86
28116,12,27,161
28117,8,17,98
28118,7,10,60
28119,5,11,62
28120,5,20,138
28121,5,14,99
28122,15,27,155
28123,10,24,149
28124,7,19,122
28125,9,27,177
28126,1,3,22
28127,10,22,126
28128,4,7,39
28129,2,12,116
28130,1,4,27
28131,6,17,104
28132,11,28,173
28133,1,5,35
28134,12,27,153
28135,3,13,110
28136,0,2,26
28137,5,11,71
28138,4,11,79
28139,6,15,87
28140,7,16,108
28141,12,28,176
28142,5,17,150
28143,3,9,50
28144,4,13,115
28145,2,7,71
28146,11,23,136
28147,0,2,21
28148,4,11,79
28149,8,15,91
28150,11,26,159
28151,1,4,32
28152,13,23,139
28153,12,26,180
28154,4,9,60
28155,9,20,135
28156,9,21,154
28157,7,13,79
28158,5,18,114
28159,6,15,111
28160,4,11,81
28161,19,38,244
28162,14,27,182
28163,10,20,129
28164,18,34,225
28165,1,9,73
28166,6,13,87
28167,10,26,189
28168,32,64,378
28169,9,20,148
28170,10,24,152
28171,37,82,524
28172,21,41,245
28173,0,1,8
28174,1,8,63
28175,9,19,127
28176,7,17,122
28177,12,23,145
28178,3,5,26
28179,14,23,133
28180,28,51,285
28181,17,34,193
28182,1,4,29
28183,20,44,315
28184,21,41,245
28185,0,1,8
28186,1,8,68
28187,11,27,177
28188,7,14,106
28189,6,13,86
28190,14,29,158
28191,13,27,165
28192,12,30,188
28193,21,50,333
28194,21,41,247
28195,0,1,8
28196,1,10,77
28197,13,32,193
28198,7,17,106
28199,8,23,155
28200,7,17,97
28201,9,25,175
28202,7,22,131
28203,12,21,130
28204,25,55,377
28205,21,41,246
28206,0,1,8
28207,1,8,65
28208,11,25,165
28209,7,19,125
28210,12,22,139
28211,2,7,48
28212,6,19,128
28213,23,57,400
28214,21,41,245
28215,0,1,8
28216,3,12,84
28217,3,6,43
28218,11,23,139
28219,11,27,173
28220,5,14,84
28221,2,7,46
28222,4,8,47
28223,9,14,75
28224,32,69,420
28225,23,53,350
28226,21,41,248
28227,0,1,8
28228,1,7,63
28229,15,35,198
28230,9,18,101
28231,24,39,218
28232,14,26,162
28233,19,36,189
28234,4,10,59
28235,8,18,106
28236,6,12,56
28237,25,45,259
28238,9,16,94
28239,7,17,110
28240,27,42,224
28241,8,22,178
28242,28,46,220
28243,21,41,248
28244,0,2,19
28245,0,1,8
28246,18,34,248
28247,36,78,499
28248,20,48,312
28249,0,0,8
28250,9,16,94
28251,10,31,233
28252,0,1,5
28253,20,45,291
28254,0,1,5
28255,42,77,496
28256,1,1,5
28257,7,18,130
28258,1,2,9
28259,13,37,254
28260,0,0,8
28261,8,14,86
28262,6,14,108
28263,0,1,5
28264,4,13,120
28265,0,1,5
28266,1,5,37
28267,1,1,5
28268,2,7,61
28269,0,1,5
28270,12,28,196
28271,0,1,5
28272,8,32,256
28273,0,1,5
28274,6,19,151
28275,0,1,5
28276,21,41,265
28277,1,1,5
28278,4,14,117
28279,0,1,5
28280,6,17,138
28281,1,2,9
28282,9,23,198
28283,0,0,8
28284,1,1,5
28285,43,82,522
28286,19,39,254
28287,0,1,5
28288,34,70,484
28289,14,26,150
28290,0,0,8
28291,1,1,5
28292,7,15,96
28293,8,17,118
28294,0,1,5
28295,9,20,112
28296,0,0,8
28297,22,40,233
28298,0,0,8
28299,8,17,102
28300,0,0,8
28301,24,38,248
28302,14,32,206
28303,78,167,1026
28304,0,0,8
28305,3,7,75
28306,2,5,52
28307,17,37,245
28308,25,51,315
28309,16,34,203
28310,0,2,30
28311,21,40,235
28312,6,17,113
28313,0,0,5
28314,3,11,93
28315,0,0,5
28316,4,10,77
28317,2,3,29
28318,0,3,45
28319,0,0,5
28320,4,9,65
28321,0,0,5
28322,12,27,170
28323,1,1,9
28324,9,17,108
28325,0,0,8
28326,1,1,5
28327,38,75,466
28328,0,1,5
28329,3,5,32
28330,7,16,105
28331,1,1,9
28332,12,26,168
28333,0,0,8
28334,23,50,309
28335,0,2,30
28336,36,75,451
28337,0,0,8
28338,1,1,5
28339,23,49,309
28340,7,15,86
28341,0,1,5
28342,30,67,392
28343,0,1,5
28344,30,68,407
28345,1,1,5
28346,13,33,211
28347,11,23,145
28348,11,23,145
28349,12,24,147
28350,9,19,129
28351,0,0,3
28352,0,1,11
28353,1,1,3
28354,12,20,120
28355,10,32,265
28356,9,33,280
28357,10,33,285
28358,0,1,3
28359,10,21,152
28360,0,0,3
28361,0,1,10
28362,8,17,138
28363,13,25,162
28364,3,9,48
28365,2,7,63
28366,1,6,49
28367,2,6,50
28368,1,3,25
28369,1,4,42
28370,2,5,27
28371,8,15,106
28372,20,46,346
28373,9,25,174
28374,6,18,166
28375,5,13,109
28376,4,11,84
28377,6,11,73
28378,0,3,28
28379,0,0,3
28380,9,23,189
28381,18,46,347
28382,11,27,168
28383,0,0,3
28384,7,14,100
28385,3,6,48
28386,0,3,38
28387,0,0,3
28388,6,22,152
28389,8,24,176
28390,5,20,150
28391,0,0,3
28392,13,34,236
28393,5,15,108
28394,1,3,27
28395,1,6,50
28396,4,14,98
28397,10,32,238
28398,13,34,225
28399,0,0,3
28400,9,29,202
28401,5,14,96
28402,10,26,176
28403,9,26,189
28404,0,0,3
28405,9,18,124
28406,2,5,34
28407,10,23,172
28408,21,44,328
28409,25,57,373
28410,8,21,159
28411,7,14,94
28412,9,21,153
28413,9,20,134
28414,6,13,95
28415,4,12,120
28416,6,18,128
28417,4,9,67
28418,9,20,149
28419,15,41,281
28420,1,3,18
28421,14,36,235
28422,7,17,123
28423,6,11,74
28424,6,12,90
28425,2,6,54
28426,8,20,143
28427,14,30,227
28428,8,27,238
28429,4,12,107
28430,3,11,97
28431,4,12,90
28432,1,7,73
28433,6,10,79
28434,12,24,160
28435,9,21,146
28436,0,5,39
28437,11,38,288
28438,3,13,109
28439,13,30,243
28440,6,17,121
28441,15,30,217
28442,21,45,296
28443,8,15,102
28444,12,31,214
28445,10,21,148
28446,11,23,166
28447,14,30,189
28448,12,33,221
28449,7,19,134
28450,5,14,109
28451,12,30,246
28452,3,13,122
28453,12,30,204
28454,10,22,146
28455,24,47,273
28456,7,15,96
28457,14,28,188
28458,18,37,220
28459,8,22,159
28460,6,14,96
28461,10,21,151
28462,16,36,234
28463,5,11,70
28464,5,12,79
28465,13,26,158
28466,15,30,186
28467,9,19,133
28468,5,11,81
28469,9,21,140
28470,14,30,177
28471,8,18,117
28472,15,34,187
28473,6,12,88
28474,9,23,132
28475,1,6,55
28476,7,25,189
28477,7,22,157
28478,6,18,110
28479,3,12,73
28480,5,9,68
28481,10,28,170
28482,6,14,94
28483,10,21,145
28484,7,18,130
28485,8,21,156
28486,14,31,213
28487,5,14,97
28488,9,22,137
28489,6,10,77
28490,7,15,103
28491,3,7,55
28492,5,12,75
28493,0,3,29
28494,9,21,136
28495,10,34,286
28496,0,2,27
28497,9,21,150
28498,10,21,136
28499,12,27,213
28500,4,8,53
28501,0,2,25
28502,7,20,164
28503,19,40,279
28504,7,14,95
28505,7,14,93
28506,3,6,47
28507,0,3,23
28508,9,20,171
28509,6,18,133
28510,11,24,157
28511,10,23,156
28512,14,37,265
28513,11,25,171
28514,6,13,80
28515,9,18,96
28516,1,5,42
28517,4,14,129
28518,5,11,81
28519,7,14,116
28520,9,23,172
28521,8,24,174
28522,21,38,219
28523,1,4,29
28524,7,14,95
28525,20,40,252
28526,11,24,157
28527,9,27,203
28528,25,58,384
28529,0,3,38
28530,14,37,281
28531,16,34,221
28532,7,12,68
28533,9,17,113
28534,0,2,23
28535,12,25,160
28536,12,32,230
28537,10,22,174
28538,12,30,233
28539,0,0,7
28540,0,2,14
28541,16,40,298
28542,10,31,240
28543,11,29,221
28544,0,2,25
28545,0,2,26
28546,13,31,210
28547,8,18,127
28548,5,11,77
28549,6,16,132
28550,8,17,106
28551,17,32,181
28552,11,24,157
28553,6,15,107
28554,13,27,167
28555,0,3,22
28556,5,12,75
28557,5,13,96
28558,0,1,5
28559,28,59,361
28560,0,1,5
28561,40,82,489
28562,23,50,296
28563,19,39,214
28564,5,10,58
28565,13,23,149
28566,65,122,728
28567,0,1,5
28568,24,45,270
28569,25,44,251
28570,0,1,5
28571,18,36,225
28572,23,45,281
28573,14,33,208
28574,31,56,320
28575,1,1,5
28576,20,38,224
28577,0,1,5
28578,9,21,148
28579,0,0,8
28580,31,54,293
28581,15,36,233
28582,0,0,8
28583,10,24,194
28584,18,34,208
28585,0,0,8
28586,1,1,5
28587,26,54,348
28588,12,23,151
28589,0,1,5
28590,17,36,220
28591,8,16,100
28592,0,1,5
28593,13,25,139
28594,40,75,456
28595,0,0,5
28596,29,52,311
28597,0,0,5
28598,30,53,301
28599,0,0,5
28600,33,64,371
28601,1,1,9
28602,31,55,311
28603,1,1,5
28604,36,66,389
28605,0,1,5
28606,13,22,123
28607,0,1,5
28608,24,43,244
28609,0,0,8
28610,1,1,5
28611,11,22,126
28612,35,58,332
28613,9,19,115
28614,26,50,302
28615,0,1,5
28616,7,12,79
28617,13,28,188
28618,0,0,5
28619,25,51,320
28620,0,1,5
28621,22,39,235
28622,10,20,121
28623,0,0,5
28624,13,23,149
28625,0,0,5
28626,12,23,139
28627,0,0,5
28628,35,66,422
28629,1,1,9
28630,14,29,164
28631,1,1,5
28632,42,84,518
28633,14,29,187
28634,14,27,170
28635,0,0,8
28636,20,35,210
28637,0,1,12
28638,14,33,219
28639,12,29,176
28640,14,28,183
28641,5,9,50
28642,5,7,40
28643,8,20,121
28644,11,29,199
28645,7,15,85
28646,8,21,141
28647,18,40,242
28648,14,34,226
28649,15,32,186
28650,1,5,31
28651,7,15,118
28652,10,31,192
28653,10,19,111
28654,4,17,108
28655,5,13,100
28656,22,40,248
28657,0,0,2
28658,6,13,111
28659,3,5,29
28660,0,0,2
28661,12,25,177
28662,3,8,49
28663,16,36,241
28664,12,23,191
28665,12,30,191
28666,6,14,120
28667,12,30,198
28668,8,15,95
28669,5,8,58
28670,5,15,108
28671,10,21,179
28672,12,19,115
28673,0,1,13
28674,11,27,150
28675,17,34,216
28676,11,21,112
28677,12,23,155
28678,11,24,165
28679,10,23,137
28680,2,11,87
28681,13,30,193
28682,11,27,175
28683,17,34,192
28684,0,1,14
28685,19,40,255
28686,17,33,211
28687,15,34,240
28688,0,0,1
28689,25,51,350
28690,19,35,207
28691,17,44,252
28692,10,27,176
28693,15,34,201
28694,12,32,208
28695,8,20,130
28696,10,15,71
28697,6,11,62
28698,12,27,163
28699,12,22,128
28700,7,12,62
28701,6,14,77
28702,6,17,133
28703,6,12,72
28704,14,33,200
28705,0,0,2
28706,1,5,48
28707,2,6,36
28708,7,15,87
28709,3,6,33
28710,2,7,43
28711,6,15,86
28712,14,26,152
28713,8,18,116
28714,3,7,47
28715,0,2,15
28716,9,25,159
28717,6,16,102
28718,5,14,84
28719,4,12,81
28720,8,19,115
28721,13,25,167
28722,9,18,96
28723,3,9,59
28724,13,38,236
28725,13,27,177
28726,7,15,78
28727,6,17,118
28728,2,6,44
28729,1,5,29
28730,6,18,110
28731,4,10,65
28732,4,10,62
28733,3,7,48
28734,12,21,117
28735,6,15,106
28736,6,13,82
28737,2,5,36
28738,1,4,26
28739,7,18,119
28740,4,12,112
28741,5,17,124
28742,4,12,82
28743,6,19,126
28744,6,15,80
28745,18,37,262
28746,11,25,168
28747,11,25,154
28748,17,36,275
28749,0,2,16
28750,16,38,242
28751,16,34,280
28752,24,53,425
28753,0,2,19
28754,13,26,165
28755,17,37,297
28756,12,21,129
28757,7,19,169
28758,1,3,35
28759,7,16,154
28760,10,22,148
28761,5,12,84
28762,9,27,190
28763,1,4,28
28764,1,3,24
28765,20,47,310
28766,15,29,192
28767,17,31,206
28768,23,51,313
28769,13,31,196
28770,1,4,32
28771,6,14,82
28772,6,18,120
28773,11,28,186
28774,3,7,54
28775,8,27,175
28776,7,16,81
28777,0,0,5
28778,5,14,85
28779,7,16,83
28780,0,0,5
28781,10,20,125
28782,0,0,5
28783,18,43,275
28784,9,17,102
28785,0,0,5
28786,1,6,61
28787,6,12,66
28788,4,13,89
28789,0,0,1
28790,11,18,113
28791,8,14,93
28792,14,28,178
28793,0,0,3
28794,1,5,42
28795,0,0,3
28796,1,4,35
28797,7,14,74
28798,0,0,5
28799,7,13,81
28800,5,12,81
28801,0,0,5
28802,8,14,81
28803,12,23,135
28804,0,0,6
28805,12,19,101
28806,6,12,75
28807,0,0,6
28808,3,11,86
28809,7,14,86
28810,0,0,6
28811,13,29,201
28812,21,43,287
28813,0,0,6
28814,13,30,207
28815,20,41,282
28816,0,0,4
28817,17,35,235
28818,15,30,201
28819,1,4,31
28820,27,53,334
28821,8,18,113
28822,0,2,21
28823,1,4,33
28824,11,24,162
28825,7,19,125
28826,16,34,207
28827,12,22,131
28828,8,16,113
28829,23,46,310
28830,16,34,234
28831,7,20,140
28832,14,33,214
28833,1,5,36
28834,8,22,131
28835,6,18,120
28836,11,28,184
28837,4,8,58
28838,9,27,176
28839,6,12,79
28840,0,0,5
28841,5,15,88
28842,6,12,79
28843,0,0,5
28844,6,14,82
28845,4,8,48
28846,0,0,5
28847,17,44,284
28848,9,17,98
28849,0,0,5
28850,1,6,54
28851,6,12,66
28852,4,14,93
28853,0,0,1
28854,11,18,113
28855,8,14,81
28856,14,28,171
28857,10,20,105
28858,4,10,64
28859,8,16,87
28860,9,19,124
28861,1,4,34
28862,0,0,1
28863,8,22,135
28864,12,22,125
28865,6,12,68
28866,6,12,65
28867,4,8,40
28868,5,12,71
28869,9,18,98
28870,2,4,27
28871,0,1,14
28872,2,5,33
28873,4,12,80
28874,9,18,88
28875,7,18,119
28876,2,4,27
28877,12,22,129
28878,5,11,67
28879,5,14,97
28880,6,29,265
28881,0,2,31
28882,3,12,81
28883,0,2,36
28884,6,12,69
28885,3,5,30
28886,11,24,140
28887,3,11,71
28888,6,10,63
28889,8,18,93
28890,8,17,124
28891,6,20,153
28892,7,12,71
28893,4,8,63
28894,1,4,42
28895,1,8,62
28896,0,2,24
28897,7,15,113
28898,8,15,89
28899,6,14,91
28900,3,7,50
28901,4,10,58
28902,5,10,53
28903,4,14,102
28904,5,14,100
28905,4,18,163
28906,5,18,142
28907,0,3,28
28908,11,20,136
28909,1,9,68
28910,7,14,96
28911,7,13,74
28912,8,16,100
28913,11,24,141
28914,6,11,55
28915,13,24,134
28916,4,9,65
28917,2,4,29
28918,0,0,3
28919,0,1,13
28920,0,0,3
28921,0,2,17
28922,0,0,3
28923,0,1,10
28924,3,8,54
28925,0,5,40
28926,3,6,30
28927,3,7,39
28928,4,14,98
28929,9,19,108
28930,3,8,47
28931,7,12,84
28932,5,14,75
28933,7,13,91
28934,6,13,78
28935,6,14,74
28936,6,15,107
28937,2,5,40
28938,10,19,157
28939,9,19,115
28940,8,15,79
28941,9,18,109
28942,8,17,96
28943,1,2,22
28944,14,24,143
28945,5,10,70
28946,8,16,100
28947,8,12,68
28948,10,20,117
28949,5,13,90
28950,0,0,3
28951,2,4,19
28952,3,8,54
28953,13,21,131
28954,8,17,94
28955,6,14,100
28956,2,4,38
28957,12,28,179
28958,5,12,104
28959,1,7,47
28960,8,19,124
28961,5,8,38
28962,4,7,36
28963,2,6,32
28964,2,6,31
28965,14,26,131
28966,5,10,64
28967,3,7,54
28968,3,6,43
28969,9,13,71
28970,7,12,63
28971,8,17,90
28972,4,7,37
28973,6,13,81
28974,9,17,104
28975,2,6,45
28976,4,9,63
28977,11,22,119
28978,8,19,111
28979,9,17,96
28980,10,22,141
28981,12,20,115
28982,6,14,89
28983,6,15,102
28984,7,14,73
28985,12,23,129
28986,5,10,67
28987,4,11,71
28988,6,11,59
28989,13,25,140
28990,5,12,67
28991,3,8,55
28992,3,6,49
28993,2,6,26
28994,12,25,159
28995,0,0,3
28996,4,9,49
28997,10,16,88
28998,4,13,93
28999,8,14,74
29000,8,16,83
29001,6,13,88
29002,6,15,91
29003,11,26,178
29004,0,0,3
29005,1,4,30
29006,4,16,113
29007,11,20,130
29008,12,29,194
29009,11,28,185
29010,11,30,212
29011,7,16,91
29012,8,14,95
29013,6,23,136
29014,6,17,120
29015,8,24,159
29016,20,52,352
29017,13,35,226
29018,0,0,2
29019,20,42,238
29020,10,23,151
29021,1,1,20
29022,10,24,153
29023,1,1,20
29024,27,58,378
29025,17,29,180
29026,12,28,218
29027,7,20,134
29028,5,11,71
29029,37,76,473
29030,19,36,228
29031,0,0,2
29032,6,12,76
29033,45,80,472
29034,11,22,150
29035,1,1,23
29036,8,18,114
29037,21,45,291
29038,10,22,143
29039,7,15,98
29040,6,11,79
29041,11,19,124
29042,18,35,226
29043,19,32,185
29044,9,16,103
29045,1,1,23
29046,13,25,147
29047,8,15,88
29048,21,42,274
29049,12,26,168
29050,0,4,70
29051,1,1,24
29052,7,13,71
29053,0,0,3
29054,5,11,73
29055,16,38,248
29056,18,38,229
29057,8,23,156
29058,7,20,143
29059,20,47,292
29060,9,20,112
29061,8,19,126
29062,11,24,162
29063,7,14,88
29064,3,8,67
29065,14,31,188
29066,22,57,386
29067,17,32,204
29068,15,32,189
29069,8,19,125
29070,11,23,140
29071,39,80,465
29072,15,31,187
29073,3,7,58
29074,10,29,169
29075,13,29,177
29076,15,33,195
29077,18,38,227
29078,2,7,54
29079,12,26,141
29080,13,26,157
29081,18,44,268
29082,9,26,179
29083,4,11,89
29084,17,46,299
29085,14,26,163
29086,11,30,194
29087,10,20,115
29088,11,23,150
29089,6,12,71
29090,24,57,376
29091,10,25,167
29092,27,44,265
29093,35,61,351
29094,30,60,384
29095,17,36,210
29096,7,12,78
29097,14,29,205
29098,12,22,116
29099,11,18,94
29100,1,2,11
29101,14,29,189
29102,41,72,415
29103,9,18,116
29104,2,6,41
29105,3,5,33
29106,0,0,11
29107,1,1,5
29108,28,46,278
29109,0,0,11
29110,0,1,5
29111,21,39,231
29112,0,0,11
29113,0,1,5
29114,27,51,314
29115,0,0,11
29116,4,11,70
29117,3,9,59
29118,4,15,118
29119,3,8,54
29120,15,28,209
29121,17,31,191
29122,35,61,356
29123,12,24,152
29124,3,8,70
29125,2,5,31
29126,0,0,15
29127,10,17,99
29128,0,0,15
29129,10,24,217
29130,2,9,88
29131,11,22,145
29132,8,17,112
29133,4,7,56
29134,4,9,77
29135,6,9,56
29136,17,31,187
29137,2,4,34
29138,10,24,181
29139,18,34,225
29140,11,20,135
29141,9,18,143
29142,5,8,50
29143,5,12,89
29144,11,22,142
29145,4,10,94
29146,35,64,415
29147,11,23,140
29148,10,25,180
29149,4,10,68
29150,17,26,156
29151,3,10,87
29152,14,26,150
29153,19,43,275
29154,9,16,91
29155,15,23,117
29156,13,17,76
29157,4,9,50
29158,6,13,88
29159,14,24,146
29160,3,3,13
29161,12,23,152
29162,19,34,229
29163,1,1,19
29164,14,25,148
29165,17,32,194
29166,0,3,42
29167,1,1,24
29168,7,11,74
29169,10,26,170
29170,8,21,137
29171,3,9,65
29172,7,16,110
29173,11,20,126
29174,0,4,35
29175,11,20,117
29176,10,21,152
29177,13,24,166
29178,19,33,194
29179,13,24,133
29180,9,19,116
29181,10,19,117
29182,13,25,152
29183,19,36,211
29184,12,22,123
29185,7,15,90
29186,22,38,233
29187,4,10,66
29188,29,54,330
29189,13,25,146
29190,15,23,121
29191,4,7,36
29192,11,22,131
29193,4,10,63
29194,13,30,210
29195,1,1,19
29196,10,17,91
29197,14,27,154
29198,2,6,35
29199,26,40,197
29200,6,13,76
29201,8,21,129
29202,6,15,100
29203,14,25,132
29204,16,28,157
29205,26,43,245
29206,9,18,137
29207,7,17,118
29208,13,28,166
29209,7,13,73
29210,3,10,60
29211,10,20,108
29212,18,30,159
29213,31,48,254
29214,9,23,133
29215,6,10,54
29216,20,29,174
29217,11,21,126
29218,8,14,73
29219,15,30,160
29220,7,16,93
29221,13,25,156
29222,5,12,69
29223,19,37,217
29224,15,30,158
29225,21,41,251
29226,4,11,63
29227,14,20,100
29228,23,40,236
29229,12,26,164
29230,8,17,117
29231,14,22,124
29232,10,16,86
29233,12,26,146
29234,3,6,32
29235,34,58,342
29236,12,21,117
29237,3,7,47
29238,11,15,73
29239,66,129,762
29240,8,18,116
29241,16,23,132
29242,25,41,232
29243,32,50,283
29244,17,32,195
29245,16,32,212
29246,12,21,97
29247,7,16,101
29248,14,23,123
29249,26,54,395
29250,12,22,139
29251,5,11,68
29252,9,21,130
29253,5,14,99
29254,17,30,152
29255,10,16,76
29256,11,18,118
29257,1,7,59
29258,3,8,63
29259,6,13,95
29260,11,15,84
29261,7,13,75
29262,11,21,121
29263,9,19,119
29264,4,7,51
29265,7,13,77
29266,10,21,133
29267,3,6,35
29268,8,17,94
29269,19,33,187
29270,19,35,212
29271,9,22,151
29272,4,9,48
29273,12,27,179
29274,18,33,200
29275,8,19,131
29276,3,5,36
29277,17,32,207
29278,7,13,76
29279,19,34,191
29280,17,33,213
29281,20,52,360
29282,7,13,69
29283,16,30,171
29284,13,27,151
29285,6,11,67
29286,8,16,97
29287,8,19,120
29288,14,24,131
29289,5,13,95
29290,7,11,62
29291,6,16,99
29292,4,10,81
29293,4,10,73
29294,4,9,55
29295,10,19,115
29296,3,15,113
29297,13,25,159
29298,0,0,3
29299,7,12,72
29300,7,15,79
29301,4,11,70
29302,16,36,222
29303,10,23,142
29304,12,24,149
29305,6,14,107
29306,10,27,186
29307,17,34,207
29308,0,0,3
29309,6,9,51
29310,28,60,379
29311,14,26,155
29312,8,15,91
29313,11,29,172
29314,4,11,59
29315,12,17,86
29316,0,0,3
29317,3,6,36
29318,6,13,87
29319,12,24,133
29320,17,37,258
29321,6,17,110
29322,0,0,4
29323,4,8,47
29324,14,33,205
29325,8,15,87
29326,6,15,100
29327,14,31,200
29328,15,26,137
29329,19,39,242
29330,15,31,197
29331,11,22,150
29332,8,17,113
29333,6,11,46
29334,13,32,181
29335,8,14,88
29336,0,0,4
29337,4,5,27
29338,15,35,227
29339,23,46,249
29340,8,19,110
29341,7,22,174
29342,6,11,59
29343,12,30,194
29344,21,45,257
29345,17,38,260
29346,0,0,4
29347,5,8,38
29348,6,13,84
29349,8,14,73
29350,8,15,90
29351,6,11,72
29352,5,11,76
29353,10,18,112
29354,11,25,158
29355,13,30,200
29356,19,48,282
29357,13,23,133
29358,10,24,135
29359,14,26,163
29360,4,7,38
29361,17,42,276
29362,6,16,94
29363,11,24,149
29364,17,36,201
29365,12,24,148
29366,6,15,103
29367,9,22,150
29368,20,41,245
29369,39,74,425
29370,18,46,306
29371,18,37,230
29372,15,34,225
29373,12,30,193
29374,14,23,119
29375,0,3,26
29376,11,21,150
29377,6,18,127
29378,6,11,69
29379,14,29,177
29380,4,9,74
29381,7,23,187
29382,0,0,3
29383,48,122,882
29384,0,0,3
29385,3,11,67
29386,0,0,3
29387,5,18,129
29388,0,0,3
29389,5,19,155
29390,0,1,10
29391,10,26,176
29392,6,17,113
29393,13,25,152
29394,13,25,149
29395,12,26,178
29396,9,22,168
29397,16,37,267
29398,20,44,295
29399,9,22,151
29400,2,5,35
29401,23,48,307
29402,7,13,84
29403,3,5,30
29404,7,17,138
29405,5,14,99
29406,6,15,105
29407,4,13,96
29408,0,0,3
29409,10,25,166
29410,18,33,203
29411,0,0,3
29412,6,24,161
29413,0,0,3
29414,3,12,92
29415,1,3,20
29416,21,47,293
29417,5,13,98
29418,8,20,124
29419,4,9,60
29420,13,31,210
29421,8,20,148
29422,6,11,81
29423,0,0,3
29424,12,28,184
29425,0,0,3
29426,6,17,124
29427,18,48,379
29428,2,4,28
29429,15,31,210
29430,7,16,97
29431,6,16,116
29432,7,15,91
29433,1,3,16
29434,10,23,157
29435,13,29,193
29436,9,16,104
29437,6,12,75
29438,6,14,92
29439,28,54,345
29440,9,19,122
29441,10,22,144
29442,10,22,132
29443,8,14,97
29444,22,48,317
29445,7,17,114
29446,7,15,102
29447,15,27,153
29448,5,13,96
29449,0,1,5
29450,3,9,64
29451,0,1,5
29452,10,22,146
29453,1,1,5
29454,9,25,167
29455,0,1,5
29456,5,11,75
29457,10,22,138
29458,9,21,127
29459,8,17,100
29460,18,41,269
29461,19,50,349
29462,19,40,273
29463,8,16,100
29464,7,11,82
29465,6,14,111
29466,7,14,120
29467,6,10,87
29468,21,40,246
29469,0,0,3
29470,11,25,158
29471,0,6,42
29472,6,16,97
29473,3,10,68
29474,14,30,177
29475,6,15,132
29476,23,50,323
29477,6,14,85
29478,16,29,190
29479,8,13,86
29480,7,16,100
29481,24,52,349
29482,8,17,112
29483,14,28,182
29484,9,25,171
29485,1,5,40
29486,15,30,199
29487,6,12,78
29488,3,7,46
29489,4,10,66
29490,4,9,53
29491,13,29,182
29492,2,10,69
29493,5,11,72
29494,20,36,211
29495,4,16,119
29496,9,22,154
29497,17,33,201
29498,16,29,204
29499,10,22,145
29500,0,3,26
29501,11,24,175
29502,18,45,335
29503,10,21,144
29504,15,31,210
29505,7,19,130
29506,12,29,200
29507,6,17,120
29508,1,3,27
29509,15,25,178
29510,8,20,133
29511,15,32,209
29512,8,16,107
29513,5,15,101
29514,10,24,150
29515,19,44,302
29516,11,19,152
29517,18,41,277
29518,8,18,132
29519,19,38,243
29520,7,20,149
29521,16,29,180
29522,10,20,144
29523,1,4,43
29524,8,17,145
29525,6,11,97
29526,18,36,247
29527,8,12,80
29528,11,27,225
29529,11,23,175
29530,10,22,144
29531,11,29,190
29532,10,22,134
29533,7,11,60
29534,11,28,187
29535,10,19,116
29536,8,16,113
29537,9,23,185
29538,20,40,251
29539,13,26,163
29540,16,38,290
29541,19,35,224
29542,7,20,137
29543,20,36,215
29544,6,15,100
29545,7,14,85
29546,18,39,291
29547,7,15,104
29548,15,31,189
29549,14,32,226
29550,7,12,68
29551,11,27,205
29552,26,52,307
29553,0,2,18
29554,13,27,175
29555,7,18,152
29556,8,27,195
29557,5,12,89
29558,13,23,146
29559,15,33,234
29560,10,27,168
29561,5,9,77
29562,10,16,105
29563,6,12,71
29564,7,13,98
29565,7,14,89
29566,13,22,112
29567,16,33,237
29568,5,12,86
29569,7,11,66
29570,9,19,126
29571,6,17,111
29572,16,38,268
29573,0,0,3
29574,19,43,260
29575,7,15,97
29576,32,74,478
29577,0,0,3
29578,22,47,310
29579,23,41,265
29580,1,4,26
29581,0,0,3
29582,34,66,384
29583,15,30,208
29584,0,1,5
29585,20,41,253
29586,0,1,5
29587,18,37,234
29588,12,22,124
29589,25,50,275
29590,0,0,3
29591,24,49,321
29592,1,4,29
29593,44,101,635
29594,0,3,32
29595,0,0,3
29596,45,85,545
29597,0,0,3
29598,23,56,384
29599,0,0,3
29600,16,41,288
29601,0,0,3
29602,26,52,336
29603,0,2,24
29604,18,34,215
29605,1,4,28
29606,2,8,53
29607,6,16,123
29608,4,10,61
29609,5,9,52
29610,0,2,20
29611,3,5,29
29612,0,2,24
29613,35,65,406
29614,5,9,72
29615,24,52,342
29616,12,26,171
29617,16,39,268
29618,0,0,5
29619,32,62,423
29620,4,5,29
29621,30,67,438
29622,42,82,500
29623,0,1,5
29624,14,27,179
29625,19,34,237
29626,0,1,5
29627,26,51,335
29628,1,1,5
29629,19,38,238
29630,15,26,157
29631,0,1,5
29632,21,44,288
29633,17,34,234
29634,8,17,120
29635,0,0,3
29636,38,91,596
29637,0,1,15
29638,0,1,3
29639,5,15,133
29640,0,1,3
29641,1,5,50
29642,1,1,3
29643,7,16,113
29644,33,71,449
29645,0,0,3
29646,26,51,301
29647,0,0,3
29648,20,38,248
29649,17,38,250
29650,0,0,5
29651,25,56,352
29652,22,41,242
29653,14,32,222
29654,23,53,367
29655,18,38,275
29656,0,0,3
29657,7,13,104
29658,13,26,178
29659,35,68,413
29660,19,42,264
29661,27,42,262
29662,38,79,512
29663,13,25,176
29664,27,53,325
29665,0,0,3
29666,21,49,342
29667,11,27,210
29668,14,29,181
29669,6,12,78
29670,17,33,221
29671,33,71,474
29672,20,39,265
29673,0,0,3
29674,25,51,337
29675,7,19,142
29676,13,27,183
29677,22,46,290
29678,10,17,105
29679,5,14,107
29680,16,45,332
29681,17,34,221
29682,11,26,195
29683,5,12,80
29684,11,22,148
29685,27,61,442
29686,0,2,19
29687,0,0,3
29688,13,25,175
29689,21,36,185
29690,5,9,60
29691,4,7,44
29692,0,0,5
29693,6,13,74
29694,0,0,5
29695,5,12,69
29696,29,47,291
29697,15,35,250
29698,22,50,361
29699,9,18,132
29700,5,7,46
29701,7,17,141
29702,18,44,296
29703,5,15,132
29704,6,20,151
29705,11,27,189
29706,0,0,3
29707,12,28,201
29708,20,38,264
29709,0,0,3
29710,12,27,188
29711,28,54,333
29712,22,41,276
29713,22,49,336
29714,13,27,178
29715,18,41,285
29716,16,30,181
29717,9,25,181
29718,0,0,3
29719,43,85,568
29720,3,5,29
29721,0,0,4
29722,9,19,118
29723,19,37,231
29724,21,44,321
29725,20,40,220
29726,2,7,39
29727,13,23,129
29728,6,14,82
29729,4,5,22
29730,9,23,139
29731,22,38,188
29732,1,4,32
29733,22,50,283
29734,13,24,151
29735,15,29,141
29736,1,4,30
29737,23,48,297
29738,13,28,184
29739,10,20,133
29740,12,26,152
29741,0,2,16
29742,18,35,192
29743,2,8,57
29744,21,40,232
29745,1,5,35
29746,17,31,174
29747,16,36,227
29748,6,15,99
29749,5,11,80
29750,9,18,89
29751,8,13,75
29752,6,13,75
29753,13,22,113
29754,2,5,31
29755,7,17,104
29756,18,36,215
29757,27,57,364
29758,5,17,100
29759,10,18,105
29760,22,43,242
29761,13,22,112
29762,2,7,43
29763,1,3,25
29764,17,34,198
29765,8,22,129
29766,1,3,19
29767,13,28,179
29768,11,28,167
29769,19,37,209
29770,1,4,26
29771,13,22,103
29772,6,15,83
29773,2,4,21
29774,16,30,177
29775,7,11,54
29776,11,22,119
29777,3,7,41
29778,2,6,33
29779,9,17,93
29780,11,22,117
29781,3,11,70
29782,5,13,80
29783,0,1,9
29784,15,31,190
29785,14,23,129
29786,20,35,198
29787,11,21,123
29788,2,3,15
29789,13,24,141
29790,15,31,203
29791,26,60,391
29792,0,3,21
29793,0,0,1
29794,5,15,101
29795,6,11,60
29796,4,12,85
29797,6,14,95
29798,5,12,69
29799,0,2,17
29800,4,8,53
29801,5,13,92
29802,1,3,20
29803,13,30,205
29804,0,2,18
29805,0,0,1
29806,5,14,108
29807,0,2,18
29808,0,0,1
29809,10,22,144
29810,10,23,151
29811,0,2,18
29812,8,16,110
29813,0,2,18
29814,0,0,1
29815,6,16,96
29816,9,16,79
29817,0,2,17
29818,2,5,34
29819,6,12,76
29820,16,32,191
29821,6,16,109
29822,0,2,18
29823,1,3,24
29824,6,19,138
29825,0,2,18
29826,1,2,20
29827,4,11,79
29828,7,12,67
29829,8,17,93
29830,1,3,30
29831,0,0,1
29832,0,0,3
29833,6,14,80
29834,15,30,160
29835,9,14,71
29836,10,21,114
29837,0,4,31
29838,18,29,153
29839,0,2,15
29840,0,1,9
29841,2,6,42
29842,3,5,32
29843,12,22,120
29844,11,20,110
29845,2,6,25
29846,12,22,114
29847,5,15,115
29848,9,17,97
29849,0,2,15
29850,12,22,121
29851,19,38,221
29852,11,17,105
29853,11,23,155
29854,14,28,154
29855,32,61,364
29856,13,26,165
29857,15,25,162
29858,20,38,247
29859,20,39,252
29860,19,37,204
29861,15,29,192
29862,18,37,215
29863,3,7,46
29864,22,46,305
29865,17,30,185
29866,8,14,75
29867,22,39,212
29868,20,35,206
29869,20,37,226
29870,18,45,315
29871,19,30,168
29872,13,21,110
29873,4,7,38
29874,18,38,242
29875,6,17,120
29876,10,17,101
29877,7,14,91
29878,6,17,145
29879,11,27,185
29880,19,41,283
29881,9,22,169
29882,7,13,69
29883,4,12,98
29884,3,9,64
29885,19,41,265
29886,5,18,162
29887,11,25,179
29888,15,24,124
29889,7,12,76
29890,13,21,106
29891,7,15,109
29892,10,22,127
29893,10,23,158
29894,4,11,89
29895,5,12,78
29896,4,10,87
29897,4,10,64
29898,8,21,161
29899,6,22,154
29900,8,19,146
29901,7,22,138
29902,6,15,99
29903,15,31,174
29904,8,18,113
29905,14,29,182
29906,16,27,154
29907,12,23,153
29908,16,25,128
29909,27,61,397
29910,9,15,81
29911,2,5,36
29912,13,25,164
29913,23,45,272
29914,9,15,87
29915,7,15,79
29916,14,31,198
29917,14,21,94
29918,5,11,70
29919,7,15,89
29920,6,12,66
29921,7,14,89
29922,11,23,147
29923,17,32,183
29924,37,68,424
29925,3,6,53
29926,2,3,26
29927,11,21,129
29928,23,43,266
29929,17,31,178
29930,11,25,161
29931,7,13,78
29932,11,28,183
29933,10,25,177
29934,21,43,301
29935,7,14,91
29936,12,27,157
29937,20,44,268
29938,12,27,193
29939,5,10,65
29940,9,26,159
29941,22,44,274
29942,6,13,83
29943,12,28,169
29944,10,22,172
29945,15,31,179
29946,19,39,243
29947,12,25,153
29948,7,16,112
29949,20,38,254
29950,7,17,113
29951,12,25,157
29952,15,35,238
29953,11,22,154
29954,17,37,213
29955,9,25,186
29956,3,10,82
29957,13,29,178
29958,20,40,206
29959,29,51,287
29960,12,30,204
29961,19,34,213
29962,11,31,207
29963,12,34,226
29964,5,16,119
29965,14,25,161
29966,7,17,130
29967,9,26,198
29968,7,20,135
29969,8,31,221
29970,13,23,124
29971,13,24,122
29972,12,30,196
29973,15,32,224
29974,4,13,84
29975,15,31,190
29976,23,44,250
29977,9,24,163
29978,10,20,147
29979,11,23,161
29980,9,25,174
29981,9,23,158
29982,2,6,33
29983,9,21,148
29984,9,18,123
29985,21,46,280
29986,20,56,416
29987,11,23,154
29988,4,11,82
29989,11,27,175
29990,21,43,241
29991,14,26,160
29992,12,28,180
29993,13,33,229
29994,6,15,96
29995,12,43,339
29996,9,27,190
29997,8,19,152
29998,7,15,81
29999,5,24,180
30000,7,21,136
30001,8,26,215
30002,6,22,135
30003,5,13,92
30004,11,25,190
30005,6,10,98
30006,10,23,153
30007,21,42,268
30008,1,4,24
30009,14,24,148
30010,13,29,189
30011,1,5,25
30012,23,53,340
30013,16,36,244
30014,1,3,24
30015,12,26,187
30016,15,40,259
30017,6,17,119
30018,14,32,204
30019,0,2,16
30020,16,37,242
30021,16,38,249
30022,0,3,21
30023,4,10,73
30024,4,15,106
30025,8,20,119
30026,8,22,148
30027,9,23,157
30028,7,23,154
30029,0,1,21
30030,5,14,101
30031,10,22,138
30032,7,22,155
30033,6,12,83
30034,0,1,8
30035,8,20,143
30036,10,20,113
30037,7,18,116
30038,9,16,93
30039,5,15,117
30040,17,32,179
30041,14,32,239
30042,3,10,61
30043,0,3,22
30044,7,21,127
30045,0,1,16
30046,10,20,137
30047,8,16,91
30048,8,22,131
30049,6,14,85
30050,7,22,170
30051,5,11,64
30052,0,2,21
30053,14,26,183
30054,0,3,23
30055,6,16,110
30056,8,21,153
30057,18,37,234
30058,4,12,81
30059,10,27,190
30060,7,16,102
30061,10,19,125
30062,7,13,83
30063,3,9,80
30064,12,26,156
30065,12,28,173
30066,4,12,81
30067,12,23,144
30068,0,3,20
30069,9,24,155
30070,8,16,97
30071,9,15,87
30072,5,11,75
30073,6,13,68
30074,6,13,93
30075,7,23,189
30076,13,30,178
30077,14,26,149
30078,0,2,18
30079,6,18,140
30080,13,27,172
30081,6,15,104
30082,7,18,117
30083,9,17,94
30084,0,2,22
30085,8,14,77
30086,13,24,165
30087,8,14,76
30088,6,10,69
30089,6,17,104
30090,13,27,206
30091,8,18,125
30092,4,8,61
30093,6,12,98
30094,3,8,51
30095,0,2,18
30096,14,32,269
30097,9,21,152
30098,0,2,18
30099,11,23,139
30100,6,19,148
30101,12,29,198
30102,8,17,103
30103,8,23,145
30104,11,27,183
30105,0,2,20
30106,7,17,110
30107,17,39,263
30108,1,4,27
30109,13,30,189
30110,3,10,71
30111,11,28,179
30112,12,25,149
30113,4,11,75
30114,0,2,18
30115,17,30,155
30116,11,29,204
30117,10,16,100
30118,6,15,96
30119,8,16,94
30120,16,32,205
30121,8,21,147
30122,3,8,74
30123,2,7,43
30124,0,2,20
30125,20,40,285
30126,8,18,120
30127,13,28,173
30128,7,16,90
30129,9,17,99
30130,3,8,50
30131,1,5,33
30132,13,25,163
30133,6,12,67
30134,6,18,139
30135,11,24,147
30136,4,13,83
30137,3,7,47
30138,2,7,60
30139,9,17,136
30140,7,20,141
30141,9,27,197
30142,5,10,81
30143,4,38,393
30144,6,17,150
30145,4,21,217
30146,0,1,7
30147,18,37,262
30148,4,8,54
30149,5,12,83
30150,17,29,162
30151,20,43,288
30152,0,2,16
30153,6,23,189
30154,7,13,107
30155,4,11,65
30156,13,29,209
30157,5,11,60
30158,6,11,64
30159,0,1,9
30160,15,29,180
30161,16,40,269
30162,11,21,159
30163,10,21,135
30164,3,4,29
30165,3,6,41
30166,7,14,99
30167,2,5,38
30168,2,7,59
30169,7,16,104
30170,5,10,67
30171,22,46,316
30172,11,19,106
30173,0,0,3
30174,11,20,112
30175,11,20,110
30176,11,23,129
30177,11,26,176
30178,0,2,13
30179,6,16,105
30180,3,8,63
30181,11,21,118
30182,0,3,32
30183,6,13,100
30184,14,29,198
30185,10,17,97
30186,5,10,56
30187,4,17,121
30188,13,34,230
30189,9,23,146
30190,10,27,177
30191,5,12,72
30192,7,21,168
30193,7,19,131
30194,12,26,177
30195,6,18,127
30196,0,2,20
30197,9,20,143
30198,6,12,73
30199,2,6,39
30200,2,5,31
30201,2,6,39
30202,3,6,32
30203,7,19,126
30204,15,34,222
30205,3,7,44
30206,11,22,145
30207,8,18,127
30208,10,23,159
30209,0,2,20
30210,11,21,142
30211,0,2,16
30212,3,8,51
30213,5,15,110
30214,11,27,176
30215,5,13,89
30216,7,13,72
30217,7,15,93
30218,12,26,172
30219,9,19,117
30220,6,13,90
30221,9,16,87
30222,6,13,87
30223,0,3,27
30224,17,40,317
30225,7,15,98
30226,4,12,75
30227,0,2,18
30228,20,45,316
30229,5,12,94
30230,5,10,74
30231,15,31,184
30232,19,40,228
30233,22,44,269
30234,23,47,286
30235,6,14,91
30236,13,21,124
30237,17,37,268
30238,6,9,50
30239,1,4,27
30240,11,26,212
30241,6,15,80
30242,18,41,256
30243,8,18,110
30244,3,9,71
30245,6,19,135
30246,10,24,136
30247,5,12,74
30248,4,11,79
30249,14,30,195
30250,16,34,204
30251,24,47,298
30252,20,38,220
30253,13,26,175
30254,1,4,28
30255,7,19,166
30256,19,41,271
30257,33,65,412
30258,27,52,289
30259,12,31,218
30260,10,26,210
30261,13,31,220
30262,3,11,75
30263,25,42,283
30264,25,50,322
30265,15,31,187
30266,0,3,31
30267,7,23,181
30268,11,19,141
30269,14,33,236
30270,6,18,129
30271,24,48,291
30272,2,8,70
30273,0,2,17
30274,10,26,167
30275,10,15,108
30276,9,20,133
30277,13,31,187
30278,15,36,216
30279,6,18,147
30280,10,22,166
30281,16,27,188
30282,12,28,194
30283,26,50,293
30284,3,8,60
30285,14,25,166
30286,11,35,279
30287,14,40,299
30288,8,23,160
30289,12,37,270
30290,15,35,241
30291,6,13,80
30292,8,22,177
30293,13,25,147
30294,11,24,162
30295,5,19,178
30296,6,20,151
30297,11,26,183
30298,7,12,74
30299,5,11,76
30300,11,21,124
30301,12,27,184
30302,11,32,232
30303,11,24,180
30304,4,11,73
30305,7,22,145
30306,20,37,242
30307,7,16,107
30308,13,28,217
30309,16,30,195
30310,3,7,49
30311,14,26,150
30312,9,16,101
30313,4,7,40
30314,14,30,186
30315,8,21,154
30316,16,27,177
30317,5,10,81
30318,15,29,191
30319,5,12,79
30320,5,10,74
30321,3,6,40
30322,9,20,135
30323,5,10,56
30324,17,33,193
30325,7,16,100
30326,8,22,162
30327,25,50,283
30328,3,11,94
30329,15,33,224
30330,3,7,60
30331,6,12,74
30332,9,16,106
30333,13,26,166
30334,6,14,104
30335,8,17,112
30336,13,26,175
30337,9,17,101
30338,9,23,152
30339,10,22,136
30340,4,11,84
30341,13,26,160
30342,8,14,112
30343,4,9,69
30344,5,15,114
30345,10,19,135
30346,5,20,140
30347,9,20,126
30348,12,26,171
30349,14,26,170
30350,11,21,120
30351,8,22,139
30352,20,44,286
30353,7,15,103
30354,12,31,208
30355,12,28,173
30356,11,26,166
30357,14,30,179
30358,24,49,320
30359,5,13,117
30360,12,25,161
30361,4,11,84
30362,4,14,107
30363,6,11,72
30364,5,20,142
30365,8,17,129
30366,3,8,59
30367,7,17,113
30368,7,15,91
30369,7,14,98
30370,9,16,93
30371,10,21,120
30372,6,19,143
30373,4,9,61
30374,3,8,65
30375,1,5,28
30376,5,11,63
30377,8,19,121
30378,8,21,159
30379,7,16,120
30380,5,12,97
30381,6,12,78
30382,13,29,205
30383,10,22,126
30384,12,21,124
30385,7,12,76
30386,4,9,60
30387,11,23,124
30388,6,16,113
30389,7,19,142
30390,12,26,174
30391,14,30,184
30392,5,20,168
30393,11,20,116
30394,11,25,169
30395,6,13,90
30396,14,35,236
30397,8,16,128
30398,16,29,173
30399,12,28,192
30400,12,24,143
30401,9,18,132
30402,21,42,252
30403,0,0,3
30404,0,1,12
30405,14,27,156
30406,19,38,259
30407,15,30,202
30408,21,43,278
30409,7,19,136
30410,17,39,242
30411,25,46,286
30412,21,40,266
30413,11,21,130
30414,19,37,227
30415,12,24,153
30416,22,45,286
30417,20,36,212
30418,15,29,173
30419,12,23,156
30420,13,25,153
30421,15,27,187
30422,16,30,177
30423,15,35,231
30424,20,42,259
30425,17,42,272
30426,15,32,222
30427,5,12,102
30428,19,39,268
30429,17,34,225
30430,10,20,142
30431,9,18,104
30432,15,31,197
30433,12,24,153
30434,12,25,172
30435,9,15,112
30436,18,38,267
30437,13,29,211
30438,17,27,169
30439,9,18,121
30440,13,26,156
30441,16,30,191
30442,20,37,234
30443,16,37,235
30444,5,17,140
30445,10,22,135
30446,10,25,208
30447,0,0,3
30448,1,2,8
30449,0,1,16
30450,13,25,143
30451,3,11,96
30452,0,2,21
30453,26,50,331
30454,20,43,279
30455,11,22,134
30456,8,16,93
30457,5,15,98
30458,13,27,200
30459,14,28,200
30460,12,23,152
30461,13,24,160
30462,10,24,182
30463,13,27,163
30464,20,39,234
30465,23,49,317
30466,20,41,261
30467,13,30,171
30468,7,13,94
30469,19,32,205
30470,16,31,200
30471,9,21,167
30472,5,8,38
30473,18,34,213
30474,0,1,8
30475,6,18,113
30476,8,17,90
30477,13,28,148
30478,4,9,56
30479,4,10,60
30480,11,27,169
30481,7,21,145
30482,0,1,12
30483,5,19,134
30484,4,9,63
30485,16,39,244
30486,15,34,217
30487,12,26,154
30488,3,12,89
30489,6,12,68
30490,5,15,100
30491,11,23,143
30492,0,0,3
30493,6,14,83
30494,12,28,147
30495,5,10,86
30496,13,28,159
30497,6,17,102
30498,17,29,173
30499,5,11,72
30500,4,12,71
30501,13,26,145
30502,3,7,58
30503,9,24,131
30504,0,0,3
30505,6,15,83
30506,0,0,3
30507,7,15,97
30508,8,16,121
30509,17,34,189
30510,15,32,206
30511,7,13,76
30512,7,16,93
30513,2,6,40
30514,3,8,54
30515,2,10,70
30516,7,15,95
30517,11,25,168
30518,0,2,22
30519,8,20,120
30520,5,16,108
30521,8,19,117
30522,11,21,108
30523,6,16,100
30524,7,16,96
30525,12,29,170
30526,3,12,81
30527,9,17,101
30528,6,15,86
30529,4,11,69
30530,6,14,93
30531,4,9,43
30532,10,21,112
30533,7,16,104
30534,8,26,203
30535,7,19,135
30536,4,11,67
30537,14,28,163
30538,20,42,227
30539,7,17,105
30540,17,31,195
30541,8,19,113
30542,3,7,51
30543,7,16,92
30544,9,18,110
30545,8,18,111
30546,9,17,118
30547,4,10,52
30548,1,5,41
30549,0,0,3
30550,1,7,51
30551,5,13,72
30552,17,27,135
30553,12,24,145
30554,6,14,85
30555,16,35,192
30556,14,30,183
30557,9,19,118
30558,4,10,54
30559,8,16,97
30560,7,12,59
30561,3,6,35
30562,5,10,50
30563,9,17,98
30564,14,26,148
30565,3,5,22
30566,14,29,161
30567,14,35,219
30568,18,41,249
30569,5,13,86
30570,6,16,102
30571,9,26,188
30572,5,8,52
30573,7,15,93
30574,8,19,118
30575,8,18,116
30576,10,20,128
30577,14,34,223
30578,19,37,233
30579,10,25,151
30580,6,13,69
30581,6,15,77
30582,4,13,87
30583,4,8,63
30584,14,31,185
30585,3,7,40
30586,4,12,66
30587,12,19,85
30588,15,27,145
30589,15,27,133
30590,9,18,103
30591,8,15,86
30592,7,14,90
30593,19,31,150
30594,4,8,34
30595,19,31,193
30596,11,22,130
30597,8,16,98
30598,15,34,227
30599,5,17,109
30600,32,50,269
30601,20,33,171
30602,17,31,177
30603,14,26,161
30604,10,19,113
30605,10,20,132
30606,10,20,123
30607,11,23,146
30608,21,38,242
30609,11,23,140
30610,4,7,54
30611,15,30,172
30612,12,22,135
30613,8,18,121
30614,18,33,197
30615,23,54,383
30616,14,30,181
30617,13,23,125
30618,17,33,204
30619,21,35,184
30620,21,42,221
30621,7,16,86
30622,17,33,172
30623,8,19,109
30624,4,7,39
30625,11,24,168
30626,6,14,93
30627,7,17,104
30628,13,21,137
30629,14,21,122
30630,12,24,167
30631,26,42,234
30632,9,16,95
30633,14,35,223
30634,19,41,261
30635,9,17,104
30636,20,34,198
30637,24,43,249
30638,12,23,124
30639,10,16,102
30640,8,12,81
30641,12,22,126
30642,17,32,181
30643,12,21,127
30644,8,15,95
30645,15,27,154
30646,12,19,108
30647,2,6,42
30648,13,24,136
30649,8,21,137
30650,25,51,284
30651,4,8,47
30652,26,46,205
30653,11,20,113
30654,10,25,171
30655,8,13,77
30656,8,17,89
30657,22,42,241
30658,5,8,38
30659,11,19,108
30660,9,19,135
30661,9,18,106
30662,15,32,194
30663,4,11,55
30664,15,29,200
30665,3,6,41
30666,13,22,136
30667,7,19,123
30668,8,19,110
30669,7,18,118
30670,5,17,113
30671,11,24,142
30672,4,17,117
30673,12,28,170
30674,7,17,117
30675,5,14,88
30676,5,14,109
30677,4,11,81
30678,12,26,148
30679,0,1,12
30680,8,21,142
30681,8,22,168
30682,21,46,277
30683,3,8,36
30684,13,24,150
30685,4,11,78
30686,13,29,197
30687,1,4,13
30688,12,25,146
30689,10,19,121
30690,7,15,79
30691,3,7,34
30692,8,18,115
30693,3,6,33
30694,22,46,285
30695,4,10,71
30696,6,14,71
30697,12,22,143
30698,3,12,68
30699,6,19,125
30700,12,26,160
30701,12,22,116
30702,0,1,4
30703,4,10,61
30704,3,12,84
30705,9,19,94
30706,12,22,112
30707,17,37,211
30708,3,9,59
30709,7,11,58
30710,3,8,54
30711,10,18,96
30712,9,19,108
30713,25,56,297
30714,9,28,214
30715,14,25,141
30716,12,26,156
30717,16,33,195
30718,11,20,107
30719,14,33,204
30720,10,22,137
30721,24,53,340
30722,7,19,151
30723,0,2,23
30724,0,1,7
30725,5,14,108
30726,5,12,71
30727,8,19,126
30728,6,14,93
30729,7,18,118
30730,4,10,62
30731,7,15,92
30732,7,14,115
30733,6,16,139
30734,6,12,73
30735,6,15,133
30736,5,12,61
30737,3,15,118
30738,12,26,175
30739,8,15,103
30740,3,11,75
30741,2,8,63
30742,7,21,126
30743,13,26,176
30744,4,11,98
30745,8,21,129
30746,3,9,68
30747,8,19,132
30748,8,19,129
30749,6,12,95
30750,6,11,72
30751,15,31,186
30752,0,5,47
30753,6,20,151
30754,4,11,73
30755,5,9,65
30756,6,20,125
30757,8,19,144
30758,3,7,47
30759,8,17,109
30760,7,19,120
30761,4,10,60
30762,6,16,103
30763,10,22,151
30764,2,5,39
30765,11,23,129
30766,4,10,70
30767,3,11,93
30768,4,8,72
30769,10,21,131
30770,10,22,134
30771,21,43,291
30772,16,33,216
30773,9,19,123
30774,6,12,70
30775,10,19,131
30776,0,0,3
30777,6,12,68
30778,13,26,139
30779,11,21,123
30780,10,25,153
30781,7,13,86
30782,17,40,278
30783,3,9,58
30784,6,15,122
30785,15,37,300
30786,10,21,153
30787,1,6,58
30788,9,18,120
30789,15,34,241
30790,10,27,232
30791,5,12,79
30792,15,29,190
30793,1,7,51
30794,3,6,57
30795,1,3,20
30796,4,10,63
30797,7,18,129
30798,7,15,126
30799,7,15,73
30800,8,17,95
30801,8,19,132
30802,5,18,151
30803,6,11,99
30804,9,22,165
30805,13,27,163
30806,9,20,136
30807,5,13,80
30808,9,23,166
30809,10,23,161
30810,11,26,199
30811,2,10,66
30812,16,34,186
30813,14,29,198
30814,4,12,78
30815,12,23,150
30816,15,30,189
30817,5,9,65
30818,6,12,91
30819,12,28,215
30820,3,12,130
30821,6,16,110
30822,9,16,113
30823,1,4,29
30824,29,59,384
30825,9,20,132
30826,12,25,162
30827,0,0,3
30828,6,15,113
30829,0,0,3
30830,9,23,151
30831,0,0,3
30832,5,16,122
30833,7,15,94
30834,9,22,127
30835,12,28,198
30836,18,35,216
30837,14,31,189
30838,9,24,149
30839,3,12,87
30840,7,13,78
30841,13,28,172
30842,19,44,267
30843,3,10,61
30844,11,24,148
30845,1,4,33
30846,5,13,84
30847,13,24,137
30848,10,30,200
30849,13,32,245
30850,5,11,87
30851,12,24,175
30852,12,32,221
30853,16,31,189
30854,10,23,155
30855,12,24,173
30856,19,45,286
30857,7,18,112
30858,16,34,207
30859,15,30,182
30860,7,21,143
30861,8,18,120
30862,11,34,256
30863,14,29,208
30864,17,39,240
30865,11,25,167
30866,6,15,92
30867,7,15,99
30868,10,19,155
30869,6,15,91
30870,11,23,129
30871,3,9,65
30872,4,11,76
30873,8,19,121
30874,15,35,242
30875,10,17,126
30876,19,38,250
30877,11,21,135
30878,12,25,148
30879,12,23,116
30880,4,18,140
30881,16,35,193
30882,20,44,279
30883,0,1,12
30884,10,31,246
30885,29,55,346
30886,5,13,96
30887,12,25,156
30888,11,26,186
30889,23,45,258
30890,9,20,117
30891,10,27,181
30892,21,42,290
30893,0,1,12
30894,0,1,10
30895,10,25,155
30896,15,28,162
30897,7,14,85
30898,12,28,193
30899,7,20,136
30900,15,29,162
30901,5,14,99
30902,7,13,82
30903,14,33,210
30904,20,37,227
30905,15,29,161
30906,11,24,169
30907,10,21,122
30908,18,34,206
30909,15,28,174
30910,17,32,206
30911,11,23,133
30912,1,4,34
30913,6,17,133
30914,7,15,104
30915,7,16,126
30916,11,26,225
30917,10,23,145
30918,8,18,129
30919,5,18,108
30920,15,32,188
30921,3,11,90
30922,14,26,134
30923,7,17,111
30924,9,26,174
30925,12,23,140
30926,13,28,176
30927,26,57,386
30928,0,1,7
30929,1,3,22
30930,6,17,129
30931,3,5,60
30932,32,74,466
30933,18,34,196
30934,5,13,83
30935,8,13,91
30936,6,18,120
30937,5,9,55
30938,14,34,203
30939,7,17,107
30940,1,5,41
30941,7,20,156
30942,10,20,126
30943,3,13,99
30944,21,39,269
30945,8,16,96
30946,17,38,253
30947,26,59,374
30948,13,25,164
30949,11,21,139
30950,6,13,78
30951,3,7,45
30952,31,68,450
30953,8,17,99
30954,0,0,1
30955,13,24,151
30956,28,55,346
30957,19,38,219
30958,1,3,52
30959,22,44,264
30960,9,24,158
30961,8,18,152
30962,20,41,285
30963,12,28,207
30964,7,19,132
30965,6,17,109
30966,24,40,220
30967,19,37,260
30968,6,13,76
30969,13,30,224
30970,2,5,36
30971,7,20,148
30972,2,8,63
30973,12,22,121
30974,1,5,46
30975,5,13,82
30976,13,28,174
30977,9,20,146
30978,15,28,154
30979,5,12,73
30980,5,10,73
30981,5,13,95
30982,8,20,141
30983,19,39,241
30984,7,20,140
30985,8,16,107
30986,6,16,89
30987,8,21,159
30988,4,10,76
30989,8,19,168
30990,8,23,147
30991,3,9,100
30992,7,17,110
30993,7,16,100
30994,2,7,44
30995,15,30,165
30996,8,20,138
30997,12,19,121
30998,7,15,80
30999,4,10,50
31000,6,14,83
31001,13,28,159
31002,10,25,164
31003,5,9,57
31004,5,10,60
31005,10,20,103
31006,17,34,216
31007,1,6,46
31008,9,18,107
31009,16,36,211
31010,7,12,70
31011,7,14,96
31012,10,26,190
31013,7,21,146
31014,9,18,113
31015,17,32,197
31016,4,10,73
31017,11,19,122
31018,16,28,185
31019,14,27,156
31020,6,13,84
31021,9,28,182
31022,5,11,71
31023,4,10,57
31024,14,26,163
31025,21,41,236
31026,10,22,133
31027,11,21,130
31028,9,21,143
31029,18,31,190
31030,17,36,222
31031,14,26,141
31032,16,32,182
31033,5,10,61
31034,9,17,112
31035,3,9,70
31036,4,9,51
31037,6,15,96
31038,13,24,137
31039,7,17,96
31040,5,12,94
31041,7,17,112
31042,23,44,261
31043,7,17,140
31044,6,13,104
31045,16,30,170
31046,9,23,152
31047,5,10,74
31048,12,23,139
31049,4,9,55
31050,11,22,156
31051,14,28,238
31052,23,36,198
31053,0,0,5
31054,1,5,43
31055,11,26,182
31056,15,28,172
31057,5,11,71
31058,12,25,153
31059,7,18,98
31060,0,2,18
31061,11,25,168
31062,11,25,170
31063,5,15,85
31064,4,10,69
31065,8,11,63
31066,8,23,168
31067,7,16,105
31068,6,18,109
31069,11,23,124
31070,12,30,233
31071,7,17,124
31072,10,29,218
31073,4,12,95
31074,6,15,110
31075,10,25,185
31076,6,12,83
31077,24,46,287
31078,13,28,171
31079,3,7,46
31080,7,16,112
31081,5,12,86
31082,10,25,155
31083,4,13,97
31084,4,10,74
31085,6,15,102
31086,3,6,38
31087,11,18,112
31088,11,25,185
31089,8,13,82
31090,9,18,110
31091,9,23,179
31092,9,18,120
31093,10,19,121
31094,8,17,105
31095,9,23,159
31096,4,11,74
31097,5,12,96
31098,7,16,101
31099,3,8,55
31100,4,10,70
31101,10,17,97
31102,9,17,104
31103,10,22,148
31104,6,20,159
31105,12,27,164
31106,11,24,142
31107,9,22,146
31108,1,5,44
31109,5,9,67
31110,5,14,90
31111,6,11,57
31112,8,19,132
31113,14,32,195
31114,8,18,101
31115,14,23,148
31116,9,16,114
31117,8,14,78
31118,4,9,59
31119,7,17,113
31120,5,13,82
31121,6,12,65
31122,0,0,1
31123,10,19,120
31124,12,28,166
31125,14,28,166
31126,7,16,106
31127,6,18,124
31128,8,21,128
31129,6,14,83
31130,8,25,198
31131,5,20,148
31132,7,13,75
31133,7,13,93
31134,11,21,137
31135,10,22,142
31136,7,17,106
31137,17,31,181
31138,9,18,108
31139,6,20,130
31140,6,15,99
31141,7,16,111
31142,7,14,102
31143,2,6,58
31144,6,12,71
31145,4,10,73
31146,3,8,57
31147,6,10,56
31148,14,22,124
31149,19,33,183
31150,12,25,171
31151,8,14,76
31152,8,16,86
31153,10,19,134
31154,3,7,51
31155,17,39,222
31156,10,17,95
31157,3,7,49
31158,11,22,143
31159,7,12,67
31160,10,21,108
31161,8,18,109
31162,7,20,152
31163,9,13,75
31164,7,15,109
31165,17,30,146
31166,5,16,120
31167,4,11,67
31168,5,13,87
31169,4,14,97
31170,6,10,58
31171,6,16,94
31172,10,22,138
31173,7,16,101
31174,3,14,155
31175,6,13,90
31176,5,23,177
31177,9,23,131
31178,8,20,165
31179,19,43,298
31180,1,3,21
31181,0,1,9
31182,5,14,78
31183,4,11,80
31184,5,11,70
31185,7,17,123
31186,11,24,173
31187,7,15,102
31188,6,13,90
31189,4,12,80
31190,0,2,23
31191,11,24,156
31192,10,27,123
31193,4,11,63
31194,8,19,110
31195,6,16,96
31196,7,14,102
31197,14,32,202
31198,6,11,64
31199,7,19,129
31200,6,18,116
31201,11,23,146
31202,12,24,163
31203,7,16,91
31204,13,28,192
31205,4,12,84
31206,10,20,129
31207,13,29,186
31208,11,22,200
31209,7,14,84
31210,0,1,16
31211,7,17,105
31212,11,26,181
31213,7,11,97
31214,9,20,140
31215,10,20,165
31216,11,30,220
31217,5,14,113
31218,7,19,176
31219,12,22,213
31220,2,6,46
31221,11,20,106
31222,5,12,66
31223,3,7,60
31224,9,18,122
31225,0,2,23
31226,18,37,274
31227,8,15,113
31228,14,32,221
31229,8,28,196
31230,11,23,164
31231,14,31,225
31232,20,36,214
31233,11,24,142
31234,9,23,151
31235,0,1,21
31236,16,34,261
31237,13,22,154
31238,8,20,146
31239,12,30,215
31240,10,22,157
31241,11,22,144
31242,4,6,39
31243,1,3,24
31244,8,23,170
31245,13,40,288
31246,5,8,74
31247,17,38,297
31248,5,15,101
31249,7,19,149
31250,5,19,189
31251,9,19,121
31252,8,16,88
31253,16,33,208
31254,20,39,257
31255,6,16,98
31256,6,17,109
31257,8,17,105
31258,12,27,176
31259,8,14,114
31260,8,24,187
31261,6,17,113
31262,5,12,83
31263,3,6,35
31264,6,16,118
31265,14,32,189
31266,3,13,102
31267,8,22,150
31268,10,20,117
31269,12,26,158
31270,7,15,94
31271,20,36,188
31272,14,29,164
31273,13,24,134
31274,17,31,192
31275,10,18,97
31276,14,25,142
31277,23,49,279
31278,16,34,199
31279,3,6,31
31280,5,13,72
31281,18,34,199
31282,6,17,94
31283,4,8,63
31284,6,13,92
31285,16,31,179
31286,7,12,71
31287,5,7,33
31288,3,10,63
31289,11,28,191
31290,11,21,93
31291,4,11,64
31292,11,23,139
31293,22,39,199
31294,7,21,128
31295,11,23,131
31296,5,11,59
31297,14,27,153
31298,9,19,140
31299,5,13,66
31300,11,20,104
31301,11,29,158
31302,8,19,116
31303,5,10,53
31304,6,14,72
31305,4,9,52
31306,18,46,257
31307,4,10,49
31308,6,12,66
31309,10,21,118
31310,17,30,162
31311,10,22,140
31312,14,29,157
31313,14,24,128
31314,4,7,41
31315,10,21,111
31316,10,21,130
31317,18,32,196
31318,10,20,122
31319,9,20,126
31320,10,19,142
31321,6,16,111
31322,12,29,163
31323,7,16,80
31324,13,27,165
31325,8,18,114
31326,11,20,116
31327,7,13,72
31328,9,19,105
31329,7,15,91
31330,5,9,54
31331,11,20,117
31332,5,10,64
31333,12,22,121
31334,10,22,131
31335,12,27,151
31336,2,5,27
31337,12,24,133
31338,15,27,138
31339,13,23,128
31340,9,18,110
31341,7,17,109
31342,19,32,194
31343,10,18,98
31344,6,12,71
31345,9,23,135
31346,14,27,145
31347,12,22,119
31348,11,19,104
31349,8,13,70
31350,11,24,138
31351,13,30,155
31352,5,11,63
31353,11,27,162
31354,12,30,218
31355,7,17,90
31356,18,34,192
31357,9,19,107
31358,4,10,54
31359,19,37,199
31360,7,16,97
31361,4,10,69
31362,7,12,71
31363,6,11,59
31364,1,4,31
31365,3,6,39
31366,17,39,227
31367,7,16,101
31368,16,42,273
31369,17,38,243
31370,10,18,111
31371,9,17,99
31372,11,27,171
31373,3,8,53
31374,8,13,78
31375,12,25,170
31376,24,44,249
31377,24,48,273
31378,5,12,63
31379,22,48,284
31380,13,29,152
31381,6,15,89
31382,16,24,141
31383,11,22,133
31384,8,17,102
31385,5,12,67
31386,7,15,79
31387,15,29,171
31388,9,20,125
31389,17,42,250
31390,4,8,46
31391,8,16,91
31392,12,28,189
31393,8,16,91
31394,24,42,258
31395,17,35,204
31396,3,13,91
31397,0,4,46
31398,0,4,41
31399,5,13,100
31400,16,31,166
31401,17,40,236
31402,7,19,113
31403,0,2,14
31404,9,26,181
31405,3,7,45
31406,7,19,135
31407,12,18,93
31408,12,18,92
31409,3,13,91
31410,6,10,54
31411,11,25,153
31412,2,7,56
31413,5,15,97
31414,7,19,128
31415,7,15,71
31416,20,38,233
31417,10,22,131
31418,19,44,313
31419,9,20,124
31420,8,18,126
31421,4,7,43
31422,12,27,172
31423,7,15,91
31424,2,5,24
31425,16,32,180
31426,1,5,35
31427,6,10,59
31428,4,10,77
31429,4,10,69
31430,0,1,10
31431,3,8,53
31432,7,18,130
31433,4,16,129
31434,9,17,104
31435,2,8,59
31436,10,22,141
31437,11,25,158
31438,18,34,210
31439,4,8,58
31440,4,11,71
31441,5,10,60
31442,13,30,184
31443,9,15,81
31444,6,16,111
31445,10,23,172
31446,7,18,137
31447,13,30,194
31448,5,10,59
31449,7,14,85
31450,4,14,102
31451,8,18,107
31452,5,11,71
31453,0,2,17
31454,4,16,105
31455,3,7,39
31456,11,23,155
31457,4,6,37
31458,12,33,206
31459,9,20,120
31460,6,13,90
31461,9,22,143
31462,6,12,72
31463,7,16,97
31464,14,29,176
31465,6,15,89
31466,5,11,73
31467,9,22,130
31468,4,8,52
31469,5,14,94
31470,12,28,197
31471,2,6,41
31472,12,28,200
31473,8,21,128
31474,18,38,247
31475,4,9,75
31476,6,11,75
31477,5,11,83
31478,3,13,114
31479,9,25,208
31480,15,26,161
31481,3,8,67
31482,12,22,137
31483,3,7,59
31484,14,26,166
31485,8,16,103
31486,11,25,157
31487,8,20,147
31488,5,13,91
31489,11,26,171
31490,11,26,180
31491,7,15,118
31492,8,18,108
31493,8,17,111
31494,10,18,114
31495,7,13,94
31496,8,20,149
31497,4,15,102
31498,2,4,34
31499,2,5,63
31500,3,11,115
31501,0,1,10
31502,8,17,118
31503,11,19,139
31504,9,20,138
31505,10,22,134
31506,5,12,72
31507,6,11,58
31508,12,25,154
31509,7,15,93
31510,9,24,160
31511,16,42,291
31512,9,20,108
31513,15,34,225
31514,20,35,214
31515,12,24,141
31516,6,16,103
31517,4,6,44
31518,9,16,95
31519,12,28,184
31520,22,45,283
31521,0,0,7
31522,11,19,106
31523,12,24,145
31524,3,9,73
31525,9,23,183
31526,14,32,216
31527,12,29,196
31528,7,16,91
31529,7,19,148
31530,9,23,203
31531,4,8,62
31532,21,46,285
31533,20,53,335
31534,5,10,74
31535,18,37,264
31536,8,21,157
31537,10,23,170
31538,10,20,136
31539,9,21,147
31540,0,1,17
31541,9,15,81
31542,5,12,76
31543,6,15,114
31544,8,14,105
31545,11,23,143
31546,12,30,214
31547,7,17,125
31548,8,20,144
31549,15,27,155
31550,13,23,123
31551,14,27,160
31552,0,1,7
31553,5,13,85
31554,7,16,102
31555,4,9,56
31556,3,7,44
31557,2,4,25
31558,2,7,52
31559,1,3,20
31560,1,4,33
31561,5,10,62
31562,5,11,61
31563,11,21,126
31564,12,25,154
31565,4,14,91
31566,8,26,185
31567,10,21,127
31568,11,22,130
31569,4,12,78
31570,16,32,199
31571,9,17,104
31572,4,14,97
31573,15,33,217
31574,13,29,183
31575,11,22,140
31576,18,39,257
31577,16,32,181
31578,6,14,89
31579,17,42,284
31580,17,36,210
31581,10,25,169
31582,8,19,113
31583,7,19,113
31584,5,21,133
31585,18,38,255
31586,9,30,200
31587,7,21,137
31588,3,8,51
31589,10,27,163
31590,10,28,167
31591,5,15,104
31592,9,22,142
31593,11,26,170
31594,6,13,80
31595,12,32,221
31596,16,38,225
31597,12,36,255
31598,11,16,97
31599,20,44,251
31600,11,29,197
31601,8,19,133
31602,20,37,213
31603,14,26,155
31604,13,27,165
31605,6,12,69
31606,8,16,105
31607,12,28,164
31608,10,23,148
31609,14,30,200
31610,13,25,141
31611,8,15,106
31612,28,53,303
31613,10,19,126
31614,4,9,62
31615,10,24,163
31616,8,16,92
31617,10,19,126
31618,8,16,99
31619,8,15,93
31620,10,22,133
31621,10,21,124
31622,28,51,305
31623,8,15,92
31624,16,28,166
31625,15,26,153
31626,21,51,338
31627,8,22,154
31628,16,38,243
31629,15,34,203
31630,12,28,177
31631,13,25,137
31632,7,17,107
31633,9,18,122
31634,31,65,416
31635,8,15,178
31636,17,30,181
31637,14,32,232
31638,19,36,212
31639,12,19,101
31640,12,29,190
31641,5,9,93
31642,4,14,89
31643,4,8,59
31644,3,8,46
31645,5,15,106
31646,11,21,140
31647,14,29,199
31648,0,1,3
31649,1,3,24
31650,8,16,103
31651,5,13,123
31652,9,19,136
31653,1,4,39
31654,1,5,48
31655,1,3,29
31656,1,4,32
31657,22,33,192
31658,6,14,102
31659,11,24,186
31660,14,28,172
31661,11,23,127
31662,10,21,142
31663,6,12,79
31664,5,9,87
31665,14,24,191
31666,9,16,100
31667,5,10,80
31668,0,1,3
31669,0,2,23
31670,5,11,76
31671,12,23,158
31672,19,45,339
31673,8,22,154
31674,4,15,116
31675,1,1,3
31676,0,1,9
31677,14,32,225
31678,7,13,87
31679,9,17,119
31680,1,4,36
31681,13,26,168
31682,12,23,139
31683,15,31,233
31684,1,7,73
31685,10,22,180
31686,8,11,132
31687,15,25,167
31688,7,15,132
31689,10,18,114
31690,12,24,194
31691,0,1,3
31692,0,2,17
31693,2,7,44
31694,4,10,81
31695,5,14,101
31696,7,11,63
31697,6,12,74
31698,7,14,100
31699,18,33,207
31700,18,33,209
31701,14,34,211
31702,9,19,113
31703,12,23,150
31704,7,14,92
31705,7,18,127
31706,6,11,118
31707,7,12,65
31708,11,25,178
31709,18,30,171
31710,0,1,3
31711,0,2,18
31712,14,28,155
31713,7,24,181
31714,1,8,77
31715,11,23,131
31716,8,22,157
31717,7,14,106
31718,14,29,218
31719,11,22,135
31720,11,23,142
31721,8,23,179
31722,0,1,3
31723,1,2,31
31724,13,26,166
31725,4,10,71
31726,32,62,366
31727,10,22,149
31728,12,24,156
31729,0,0,3
31730,2,8,62
31731,14,21,124
31732,9,25,197
31733,8,25,170
31734,10,20,158
31735,15,27,190
31736,7,12,78
31737,6,9,73
31738,14,27,183
31739,1,4,39
31740,9,21,146
31741,4,10,69
31742,14,22,121
31743,14,24,164
31744,11,24,157
31745,13,32,223
31746,24,54,353
31747,8,20,129
31748,16,37,275
31749,12,25,177
31750,10,19,123
31751,1,1,3
31752,2,6,63
31753,14,33,247
31754,13,27,166
31755,0,1,12
31756,10,24,166
31757,15,36,246
31758,13,27,162
31759,1,3,14
31760,12,28,197
31761,9,18,121
31762,8,21,149
31763,11,23,169
31764,3,6,53
31765,4,12,98
31766,3,12,118
31767,2,3,29
31768,1,5,53
31769,4,15,113
31770,7,14,130
31771,8,17,133
31772,2,3,29
31773,12,26,215
31774,12,21,146
31775,11,23,177
31776,7,14,138
31777,20,41,279
31778,3,7,80
31779,9,15,97
31780,13,31,219
31781,3,7,49
31782,2,9,69
31783,0,6,47
31784,11,20,150
31785,2,9,63
31786,12,33,226
31787,0,6,49
31788,2,9,75
31789,5,12,84
31790,8,22,182
31791,6,12,95
31792,2,7,70
31793,6,14,87
31794,9,24,159
31795,9,26,196
31796,5,9,81
31797,2,10,71
31798,3,8,62
31799,6,18,143
31800,7,21,173
31801,4,10,80
31802,5,15,108
31803,1,3,20
31804,5,11,89
31805,6,12,80
31806,7,16,122
31807,11,28,202
31808,9,19,113
31809,7,17,102
31810,9,24,157
31811,6,16,121
31812,5,13,96
31813,6,18,125
31814,14,32,213
31815,9,23,161
31816,1,4,36
31817,9,15,96
31818,11,24,157
31819,3,8,76
31820,14,26,150
31821,6,17,113
31822,5,15,112
31823,9,22,137
31824,3,7,58
31825,7,17,108
31826,9,16,112
31827,4,16,116
31828,7,14,128
31829,7,13,85
31830,10,20,125
31831,7,18,169
31832,6,13,76
31833,5,16,132
31834,3,7,56
31835,11,24,158
31836,8,16,109
31837,8,22,148
31838,3,15,138
31839,4,9,72
31840,8,17,127
31841,9,20,125
31842,10,26,193
31843,1,8,69
31844,4,11,103
31845,8,14,78
31846,5,11,73
31847,7,15,90
31848,6,14,83
31849,5,12,103
31850,7,15,103
31851,4,6,35
31852,6,16,105
31853,11,34,249
31854,10,19,129
31855,10,19,120
31856,8,21,177
31857,10,22,133
31858,9,18,118
31859,1,5,43
31860,9,16,104
31861,9,18,140
31862,13,31,223
31863,16,32,208
31864,4,16,123
31865,4,9,72
31866,7,19,153
31867,3,7,53
31868,3,10,66
31869,7,14,93
31870,2,4,30
31871,21,59,447
31872,9,22,154
31873,10,22,132
31874,12,36,246
31875,9,19,137
31876,6,22,180
31877,1,4,30
31878,8,16,102
31879,12,27,199
31880,14,31,231
31881,5,10,60
31882,11,19,106
31883,6,10,52
31884,0,2,18
31885,0,2,17
31886,7,13,90
31887,12,18,103
31888,4,9,59
31889,4,8,56
31890,19,33,193
31891,11,23,147
31892,0,2,15
31893,15,33,227
31894,9,23,166
31895,7,14,94
31896,0,2,23
31897,7,23,163
31898,6,13,97
31899,6,14,89
31900,11,30,198
31901,0,1,7
31902,1,3,23
31903,0,2,17
31904,7,19,138
31905,3,10,71
31906,13,33,212
31907,6,16,129
31908,10,26,183
31909,8,20,126
31910,7,24,142
31911,11,26,158
31912,16,37,236
31913,9,23,174
31914,21,41,308
31915,7,16,107
31916,10,24,153
31917,10,19,143
31918,17,34,217
31919,9,22,157
31920,14,31,210
31921,15,35,241
31922,24,46,267
31923,0,2,15
31924,4,12,65
31925,11,22,154
31926,8,20,141
31927,6,17,97
31928,11,28,179
31929,7,17,137
31930,10,22,141
31931,11,32,200
31932,7,20,144
31933,13,26,188
31934,6,13,96
31935,10,18,122
31936,16,41,305
31937,7,12,78
31938,6,12,83
31939,1,4,29
31940,11,25,154
31941,4,9,63
31942,16,35,230
31943,6,14,94
31944,5,12,73
31945,4,8,49
31946,9,26,189
31947,11,22,125
31948,0,1,10
31949,7,15,109
31950,14,28,151
31951,8,27,184
31952,12,32,220
31953,15,40,303
31954,8,18,142
31955,8,20,162
31956,12,21,127
31957,18,43,285
31958,23,42,253
31959,10,21,136
31960,4,13,121
31961,0,3,23
31962,18,40,244
31963,13,33,217
31964,12,23,162
31965,7,15,122
31966,11,28,169
31967,8,22,168
31968,21,38,243
31969,8,20,171
31970,12,27,177
31971,19,41,268
31972,12,26,203
31973,5,14,112
31974,13,24,129
31975,0,0,4
31976,2,5,41
31977,12,25,207
31978,3,13,108
31979,10,27,200
31980,18,37,269
31981,5,13,100
31982,15,32,259
31983,1,5,38
31984,5,14,121
31985,7,16,109
31986,13,26,190
31987,12,29,207
31988,24,49,328
31989,7,14,97
31990,20,43,287
31991,5,14,90
31992,8,14,79
31993,18,36,240
31994,4,11,85
31995,10,21,146
31996,17,40,292
31997,5,14,103
31998,10,22,167
31999,3,9,62
32000,6,20,187
32001,4,9,61
32002,15,31,200
32003,21,41,278
32004,16,33,223
32005,18,46,326
32006,12,29,232
32007,13,27,175
32008,14,28,175
32009,8,19,156
32010,17,35,220
32011,22,51,366
32012,11,34,265
32013,10,22,148
32014,5,14,114
32015,10,30,256
32016,13,24,160
32017,1,8,77
32018,12,31,215
32019,19,41,302
32020,0,0,4
32021,5,9,56
32022,9,22,154
32023,15,34,217
32024,15,38,256
32025,13,27,162
32026,10,22,146
32027,3,9,59
32028,16,34,240
32029,8,18,114
32030,6,12,88
32031,6,14,86
32032,4,14,97
32033,9,18,102
32034,13,34,249
32035,3,8,65
32036,5,11,75
32037,11,25,177
32038,17,32,233
32039,8,15,118
32040,6,14,100
32041,16,36,267
32042,9,18,125
32043,0,0,4
32044,0,2,18
32045,22,42,297
32046,10,20,168
32047,30,64,455
32048,20,48,330
32049,0,0,5
32050,1,4,33
32051,16,28,163
32052,20,37,224
32053,7,8,37
32054,7,15,88
32055,4,9,56
32056,9,16,96
32057,14,31,191
32058,5,7,35
32059,10,21,117
32060,13,20,110
32061,3,5,30
32062,7,14,78
32063,17,36,178
32064,8,13,69
32065,19,38,199
32066,10,15,80
32067,21,36,210
32068,19,35,194
32069,0,1,12
32070,0,3,35
32071,7,15,86
32072,11,25,144
32073,3,8,32
32074,2,3,17
32075,4,7,38
32076,10,19,91
32077,0,1,7
32078,5,7,31
32079,11,19,128
32080,9,15,71
32081,15,25,118
32082,3,5,21
32083,3,14,109
32084,4,8,44
32085,10,21,107
32086,9,19,106
32087,0,2,8
32088,4,11,47
32089,7,14,94
32090,7,14,65
32091,22,36,164
32092,5,10,59
32093,6,12,58
32094,10,14,75
32095,4,7,45
32096,7,12,67
32097,12,22,113
32098,4,10,58
32099,4,9,51
32100,1,2,9
32101,5,14,78
32102,3,8,37
32103,3,8,43
32104,0,1,11
32105,26,45,250
32106,23,40,217
32107,6,12,48
32108,0,4,15
32109,9,16,97
32110,2,7,32
32111,2,5,17
32112,13,21,109
32113,14,21,99
32114,0,1,12
32115,4,11,50
32116,9,16,77
32117,0,1,12
32118,7,15,86
32119,8,16,98
32120,12,22,110
32121,16,25,141
32122,0,1,7
32123,21,30,151
32124,8,14,88
32125,2,5,24
32126,8,15,88
32127,5,8,51
32128,5,8,38
32129,9,16,79
32130,10,17,125
32131,7,14,85
32132,13,25,130
32133,6,12,87
32134,6,10,49
32135,11,17,93
32136,5,10,63
32137,4,8,51
32138,11,19,102
32139,7,15,102
32140,6,14,80
32141,3,7,28
32142,0,1,11
32143,6,17,119
32144,13,25,133
32145,10,14,66
32146,12,28,177
32147,7,18,134
32148,16,25,134
32149,12,22,137
32150,13,25,134
32151,0,1,12
32152,19,34,193
32153,24,39,194
32154,14,36,201
32155,11,26,156
32156,12,27,147
32157,6,13,60
32158,1,2,9
32159,9,21,140
32160,4,10,55
32161,6,13,62
32162,10,26,158
32163,15,28,146
32164,8,17,125
32165,5,15,99
32166,11,18,92
32167,4,9,47
32168,11,18,77
32169,2,3,21
32170,4,7,27
32171,7,18,97
32172,6,13,54
32173,4,11,70
32174,10,25,152
32175,0,0,5
32176,1,4,32
32177,6,14,102
32178,9,22,142
32179,20,38,232
32180,5,9,54
32181,0,2,22
32182,10,21,140
32183,4,10,64
32184,8,13,89
32185,1,3,21
32186,11,23,129
32187,5,9,68
32188,1,5,31
32189,12,19,119
32190,0,3,26
32191,18,36,256
32192,11,18,126
32193,4,10,65
32194,9,18,102
32195,9,19,117
32196,5,13,88
32197,8,14,87
32198,5,14,112
32199,8,22,151
32200,11,26,189
32201,9,21,106
32202,13,26,138
32203,8,20,124
32204,22,36,208
32205,0,1,11
32206,0,3,27
32207,8,19,122
32208,8,18,89
32209,4,9,48
32210,9,15,99
32211,0,2,19
32212,0,1,10
32213,0,1,11
32214,0,1,12
32215,4,7,42
32216,4,10,61
32217,5,10,75
32218,7,15,89
32219,10,14,67
32220,4,9,64
32221,25,51,340
32222,6,13,84
32223,7,13,76
32224,4,10,74
32225,0,0,3
32226,4,10,51
32227,4,10,57
32228,5,11,67
32229,4,9,46
32230,2,7,45
32231,3,7,33
32232,7,13,69
32233,0,0,3
32234,0,2,17
32235,7,12,55
32236,10,21,141
32237,6,10,74
32238,16,29,173
32239,24,48,280
32240,18,33,213
32241,1,4,43
32242,5,10,95
32243,16,25,140
32244,0,0,3
32245,3,7,52
32246,4,9,51
32247,5,10,76
32248,9,16,79
32249,3,6,36
32250,11,22,132
32251,0,0,3
32252,2,4,28
32253,15,31,210
32254,11,26,166
32255,7,14,93
32256,1,4,35
32257,12,23,112
32258,6,12,61
32259,14,27,163
32260,6,16,100
32261,4,9,55
32262,1,6,41
32263,7,15,76
32264,5,12,82
32265,5,12,68
32266,26,54,320
32267,1,4,33
32268,9,15,78
32269,9,26,153
32270,4,11,68
32271,5,12,77
32272,12,24,147
32273,5,11,67
32274,9,13,97
32275,6,13,87
32276,17,27,185
32277,11,18,105
32278,9,17,100
32279,10,24,150
32280,5,12,76
32281,14,31,193
32282,9,16,92
32283,1,2,14
32284,8,19,123
32285,4,8,46
32286,5,15,86
32287,8,19,96
32288,12,27,162
32289,6,21,151
32290,4,7,44
32291,17,35,240
32292,7,19,143
32293,0,2,18
32294,4,11,77
32295,15,31,190
32296,14,32,191
32297,0,1,11
32298,6,14,80
32299,6,11,86
32300,16,25,138
32301,9,17,92
32302,10,21,121
32303,4,9,58
32304,18,36,204
32305,10,23,137
32306,13,23,127
32307,10,21,130
32308,13,29,143
32309,6,18,114
32310,9,19,106
32311,22,42,186
32312,9,22,116
32313,16,31,140
32314,1,8,46
32315,1,6,30
32316,5,10,53
32317,21,33,168
32318,9,20,120
32319,14,33,200
32320,26,44,234
32321,16,35,194
32322,9,19,98
32323,9,19,121
32324,12,27,179
32325,7,12,59
32326,4,7,55
32327,6,10,54
32328,15,22,95
32329,6,12,63
32330,6,11,65
32331,8,15,85
32332,9,19,124
32333,18,29,158
32334,8,15,81
32335,7,13,77
32336,3,6,33
32337,0,1,9
32338,11,19,130
32339,0,1,7
32340,6,10,71
32341,14,26,135
32342,6,10,66
32343,7,11,56
32344,15,29,150
32345,5,12,68
32346,9,17,112
32347,18,32,180
32348,5,14,66
32349,10,24,146
32350,6,10,50
32351,22,44,225
32352,1,5,40
32353,9,19,102
32354,10,20,103
32355,7,12,55
32356,3,10,63
32357,31,60,345
32358,5,12,81
32359,0,1,9
32360,17,31,207
32361,0,1,7
32362,7,16,82
32363,10,21,109
32364,7,14,85
32365,8,15,70
32366,6,16,83
32367,11,24,145
32368,7,15,83
32369,6,10,70
32370,8,13,63
32371,6,12,80
32372,20,35,227
32373,9,15,79
32374,13,22,118
32375,26,49,262
32376,15,29,164
32377,0,1,12
32378,11,17,94
32379,0,1,9
32380,6,16,83
32381,0,1,5
32382,0,0,1
32383,2,3,16
32384,7,14,84
32385,3,7,46
32386,9,15,79
32387,3,10,69
32388,18,29,148
32389,7,14,66
32390,8,12,66
32391,12,17,92
32392,10,24,142
32393,8,15,91
32394,13,24,154
32395,16,29,163
32396,8,18,75
32397,10,22,102
32398,15,26,116
32399,2,6,34
32400,5,8,51
32401,0,1,9
32402,11,19,129
32403,0,1,7
32404,20,39,233
32405,7,14,78
32406,12,23,116
32407,21,35,183
32408,10,15,75
32409,5,10,67
32410,0,1,14
32411,10,22,130
32412,12,27,162
32413,24,45,265
32414,10,18,107
32415,0,0,3
32416,8,23,110
32417,12,31,161
32418,13,29,169
32419,4,8,31
32420,2,5,46
32421,9,19,98
32422,10,18,96
32423,20,34,181
32424,7,16,84
32425,13,24,136
32426,11,25,135
32427,6,15,85
32428,17,33,172
32429,6,14,84
32430,23,40,206
32431,5,12,72
32432,19,31,181
32433,18,33,182
32434,5,10,67
32435,21,50,249
32436,17,30,156
32437,18,32,198
32438,14,34,176
32439,6,13,69
32440,14,31,200
32441,8,13,80
32442,35,52,256
32443,11,26,126
32444,33,58,310
32445,15,28,162
32446,16,31,147
32447,4,11,58
32448,3,10,61
32449,3,7,29
32450,12,24,127
32451,19,44,239
32452,0,0,3
32453,18,40,243
32454,12,19,116
32455,10,21,98
32456,6,15,84
32457,16,29,137
32458,22,40,193
32459,11,22,129
32460,5,15,98
32461,13,23,129
32462,6,10,60
32463,18,34,185
32464,13,33,187
32465,14,23,131
32466,12,19,115
32467,12,24,136
32468,13,34,197
32469,8,16,95
32470,8,15,82
32471,10,20,127
32472,21,39,217
32473,19,33,179
32474,9,18,108
32475,7,12,63
32476,6,13,90
32477,5,11,65
32478,21,40,213
32479,20,38,209
32480,17,31,166
32481,34,62,360
32482,11,22,124
32483,15,27,169
32484,23,45,250
32485,10,23,122
32486,4,14,74
32487,31,51,280
32488,3,8,52
32489,12,28,196
32490,3,12,83
32491,4,11,62
32492,12,27,178
32493,26,46,244
32494,15,29,204
32495,14,30,196
32496,11,22,134
32497,19,36,227
32498,18,34,184
32499,17,29,178
32500,24,46,279
32501,8,14,86
32502,10,21,152
32503,0,2,22
32504,23,56,357
32505,9,19,128
32506,11,18,110
32507,13,27,174
32508,18,41,273
32509,15,33,210
32510,9,19,115
32511,20,39,232
32512,10,23,161
32513,10,20,130
32514,8,17,115
32515,8,18,139
32516,17,33,233
32517,10,21,130
32518,15,24,144
32519,8,19,136
32520,17,33,189
32521,16,37,241
32522,15,34,247
32523,21,48,347
32524,8,21,162
32525,17,33,224
32526,10,20,149
32527,7,14,73
32528,16,31,190
32529,5,12,78
32530,4,13,80
32531,8,18,113
32532,6,18,128
32533,5,17,117
32534,9,26,196
32535,0,3,30
32536,16,30,196
32537,2,8,53
32538,11,28,204
32539,5,16,111
32540,5,14,112
32541,12,21,130
32542,9,19,117
32543,6,13,87
32544,10,21,150
32545,10,23,140
32546,7,23,152
32547,3,10,68
32548,5,19,142
32549,27,59,381
32550,4,10,70
32551,6,18,127
32552,8,19,110
32553,4,13,109
32554,3,6,36
32555,11,23,133
32556,7,21,151
32557,16,36,237
32558,21,43,290
32559,10,25,168
32560,21,43,270
32561,6,16,115
32562,13,26,190
32563,7,15,98
32564,14,27,176
32565,1,3,15
32566,9,17,105
32567,11,22,160
32568,8,20,123
32569,4,10,81
32570,12,27,179
32571,6,17,121
32572,10,16,90
32573,11,24,157
32574,0,0,5
32575,4,7,39
32576,5,12,81
32577,9,18,102
32578,6,13,77
32579,10,18,122
32580,7,12,76
32581,9,26,194
32582,8,19,140
32583,8,19,140
32584,7,10,55
32585,5,12,66
32586,2,7,51
32587,7,21,173
32588,1,4,26
32589,1,3,30
32590,2,9,59
32591,12,26,224
32592,11,21,139
32593,21,36,203
32594,7,14,89
32595,10,15,80
32596,4,8,43
32597,9,18,100
32598,3,7,51
32599,2,5,25
32600,6,10,47
32601,3,4,22
32602,9,21,127
32603,9,23,163
32604,7,19,141
32605,8,21,152
32606,6,14,111
32607,5,13,89
32608,0,3,22
32609,15,32,199
32610,16,32,191
32611,12,27,167
32612,11,28,194
32613,7,12,76
32614,12,39,307
32615,4,15,104
32616,13,20,118
32617,12,25,206
32618,27,57,399
32619,13,25,175
32620,11,22,135
32621,3,6,35
32622,4,10,75
32623,14,27,171
32624,3,9,88
32625,12,28,190
32626,6,14,110
32627,4,11,88
32628,9,21,137
32629,10,19,149
32630,10,24,157
32631,3,9,67
32632,8,19,165
32633,7,16,117
32634,3,10,68
32635,14,29,174
32636,9,19,122
32637,13,26,145
32638,6,12,77
32639,5,13,80
32640,5,15,100
32641,8,17,118
32642,1,4,33
32643,10,18,111
32644,9,29,207
32645,1,7,45
32646,6,15,94
32647,6,10,52
32648,7,13,77
32649,6,11,58
32650,10,23,142
32651,14,27,156
32652,7,16,102
32653,7,13,73
32654,9,23,155
32655,9,16,86
32656,9,21,135
32657,5,15,130
32658,12,25,175
32659,12,30,184
32660,9,21,128
32661,12,27,184
32662,12,22,139
32663,16,39,252
32664,11,22,130
32665,13,32,232
32666,1,5,62
32667,7,10,45
32668,16,31,205
32669,14,28,161
32670,8,19,128
32671,19,38,233
32672,7,19,157
32673,9,19,127
32674,6,14,91
32675,9,27,190
32676,3,8,58
32677,8,17,103
32678,4,12,89
32679,15,28,159
32680,9,18,104
32681,12,22,138
32682,4,9,55
32683,14,20,114
32684,10,27,187
32685,8,22,143
32686,14,33,216
32687,6,15,110
32688,12,32,241
32689,4,7,39
32690,19,34,204
32691,7,14,95
32692,13,23,137
32693,14,26,159
32694,6,16,122
32695,17,34,217
32696,18,34,201
32697,19,36,219
32698,5,7,42
32699,16,43,338
32700,13,31,203
32701,15,30,178
32702,9,22,151
32703,11,23,138
32704,7,12,91
32705,17,35,247
32706,7,26,206
32707,6,13,79
32708,5,13,106
32709,8,17,125
32710,15,33,215
32711,6,16,99
32712,10,18,115
32713,10,26,188
32714,23,44,292
32715,7,24,213
32716,23,60,433
32717,16,32,204
32718,22,51,381
32719,14,40,271
32720,17,34,228
32721,28,54,323
32722,19,43,257
32723,16,33,235
32724,20,40,247
32725,5,10,58
32726,12,29,212
32727,18,33,235
32728,13,29,171
32729,14,31,199
32730,8,20,131
32731,14,27,166
32732,21,57,386
32733,23,46,292
32734,14,30,185
32735,25,52,334
32736,18,38,252
32737,15,32,219
32738,16,31,204
32739,17,40,263
32740,25,53,383
32741,9,22,160
32742,10,19,110
32743,15,40,283
32744,22,58,436
32745,10,24,171
32746,9,18,120
32747,8,25,192
32748,14,34,234
32749,0,1,11
32750,10,20,136
32751,4,10,66
32752,7,14,93
32753,6,15,103
32754,10,23,136
32755,5,12,90
32756,15,33,212
32757,17,40,277
32758,0,1,11
32759,8,18,107
32760,16,29,175
32761,7,16,101
32762,0,1,7
32763,12,24,150
32764,5,14,98
32765,7,15,91
32766,9,20,125
32767,3,11,79
32768,3,9,63
32769,0,0,14
32770,13,22,159
32771,0,1,7
32772,21,40,268
32773,9,20,120
32774,8,15,85
32775,0,1,9
32776,11,22,144
32777,5,13,84
32778,3,9,62
32779,18,34,189
32780,13,27,178
32781,17,30,207
32782,24,47,296
32783,0,1,11
32784,6,20,130
32785,14,34,245
32786,8,22,151
32787,0,1,10
32788,9,18,116
32789,4,11,78
32790,3,11,111
32791,2,8,65
32792,0,0,3
32793,4,12,78
32794,1,6,48
32795,0,0,3
32796,0,2,17
32797,12,26,182
32798,4,10,63
32799,4,8,51
32800,8,18,98
32801,8,24,166
32802,12,24,131
32803,10,21,147
32804,4,10,63
32805,21,37,228
32806,9,19,120
32807,10,23,155
32808,14,36,224
32809,22,40,252
32810,7,17,123
32811,12,21,141
32812,10,22,139
32813,6,8,62
32814,6,12,75
32815,12,32,220
32816,12,27,172
32817,18,40,267
32818,11,20,111
32819,12,28,187
32820,4,10,70
32821,0,2,16
32822,13,25,161
32823,3,8,53
32824,0,0,3
32825,0,1,13
32826,0,0,3
32827,0,2,20
32828,0,0,3
32829,0,2,16
32830,0,0,3
32831,0,1,13
32832,0,0,3
32833,0,2,14
32834,0,0,3
32835,14,33,228
32836,0,1,15
32837,18,37,263
32838,5,14,94
32839,14,27,168
32840,5,11,70
32841,11,28,208
32842,7,13,84
32843,3,5,55
32844,11,28,184
32845,9,19,117
32846,7,19,138
32847,12,26,170
32848,12,26,172
32849,0,2,16
32850,10,23,140
32851,9,21,130
32852,8,16,105
32853,0,1,15
32854,14,27,154
32855,18,36,215
32856,10,22,136
32857,0,2,22
32858,15,33,215
32859,8,19,145
32860,7,17,132
32861,9,21,123
32862,8,22,164
32863,10,21,136
32864,8,17,110
32865,9,18,115
32866,10,23,149
32867,0,2,18
32868,28,55,310
32869,12,28,188
32870,5,9,62
32871,13,24,182
32872,9,17,108
32873,14,28,181
32874,5,9,61
32875,8,35,272
32876,11,27,210
32877,11,27,197
32878,8,19,125
32879,8,16,131
32880,13,28,175
32881,3,9,51
32882,13,25,141
32883,11,24,140
32884,9,23,162
32885,4,10,71
32886,9,21,139
32887,10,23,127
32888,9,17,103
32889,7,16,106
32890,4,11,82
32891,6,22,198
32892,18,48,350
32893,10,20,132
32894,8,16,95
32895,8,18,120
32896,10,24,161
32897,7,17,128
32898,6,13,72
32899,5,15,107
32900,4,8,54
32901,7,12,72
32902,5,8,56
32903,18,33,214
32904,6,12,78
32905,6,12,106
32906,15,27,181
32907,6,16,117
32908,12,31,233
32909,5,22,151
32910,12,26,193
32911,13,31,215
32912,5,14,95
32913,5,12,83
32914,6,17,141
32915,3,8,50
32916,10,28,232
32917,16,36,281
32918,6,12,121
32919,4,6,36
32920,14,25,187
32921,9,24,208
32922,9,18,134
32923,11,27,173
32924,8,19,144
32925,18,35,250
32926,11,25,158
32927,7,13,114
32928,12,20,106
32929,9,16,100
32930,10,24,186
32931,3,7,56
32932,3,7,52
32933,8,26,208
32934,5,11,77
32935,2,4,28
32936,14,32,213
32937,4,11,79
32938,14,30,205
32939,4,15,107
32940,2,4,26
32941,2,8,67
32942,5,13,84
32943,11,21,140
32944,1,3,33
32945,3,11,93
32946,4,12,93
32947,0,3,28
32948,1,3,20
32949,11,22,116
32950,12,23,150
32951,13,34,256
32952,2,8,66
32953,12,23,139
32954,4,8,45
32955,15,38,227
32956,9,21,136
32957,3,10,68
32958,23,57,376
32959,12,24,149
32960,21,46,301
32961,5,11,88
32962,4,7,48
32963,21,39,225
32964,8,15,100
32965,7,22,161
32966,2,7,54
32967,6,13,88
32968,10,22,141
32969,11,23,140
32970,5,16,99
32971,13,26,166
32972,5,10,73
32973,22,37,206
32974,18,32,193
32975,9,17,93
32976,12,25,141
32977,8,14,83
32978,15,25,143
32979,9,16,87
32980,17,26,145
32981,8,19,119
32982,6,11,65
32983,11,30,224
32984,14,24,158
32985,5,11,65
32986,6,14,80
32987,3,7,52
32988,2,3,14
32989,12,27,164
32990,6,12,61
32991,11,24,144
32992,5,8,55
32993,1,3,32
32994,7,12,72
32995,19,33,180
32996,7,16,101
32997,4,8,46
32998,1,1,7
32999,12,21,127
33000,11,25,149
33001,19,36,228
33002,5,9,54
33003,3,9,65
33004,11,31,212
33005,13,25,165
33006,7,22,143
33007,21,41,250
33008,6,12,80
33009,14,24,163
33010,9,20,122
33011,16,27,166
33012,12,24,162
33013,15,25,124
33014,6,10,61
33015,6,12,74
33016,15,30,179
33017,12,23,166
33018,15,26,147
33019,5,9,55
33020,6,12,70
33021,2,6,44
33022,11,20,108
33023,7,14,73
33024,17,32,182
33025,19,36,214
33026,9,18,106
33027,5,13,100
33028,11,21,109
33029,8,20,118
33030,12,23,153
33031,21,36,226
33032,4,14,99
33033,16,32,204
33034,8,22,144
33035,10,20,131
33036,21,48,279
33037,28,54,357
33038,4,11,69
33039,5,13,83
33040,13,25,161
33041,7,14,84
33042,16,27,179
33043,22,38,227
33044,7,15,100
33045,18,33,200
33046,3,9,52
33047,11,19,113
33048,17,25,128
33049,14,26,166
33050,3,11,75
33051,7,14,81
33052,4,10,67
33053,5,14,104
33054,8,18,107
33055,19,39,226
33056,11,18,104
33057,26,50,266
33058,10,25,161
33059,12,16,76
33060,14,24,168
33061,12,28,184
33062,17,31,156
33063,4,9,61
33064,15,27,173
33065,11,26,201
33066,10,18,121
33067,9,17,107
33068,0,2,41
33069,1,5,48
33070,0,0,19
33071,8,11,118
33072,7,11,64
33073,19,40,270
33074,6,13,80
33075,16,26,180
33076,13,28,203
33077,20,32,202
33078,16,26,201
33079,13,22,136
33080,0,1,7
33081,0,1,10
33082,0,2,22
33083,6,18,131
33084,4,13,109
33085,18,28,169
33086,15,23,163
33087,10,22,137
33088,10,20,121
33089,17,29,179
33090,16,31,219
33091,9,16,95
33092,6,12,93
33093,19,29,171
33094,11,19,137
33095,8,15,89
33096,15,31,213
33097,11,23,155
33098,21,36,254
33099,3,5,41
33100,13,29,220
33101,48,94,668
33102,17,31,212
33103,21,30,175
33104,11,20,142
33105,22,44,274
33106,9,19,120
33107,20,29,173
33108,16,31,222
33109,32,57,358
33110,9,23,154
33111,15,31,211
33112,3,11,71
33113,12,20,111
33114,12,18,121
33115,21,39,241
33116,11,27,235
33117,14,23,155
33118,10,19,132
33119,8,15,89
33120,12,22,133
33121,14,26,184
33122,10,20,137
33123,10,16,81
33124,4,6,36
33125,12,20,108
33126,14,22,111
33127,8,14,99
33128,18,25,137
33129,9,19,211
33130,16,29,161
33131,10,18,131
33132,7,12,92
33133,28,49,295
33134,16,25,149
33135,6,11,57
33136,8,15,140
33137,10,16,92
33138,18,27,181
33139,8,19,130
33140,0,2,20
33141,8,17,125
33142,17,31,175
33143,8,15,89
33144,11,25,157
33145,19,30,175
33146,22,39,278
33147,6,12,74
33148,12,21,133
33149,7,13,79
33150,8,17,126
33151,23,38,245
33152,1,4,31
33153,15,27,167
33154,10,24,180
33155,8,18,143
33156,12,24,148
33157,7,23,163
33158,5,12,82
33159,6,13,109
33160,0,1,8
33161,16,33,226
33162,4,9,73
33163,12,32,226
33164,9,18,174
33165,10,27,207
33166,6,14,102
33167,8,20,138
33168,2,10,98
33169,2,11,88
33170,3,11,92
33171,9,18,124
33172,1,4,28
33173,13,24,166
33174,16,41,289
33175,13,27,179
33176,13,31,222
33177,18,38,234
33178,18,37,247
33179,5,13,89
33180,14,28,173
33181,8,11,53
33182,1,3,22
33183,3,12,74
33184,6,20,149
33185,11,24,156
33186,8,24,162
33187,14,33,221
33188,2,5,39
33189,10,19,107
33190,7,14,91
33191,2,7,60
33192,17,38,257
33193,7,13,82
33194,0,2,21
33195,14,40,263
33196,7,18,123
33197,6,14,106
33198,7,28,233
33199,3,8,70
33200,4,8,59
33201,5,11,77
33202,7,16,117
33203,7,16,119
33204,8,15,102
33205,7,13,96
33206,11,20,124
33207,15,29,180
33208,10,19,138
33209,8,15,87
33210,7,15,113
33211,12,25,181
33212,0,1,7
33213,3,8,56
33214,10,20,130
33215,3,9,77
33216,13,29,196
33217,11,23,143
33218,6,17,124
33219,12,20,131
33220,28,53,347
33221,7,17,119
33222,30,53,322
33223,8,21,151
33224,8,15,94
33225,17,31,197
33226,12,22,132
33227,3,8,51
33228,12,23,149
33229,6,12,66
33230,9,20,134
33231,10,19,110
33232,14,33,204
33233,10,23,161
33234,14,30,190
33235,15,29,182
33236,15,39,272
33237,17,35,220
33238,10,24,161
33239,6,10,49
33240,6,16,103
33241,6,13,86
33242,14,26,141
33243,16,36,223
33244,14,31,209
33245,10,19,127
33246,19,36,234
33247,11,26,170
33248,0,1,8
33249,8,19,134
33250,13,30,180
33251,0,2,19
33252,8,14,80
33253,6,15,108
33254,6,12,86
33255,0,1,8
33256,10,23,142
33257,21,35,199
33258,0,1,10
33259,7,19,135
33260,13,29,214
33261,13,26,143
33262,26,45,269
33263,14,28,174
33264,6,13,76
33265,7,13,75
33266,6,15,99
33267,5,12,75
33268,9,20,114
33269,6,11,55
33270,10,17,91
33271,6,11,79
33272,10,16,97
33273,7,13,71
33274,4,11,61
33275,7,15,79
33276,9,24,160
33277,23,44,276
33278,6,10,66
33279,19,31,166
33280,11,29,190
33281,20,41,246
33282,6,11,74
33283,27,53,272
33284,15,24,145
33285,24,51,297
33286,10,19,100
33287,0,1,8
33288,17,36,231
33289,7,16,94
33290,10,21,137
33291,19,36,219
33292,7,13,70
33293,2,5,34
33294,4,13,91
33295,16,29,163
33296,12,21,125
33297,16,28,165
33298,9,20,136
33299,16,26,138
33300,7,18,108
33301,8,17,94
33302,4,7,44
33303,15,28,185
33304,9,15,84
33305,7,13,73
33306,7,16,93
33307,11,22,122
33308,13,24,137
33309,12,19,102
33310,11,24,142
33311,20,37,238
33312,9,18,118
33313,15,25,150
33314,11,18,113
33315,8,14,93
33316,1,3,18
33317,6,14,100
33318,8,16,83
33319,8,15,99
33320,7,14,88
33321,11,27,175
33322,6,13,89
33323,13,26,158
33324,14,23,128
33325,5,8,47
33326,13,26,138
33327,4,7,41
33328,2,6,36
33329,20,41,281
33330,42,75,473
33331,10,20,123
33332,0,1,7
33333,17,27,138
33334,12,21,111
33335,7,11,55
33336,7,13,70
33337,4,8,37
33338,6,15,99
33339,5,12,54
33340,3,11,79
33341,16,27,160
33342,7,17,110
33343,14,27,180
33344,12,23,134
33345,0,3,33
33346,9,17,117
33347,5,12,84
33348,12,24,144
33349,7,16,121
33350,0,0,3
33351,2,8,58
33352,13,22,131
33353,15,34,210
33354,9,21,123
33355,27,41,220
33356,15,34,219
33357,20,42,305
33358,6,9,42
33359,13,21,120
33360,10,16,96
33361,7,11,63
33362,19,35,222
33363,7,10,60
33364,16,30,180
33365,20,39,244
33366,9,14,87
33367,12,19,91
33368,10,14,74
33369,6,9,48
33370,19,27,147
33371,13,19,88
33372,20,38,232
33373,26,48,265
33374,21,47,280
33375,31,52,321
33376,16,29,170
33377,20,30,177
33378,48,88,493
33379,50,88,556
33380,23,43,256
33381,60,108,609
33382,0,0,3
33383,0,1,14
33384,11,22,176
33385,22,44,277
33386,22,44,285
33387,18,33,197
33388,30,48,297
33389,23,43,251
33390,9,12,70
33391,14,27,163
33392,11,22,132
33393,12,22,132
33394,3,8,59
33395,11,25,179
33396,25,56,356
33397,23,39,213
33398,6,17,116
33399,48,89,534
33400,11,17,102
33401,32,61,362
33402,22,45,324
33403,16,32,216
33404,12,26,188
33405,27,51,379
33406,20,42,304
33407,8,14,89
33408,3,9,64
33409,11,22,128
33410,3,14,132
33411,25,46,278
33412,13,23,116
33413,9,24,187
33414,9,21,137
33415,4,9,52
33416,20,41,297
33417,7,17,113
33418,5,12,88
33419,7,13,95
33420,16,34,207
33421,4,8,45
33422,14,28,177
33423,9,17,86
33424,7,16,118
33425,4,12,67
33426,6,13,71
33427,10,20,124
33428,12,29,285
33429,12,26,157
33430,12,25,146
33431,5,16,124
33432,5,11,64
33433,14,30,184
33434,13,24,149
33435,7,14,85
33436,14,28,158
33437,2,7,30
33438,16,28,152
33439,8,16,94
33440,8,17,87
33441,4,11,67
33442,2,7,49
33443,9,20,98
33444,7,15,86
33445,14,30,155
33446,4,9,41
33447,9,19,103
33448,2,7,49
33449,2,5,31
33450,11,22,133
33451,16,34,194
33452,21,46,243
33453,9,20,108
33454,7,14,76
33455,4,9,53
33456,13,21,120
33457,12,22,120
33458,9,16,76
33459,22,43,223
33460,10,17,94
33461,2,7,49
33462,8,15,105
33463,8,20,137
33464,7,12,76
33465,7,19,107
33466,4,14,81
33467,10,22,130
33468,16,30,173
33469,7,13,75
33470,14,28,151
33471,7,18,121
33472,19,33,194
33473,6,11,63
33474,8,15,75
33475,11,20,105
33476,2,8,59
33477,19,45,281
33478,14,24,138
33479,5,9,59
33480,6,15,95
33481,11,20,125
33482,15,26,158
33483,10,19,116
33484,7,12,67
33485,14,26,156
33486,4,9,66
33487,9,17,92
33488,11,21,108
33489,7,15,89
33490,13,23,149
33491,9,20,127
33492,14,28,214
33493,25,43,281
33494,3,7,46
33495,8,13,68
33496,0,0,1
33497,16,33,208
33498,6,15,95
33499,11,24,148
33500,17,30,181
33501,6,14,92
33502,15,26,142
33503,7,15,73
33504,11,23,148
33505,14,27,151
33506,9,16,79
33507,12,20,114
33508,18,29,160
33509,7,15,92
33510,4,12,97
33511,15,27,171
33512,10,18,120
33513,4,10,59
33514,9,15,89
33515,5,13,70
33516,6,10,50
33517,16,28,164
33518,22,52,309
33519,3,5,33
33520,4,7,39
33521,7,15,86
33522,20,37,203
33523,8,16,100
33524,6,15,83
33525,7,13,63
33526,8,15,108
33527,14,24,134
33528,2,4,24
33529,5,10,63
33530,8,13,73
33531,17,27,155
33532,6,15,111
33533,6,8,40
33534,11,22,130
33535,3,9,52
33536,6,8,40
33537,7,17,101
33538,8,12,77
33539,3,7,41
33540,2,5,34
33541,12,17,81
33542,33,56,306
33543,10,20,131
33544,5,11,64
33545,23,36,207
33546,3,6,39
33547,7,13,93
33548,22,38,206
33549,14,24,127
33550,12,23,131
33551,13,33,202
33552,3,10,67
33553,11,21,112
33554,9,17,110
33555,7,19,99
33556,17,28,143
33557,3,9,58
33558,22,40,228
33559,3,11,78
33560,12,24,132
33561,14,22,128
33562,14,26,141
33563,5,13,96
33564,18,32,202
33565,19,26,152
33566,4,6,33
33567,14,30,181
33568,2,10,77
33569,39,84,447
33570,5,10,60
33571,14,39,250
33572,21,39,220
33573,16,28,166
33574,9,15,81
33575,8,15,94
33576,14,25,137
33577,12,21,121
33578,14,21,126
33579,11,21,124
33580,2,4,24
33581,18,27,155
33582,13,26,166
33583,17,24,114
33584,22,32,166
33585,15,23,114
33586,6,10,56
33587,16,27,154
33588,14,23,140
33589,13,28,173
33590,1,3,23
33591,2,4,25
33592,2,8,49
33593,22,35,185
33594,17,28,151
33595,16,35,208
33596,14,30,182
33597,10,17,107
33598,6,11,64
33599,40,76,442
33600,0,1,17
33601,18,37,262
33602,6,15,105
33603,4,9,53
33604,6,9,61
33605,7,16,87
33606,9,17,98
33607,3,9,52
33608,20,37,217
33609,11,22,133
33610,5,9,55
33611,5,12,78
33612,4,9,65
33613,10,25,169
33614,9,20,134
33615,11,25,182
33616,5,13,91
33617,10,23,159
33618,6,16,107
33619,2,7,44
33620,40,75,453
33621,4,10,75
33622,4,8,46
33623,11,19,118
33624,7,12,72
33625,6,18,118
33626,3,11,75
33627,11,19,111
33628,10,19,122
33629,3,7,37
33630,15,23,131
33631,14,31,199
33632,15,32,194
33633,6,16,104
33634,9,27,169
33635,4,9,50
33636,8,23,157
33637,1,5,39
33638,3,15,112
33639,9,16,101
33640,7,14,109
33641,13,24,162
33642,6,18,116
33643,8,16,112
33644,7,22,141
33645,19,36,232
33646,5,11,80
33647,1,7,56
33648,13,24,145
33649,5,12,77
33650,6,13,86
33651,9,22,151
33652,11,19,114
33653,6,12,83
33654,10,20,123
33655,12,24,138
33656,7,16,89
33657,4,11,74
33658,7,17,111
33659,26,48,288
33660,8,17,126
33661,5,13,101
33662,5,18,116
33663,4,9,71
33664,5,13,80
33665,11,19,116
33666,10,25,164
33667,7,16,94
33668,7,14,87
33669,13,24,144
33670,10,23,156
33671,15,29,190
33672,14,29,175
33673,5,9,51
33674,4,10,62
33675,7,18,126
33676,24,51,339
33677,6,15,103
33678,22,40,240
33679,1,3,18
33680,14,25,159
33681,11,25,177
33682,18,35,243
33683,12,22,137
33684,10,25,187
33685,14,26,165
33686,7,19,150
33687,11,23,156
33688,11,19,106
33689,10,18,115
33690,12,19,107
33691,11,19,126
33692,6,13,83
33693,14,29,192
33694,6,13,83
33695,9,22,172
33696,12,22,105
33697,5,14,91
33698,4,11,68
33699,7,13,74
33700,11,24,140
33701,19,39,258
33702,8,14,79
33703,11,17,100
33704,6,9,42
33705,3,8,51
33706,15,28,161
33707,4,9,53
33708,3,8,54
33709,9,18,124
33710,8,15,89
33711,13,27,193
33712,15,29,217
33713,4,9,63
33714,7,18,129
33715,2,2,9
33716,18,37,249
33717,7,15,123
33718,9,22,136
33719,9,20,104
33720,26,61,421
33721,6,13,74
33722,5,11,65
33723,6,11,70
33724,4,7,53
33725,4,21,153
33726,6,22,153
33727,6,12,78
33728,9,17,132
33729,15,32,225
33730,1,1,15
33731,1,5,64
33732,0,4,62
33733,0,4,54
33734,22,40,237
33735,11,23,136
33736,7,15,88
33737,6,15,98
33738,0,0,3
33739,9,26,192
33740,4,13,185
33741,11,19,133
33742,6,12,101
33743,8,19,127
33744,6,13,79
33745,0,1,6
33746,1,3,14
33747,15,42,318
33748,19,38,204
33749,0,0,1
33750,6,13,86
33751,4,10,57
33752,10,19,116
33753,12,22,133
33754,21,41,272
33755,0,0,3
33756,14,43,361
33757,0,0,13
33758,6,14,118
33759,9,16,130
33760,7,17,129
33761,3,10,69
33762,13,31,199
33763,11,27,179
33764,5,15,112
33765,1,3,34
33766,1,3,34
33767,1,3,38
33768,13,22,125
33769,11,25,186
33770,9,14,79
33771,13,24,180
33772,2,5,39
33773,22,44,265
33774,9,19,96
33775,0,0,3
33776,9,17,117
33777,24,50,294
33778,11,29,190
33779,13,31,214
33780,15,31,186
33781,6,12,66
33782,9,17,95
33783,3,4,27
33784,7,13,69
33785,8,13,69
33786,5,8,46
33787,8,15,100
33788,11,19,100
33789,18,34,212
33790,11,16,92
33791,9,16,102
33792,17,33,185
33793,7,14,102
33794,11,19,102
33795,10,25,156
33796,6,13,92
33797,12,22,130
33798,14,24,145
33799,13,19,114
33800,11,22,164
33801,10,20,133
33802,3,4,23
33803,7,16,114
33804,15,33,209
33805,3,8,66
33806,16,30,200
33807,12,20,144
33808,18,30,177
33809,0,0,3
33810,12,24,139
33811,9,21,137
33812,11,25,177
33813,8,26,160
33814,10,21,123
33815,6,19,135
33816,9,17,116
33817,25,49,301
33818,0,0,3
33819,0,1,6
33820,0,1,11
33821,10,23,159
33822,24,58,333
33823,6,14,82
33824,11,22,146
33825,10,18,111
33826,6,11,60
33827,13,27,156
33828,3,8,51
33829,9,23,143
33830,16,35,210
33831,23,37,208
33832,17,30,164
33833,12,24,173
33834,19,43,260
33835,14,37,231
33836,14,32,187
33837,16,28,155
33838,8,17,106
33839,13,25,133
33840,23,46,259
33841,5,11,70
33842,13,28,183
33843,24,43,266
33844,0,1,12
33845,9,15,93
33846,9,22,123
33847,21,45,267
33848,14,21,143
33849,12,30,183
33850,9,17,101
33851,26,52,331
33852,7,11,79
33853,5,11,63
33854,8,17,98
33855,6,10,45
33856,2,5,31
33857,14,27,166
33858,8,15,98
33859,7,15,94
33860,16,26,137
33861,6,11,67
33862,11,18,94
33863,31,57,325
33864,7,18,118
33865,5,10,60
33866,24,45,266
33867,0,0,3
33868,0,2,16
33869,20,42,249
33870,17,34,211
33871,20,45,328
33872,7,18,129
33873,22,43,282
33874,27,66,459
33875,17,36,249
33876,11,21,133
33877,14,31,183
33878,14,28,189
33879,12,21,124
33880,6,15,115
33881,6,10,57
33882,9,25,182
33883,0,0,1
33884,9,16,108
33885,12,24,146
33886,22,37,211
33887,7,14,91
33888,7,19,122
33889,12,27,162
33890,10,17,89
33891,21,51,337
33892,14,30,186
33893,2,6,38
33894,15,42,247
33895,8,14,63
33896,15,36,234
33897,8,17,105
33898,4,10,59
33899,5,14,95
33900,7,17,112
33901,10,23,168
33902,7,16,105
33903,7,15,108
33904,11,24,197
33905,9,17,97
33906,14,36,278
33907,14,25,160
33908,3,14,111
33909,16,31,174
33910,11,24,157
33911,23,41,254
33912,12,30,195
33913,13,28,190
33914,16,26,153
33915,15,35,241
33916,13,26,197
33917,20,43,300
33918,14,28,186
33919,20,37,222
33920,9,22,154
33921,18,37,250
33922,12,22,183
33923,5,15,108
33924,11,24,158
33925,10,26,187
33926,5,15,118
33927,10,23,139
33928,6,14,93
33929,12,22,121
33930,7,13,74
33931,11,24,150
33932,10,26,178
33933,12,29,183
33934,20,37,212
33935,25,46,301
33936,6,13,82
33937,11,25,173
33938,15,35,213
33939,20,40,241
33940,13,25,165
33941,10,27,194
33942,18,39,263
33943,14,31,203
33944,5,16,111
33945,16,34,223
33946,9,22,144
33947,7,25,220
33948,10,19,168
33949,12,28,179
33950,5,11,77
33951,14,27,171
33952,8,18,120
33953,7,14,113
33954,11,24,168
33955,8,20,130
33956,8,16,92
33957,8,19,136
33958,10,26,189
33959,6,14,89
33960,7,21,157
33961,19,36,266
33962,15,32,215
33963,11,28,198
33964,9,20,136
33965,10,21,140
33966,13,27,183
33967,14,27,179
33968,21,37,226
33969,0,0,1
33970,9,20,139
33971,9,20,145
33972,3,11,89
33973,7,11,70
33974,8,20,143
33975,7,14,83
33976,4,8,50
33977,7,19,125
33978,6,12,88
33979,7,18,143
33980,10,26,168
33981,18,32,199
33982,5,14,102
33983,0,2,16
33984,16,41,323
33985,4,12,92
33986,10,21,151
33987,3,11,80
33988,10,22,153
33989,5,20,152
33990,6,21,157
33991,4,12,94
33992,4,14,99
33993,8,21,122
33994,14,31,160
33995,14,34,240
33996,5,13,104
33997,12,28,191
33998,5,16,120
33999,9,31,247
34000,4,8,58
34001,10,19,160
34002,5,14,112
34003,6,16,106
34004,3,11,82
34005,6,21,158
34006,3,14,117
34007,12,27,170
34008,5,11,75
34009,12,27,166
34010,7,21,149
34011,10,22,133
34012,5,15,90
34013,7,15,94
34014,4,11,73
34015,9,25,188
34016,10,21,140
34017,2,8,61
34018,2,10,65
34019,6,20,131
34020,8,20,120
34021,7,9,53
34022,10,18,103
34023,8,13,83
34024,1,4,24
34025,11,26,159
34026,9,22,149
34027,12,29,166
34028,11,29,202
34029,11,23,136
34030,12,26,164
34031,13,30,196
34032,7,20,131
34033,18,43,251
34034,1,4,23
34035,6,20,126
34036,12,23,129
34037,5,16,111
34038,19,41,243
34039,7,15,96
34040,7,15,102
34041,15,36,266
34042,4,13,94
34043,6,17,117
34044,11,33,214
34045,19,42,253
34046,9,18,117
34047,16,29,163
34048,9,19,122
34049,0,1,9
34050,7,21,132
34051,10,27,171
34052,6,15,97
34053,15,38,248
34054,10,19,108
34055,3,8,49
34056,18,40,243
34057,9,20,129
34058,5,9,50
34059,3,12,98
34060,6,16,105
34061,8,23,134
34062,8,21,138
34063,12,25,154
34064,19,36,205
34065,14,32,188
34066,8,18,106
34067,18,39,267
34068,16,32,199
34069,4,16,90
34070,5,18,123
34071,10,26,169
34072,11,28,203
34073,3,9,97
34074,7,16,106
34075,6,14,91
34076,5,11,77
34077,7,14,92
34078,14,27,161
34079,22,37,215
34080,4,9,61
34081,7,13,92
34082,12,25,166
34083,9,15,84
34084,13,37,274
34085,3,4,39
34086,16,31,179
34087,3,9,57
34088,19,32,190
34089,2,4,21
34090,3,7,50
34091,9,17,100
34092,5,10,69
34093,8,32,244
34094,15,34,223
34095,27,56,388
34096,12,25,135
34097,11,21,120
34098,1,4,26
34099,6,14,82
34100,18,48,327
34101,5,16,124
34102,17,43,269
34103,5,17,126
34104,8,16,124
34105,7,11,53
34106,17,31,176
34107,7,18,118
34108,3,7,51
34109,9,21,133
34110,10,21,122
34111,8,17,111
34112,9,26,158
34113,9,21,143
34114,15,34,217
34115,9,19,134
34116,5,14,103
34117,15,34,205
34118,4,9,55
34119,8,17,100
34120,13,27,166
34121,9,16,84
34122,26,51,314
34123,10,22,150
34124,14,26,152
34125,14,28,154
34126,1,3,20
34127,13,21,117
34128,3,5,29
34129,9,18,117
34130,12,22,146
34131,6,14,76
34132,10,24,163
34133,10,20,155
34134,2,7,49
34135,6,14,91
34136,10,21,148
34137,0,3,20
34138,0,3,18
34139,0,4,27
34140,3,7,37
34141,12,22,109
34142,8,12,64
34143,24,43,237
34144,9,27,186
34145,9,16,93
34146,9,21,121
34147,10,17,82
34148,9,23,162
34149,2,2,12
34150,13,35,240
34151,3,6,43
34152,22,36,190
34153,11,21,132
34154,10,14,79
34155,11,20,110
34156,16,28,155
34157,5,8,53
34158,14,29,165
34159,20,39,222
34160,10,24,139
34161,1,4,43
34162,20,45,281
34163,26,52,324
34164,12,24,142
34165,12,27,173
34166,10,21,154
34167,6,16,102
34168,1,3,24
34169,1,2,10
34170,42,79,472
34171,9,19,128
34172,14,29,180
34173,9,24,169
34174,5,11,83
34175,15,28,168
34176,5,13,88
34177,18,40,244
34178,12,25,134
34179,11,21,119
34180,8,24,170
34181,13,28,177
34182,13,25,155
34183,16,35,219
34184,17,38,241
34185,14,31,187
34186,17,42,273
34187,0,3,24
34188,7,13,93
34189,21,50,314
34190,20,48,296
34191,18,54,372
34192,13,30,188
34193,11,24,145
34194,31,65,410
34195,0,3,18
34196,15,35,242
34197,13,35,244
34198,19,43,312
34199,20,46,305
34200,20,44,282
34201,18,34,196
34202,24,47,274
34203,17,35,211
34204,0,3,17
34205,9,20,123
34206,11,26,161
34207,10,24,153
34208,14,27,158
34209,8,18,106
34210,25,56,343
34211,12,26,150
34212,0,0,5
34213,17,31,194
34214,11,23,143
34215,33,61,359
34216,12,22,131
34217,10,26,182
34218,8,16,100
34219,14,27,184
34220,0,0,5
34221,11,25,160
34222,9,14,67
34223,21,37,276
34224,4,10,62
34225,0,0,5
34226,15,32,195
34227,14,32,218
34228,0,0,5
34229,20,37,226
34230,5,6,42
34231,11,26,154
34232,21,53,329
34233,27,48,250
34234,25,48,250
34235,21,42,227
34236,12,19,101
34237,19,30,172
34238,4,10,75
34239,0,2,29
34240,16,31,177
34241,12,22,138
34242,21,37,234
34243,22,44,254
34244,11,24,150
34245,17,33,214
34246,14,33,247
34247,13,19,120
34248,21,46,291
34249,19,42,255
34250,5,11,78
34251,5,12,88
34252,4,11,87
34253,2,5,29
34254,10,24,163
34255,3,5,32
34256,1,1,3
34257,1,2,12
34258,9,20,127
34259,1,4,30
34260,7,15,89
34261,6,13,76
34262,0,1,3
34263,3,6,37
34264,5,10,67
34265,7,13,66
34266,13,28,162
34267,10,22,142
34268,8,16,116
34269,0,0,1
34270,11,27,158
34271,0,1,3
34272,0,4,29
34273,11,20,113
34274,19,35,217
34275,18,44,309
34276,25,44,275
34277,14,26,162
34278,12,26,148
34279,12,22,144
34280,12,22,117
34281,11,27,181
34282,11,32,261
34283,5,15,128
34284,20,42,273
34285,24,49,287
34286,21,39,211
34287,28,46,246
34288,14,27,161
34289,8,16,101
34290,6,18,118
34291,16,31,191
34292,5,14,99
34293,10,21,131
34294,8,21,130
34295,20,37,212
34296,10,22,151
34297,18,46,305
34298,1,1,3
34299,0,2,14
34300,22,47,289
34301,7,15,91
34302,13,23,132
34303,7,18,99
34304,0,1,3
34305,1,6,47
34306,17,32,181
34307,18,37,224
34308,9,22,170
34309,17,37,245
34310,17,35,195
34311,12,26,175
34312,21,40,274
34313,16,36,252
34314,22,46,278
34315,7,15,102
34316,21,42,233
34317,30,56,316
34318,12,29,196
34319,21,38,217
34320,18,35,197
34321,5,7,43
34322,9,12,61
34323,3,5,30
34324,7,13,87
34325,6,12,78
34326,2,6,44
34327,11,19,116
34328,9,16,97
34329,9,20,119
34330,15,35,217
34331,16,37,270
34332,8,13,73
34333,3,7,55
34334,7,16,93
34335,22,52,378
34336,14,21,110
34337,7,26,179
34338,27,64,409
34339,9,19,117
34340,10,18,123
34341,7,11,63
34342,7,14,88
34343,7,16,101
34344,9,23,157
34345,11,23,146
34346,12,23,130
34347,18,36,226
34348,19,35,198
34349,9,24,167
34350,19,30,183
34351,15,32,210
34352,9,17,131
34353,9,19,123
34354,11,24,154
34355,14,24,152
34356,12,26,169
34357,13,35,234
34358,11,18,91
34359,6,13,72
34360,7,13,102
34361,15,29,196
34362,8,19,133
34363,13,32,226
34364,8,24,193
34365,4,9,79
34366,12,24,147
34367,9,23,164
34368,4,8,39
34369,2,3,14
34370,8,12,59
34371,10,18,116
34372,4,12,94
34373,8,16,104
34374,7,20,141
34375,20,47,330
34376,9,23,147
34377,14,29,188
34378,12,27,167
34379,15,33,208
34380,10,25,167
34381,16,34,215
34382,14,27,163
34383,6,17,126
34384,17,35,236
34385,29,64,423
34386,12,24,146
34387,3,6,47
34388,6,10,58
34389,6,14,107
34390,13,23,133
34391,6,14,102
34392,5,13,90
34393,6,13,88
34394,5,9,52
34395,4,13,89
34396,5,13,101
34397,15,33,236
34398,3,8,55
34399,9,21,141
34400,10,19,113
34401,8,19,142
34402,7,16,100
34403,2,6,45
34404,3,9,81
34405,7,16,97
34406,5,11,68
34407,9,17,105
34408,12,29,169
34409,12,27,195
34410,12,29,179
34411,8,15,81
34412,19,40,237
34413,9,26,185
34414,18,43,259
34415,18,35,213
34416,6,13,80
34417,14,27,163
34418,15,29,182
34419,0,3,29
34420,11,27,160
34421,10,31,242
34422,8,21,138
34423,3,10,69
34424,6,20,153
34425,4,14,96
34426,8,16,98
34427,11,23,154
34428,5,11,74
34429,7,20,130
34430,7,21,160
34431,3,14,102
34432,11,25,169
34433,4,15,118
34434,8,25,211
34435,9,27,166
34436,2,7,52
34437,7,14,106
34438,4,9,55
34439,12,34,225
34440,11,21,118
34441,12,28,209
34442,16,30,184
34443,15,28,175
34444,1,6,61
34445,2,5,34
34446,12,29,212
34447,5,18,154
34448,3,14,103
34449,9,19,120
34450,4,7,42
34451,8,18,116
34452,9,22,142
34453,9,19,139
34454,19,40,270
34455,3,11,72
34456,11,27,205
34457,4,9,52
34458,7,13,76
34459,5,14,98
34460,7,17,131
34461,12,27,183
34462,13,39,297
34463,5,17,124
34464,4,9,70
34465,9,22,158
34466,12,27,178
34467,8,22,192
34468,5,12,91
34469,5,14,91
34470,7,20,124
34471,5,14,111
34472,11,21,130
34473,9,14,70
34474,11,29,198
34475,7,14,85
34476,5,13,88
34477,16,23,116
34478,28,58,354
34479,10,24,172
34480,14,30,179
34481,10,21,128
34482,5,7,47
34483,1,5,33
34484,6,18,125
34485,8,19,124
34486,6,18,123
34487,9,22,169
34488,5,17,111
34489,5,20,136
34490,8,14,98
34491,11,25,152
34492,9,22,143
34493,9,21,117
34494,6,16,106
34495,8,21,153
34496,6,15,84
34497,5,9,56
34498,6,26,178
34499,7,16,104
34500,7,24,171
34501,30,60,330
34502,10,25,144
34503,33,58,324
34504,8,17,126
34505,4,12,93
34506,4,7,38
34507,18,37,210
34508,9,20,126
34509,11,21,123
34510,17,27,142
34511,12,29,191
34512,19,36,246
34513,11,24,186
34514,9,23,161
34515,11,23,139
34516,15,26,158
34517,14,31,220
34518,15,31,199
34519,10,17,110
34520,8,14,88
34521,6,14,93
34522,8,21,126
34523,0,2,13
34524,20,37,217
34525,17,38,256
34526,4,10,71
34527,12,30,185
34528,21,43,273
34529,4,11,65
34530,7,16,106
34531,8,18,141
34532,4,10,72
34533,12,24,162
34534,19,44,284
34535,19,40,262
34536,20,44,288
34537,17,35,228
34538,11,22,143
34539,13,27,218
34540,11,21,135
34541,6,12,74
34542,9,19,125
34543,30,54,323
34544,4,11,70
34545,14,26,164
34546,9,17,116
34547,7,17,116
34548,6,13,77
34549,2,9,81
34550,6,14,94
34551,9,24,152
34552,17,37,242
34553,16,35,220
34554,1,4,28
34555,25,47,291
34556,6,13,82
34557,11,24,162
34558,23,49,313
34559,14,31,197
34560,6,13,96
34561,17,34,218
34562,17,25,162
34563,20,38,218
34564,17,32,214
34565,24,45,270
34566,20,38,238
34567,10,20,149
34568,6,12,74
34569,3,6,38
34570,9,22,143
34571,20,40,271
34572,25,49,343
34573,9,26,224
34574,8,20,151
34575,13,29,214
34576,5,14,122
34577,6,16,120
34578,2,6,40
34579,16,36,221
34580,5,20,135
34581,7,16,91
34582,6,14,83
34583,12,23,122
34584,22,46,306
34585,16,29,171
34586,15,35,224
34587,9,19,114
34588,8,22,141
34589,1,1,3
34590,1,6,47
34591,21,42,271
34592,27,54,335
34593,25,50,313
34594,11,26,158
34595,5,10,69
34596,7,14,92
34597,9,19,122
34598,9,20,126
34599,6,11,66
34600,27,46,279
34601,11,26,174
34602,16,30,180
34603,8,15,93
34604,8,17,116
34605,15,28,192
34606,0,1,3
34607,2,4,27
34608,11,28,222
34609,4,9,68
34610,8,18,133
34611,18,32,198
34612,6,14,93
34613,4,9,75
34614,3,10,79
34615,5,14,118
34616,6,14,118
34617,2,9,86
34618,2,9,86
34619,4,13,108
34620,11,20,129
34621,6,14,97
34622,9,16,106
34623,0,1,3
34624,3,6,44
34625,7,15,91
34626,11,23,144
34627,20,42,285
34628,5,9,62
34629,20,37,225
34630,3,8,57
34631,5,13,89
34632,20,47,294
34633,6,13,70
34634,14,26,175
34635,3,5,43
34636,12,22,143
34637,7,18,126
34638,1,1,3
34639,1,4,28
34640,9,19,115
34641,7,13,83
34642,5,11,58
34643,14,29,171
34644,9,18,129
34645,9,21,141
34646,8,17,117
34647,13,28,184
34648,8,16,96
34649,6,15,107
34650,12,19,121
34651,10,22,138
34652,6,11,67
34653,8,17,93
34654,21,41,257
34655,4,7,48
34656,8,21,137
34657,0,0,3
34658,12,22,133
34659,12,23,192
34660,0,0,3
34661,7,14,72
34662,16,31,176
34663,14,26,167
34664,3,8,53
34665,0,1,3
34666,1,3,25
34667,10,19,121
34668,10,23,155
34669,4,10,66
34670,11,24,169
34671,9,19,129
34672,4,10,68
34673,4,10,70
34674,12,24,153
34675,0,1,3
34676,0,2,16
34677,5,13,84
34678,13,26,178
34679,9,16,105
34680,6,12,85
34681,0,1,3
34682,1,3,22
34683,25,45,275
34684,4,12,101
34685,4,9,62
34686,2,11,80
34687,18,35,195
34688,4,15,103
34689,15,33,234
34690,0,2,17
34691,3,6,36
34692,16,30,174
34693,23,43,239
34694,6,13,83
34695,16,32,183
34696,21,37,220
34697,8,17,101
34698,8,14,100
34699,11,22,161
34700,14,27,175
34701,9,15,80
34702,19,31,173
34703,7,14,89
34704,5,13,95
34705,17,27,156
34706,16,34,253
34707,8,16,98
34708,5,11,64
34709,7,18,129
34710,15,30,180
34711,4,10,84
34712,11,25,157
34713,13,24,165
34714,13,27,166
34715,15,26,138
34716,7,12,68
34717,17,33,194
34718,8,17,119
34719,17,42,287
34720,18,37,236
34721,12,24,151
34722,8,15,93
34723,3,11,77
34724,13,22,139
34725,12,21,137
34726,4,9,68
34727,19,32,200
34728,12,22,131
34729,5,10,79
34730,1,5,39
34731,33,55,295
34732,25,46,272
34733,3,11,68
34734,11,24,153
34735,7,14,79
34736,2,7,39
34737,3,6,41
34738,12,27,156
34739,5,10,64
34740,8,13,67
34741,4,10,82
34742,17,34,233
34743,1,2,10
34744,12,26,137
34745,14,23,130
34746,6,13,105
34747,2,6,53
34748,11,25,156
34749,3,12,83
34750,3,7,41
34751,24,47,301
34752,16,32,202
34753,4,16,126
34754,6,11,69
34755,8,22,132
34756,15,31,210
34757,7,13,71
34758,0,2,20
34759,3,11,74
34760,9,20,130
34761,8,17,112
34762,6,14,82
34763,12,23,140
34764,22,37,226
34765,22,42,264
34766,6,10,45
34767,12,23,144
34768,16,36,250
34769,21,44,294
34770,8,20,123
34771,11,20,103
34772,4,7,45
34773,17,37,230
34774,22,43,234
34775,9,20,113
34776,19,34,193
34777,30,60,361
34778,21,39,260
34779,18,33,191
34780,11,22,132
34781,5,11,72
34782,11,23,149
34783,13,24,156
34784,10,16,106
34785,7,12,72
34786,19,32,175
34787,0,0,3
34788,11,29,187
34789,8,14,97
34790,8,10,58
34791,4,10,62
34792,4,13,105
34793,0,0,4
34794,3,12,102
34795,5,12,83
34796,7,12,77
34797,0,2,25
34798,19,33,203
34799,11,23,129
34800,11,23,136
34801,8,23,167
34802,8,20,146
34803,5,12,112
34804,0,0,3
34805,8,19,121
34806,0,0,3
34807,12,30,189
34808,0,0,3
34809,18,42,273
34810,0,0,3
34811,11,23,131
34812,8,23,173
34813,0,0,3
34814,3,9,58
34815,10,22,140
34816,10,25,156
34817,0,0,3
34818,2,7,53
34819,3,9,65
34820,5,13,99
34821,0,2,22
34822,11,33,213
34823,7,15,120
34824,23,45,284
34825,0,0,3
34826,15,24,151
34827,15,24,144
34828,13,23,128
34829,9,18,106
34830,10,21,114
34831,0,0,3
34832,21,34,159
34833,10,19,108
34834,0,0,3
34835,3,11,75
34836,14,27,164
34837,0,0,3
34838,6,13,82
34839,8,14,100
34840,0,0,3
34841,4,13,79
34842,9,18,97
34843,0,0,3
34844,6,17,106
34845,13,31,199
34846,0,0,3
34847,7,16,102
34848,4,8,44
34849,13,25,145
34850,0,0,3
34851,5,11,78
34852,14,29,168
34853,8,13,69
34854,15,35,225
34855,4,8,49
34856,15,36,215
34857,6,12,69
34858,5,13,70
34859,12,19,111
34860,2,11,84
34861,13,39,280
34862,13,26,162
34863,11,23,148
34864,15,33,202
34865,20,38,226
34866,8,22,168
34867,3,8,55
34868,13,33,223
34869,12,28,182
34870,12,23,138
34871,12,25,160
34872,5,12,82
34873,27,46,263
34874,10,32,249
34875,6,15,86
34876,7,17,95
34877,8,13,70
34878,5,17,130
34879,2,14,117
34880,9,18,113
34881,7,12,78
34882,7,25,154
34883,6,22,150
34884,13,29,198
34885,2,5,37
34886,18,35,228
34887,12,23,137
34888,12,21,123
34889,6,13,93
34890,5,11,76
34891,8,19,139
34892,11,18,106
34893,3,13,107
34894,0,2,18
34895,4,12,77
34896,10,24,186
34897,10,21,122
34898,7,14,88
34899,8,15,93
34900,14,25,130
34901,15,33,223
34902,6,17,143
34903,8,19,143
34904,9,18,117
34905,7,14,95
34906,11,30,237
34907,9,16,102
34908,5,10,64
34909,7,19,151
34910,1,4,29
34911,11,21,118
34912,0,2,16
34913,4,15,111
34914,18,31,175
34915,11,23,149
34916,3,14,96
34917,5,18,130
34918,4,16,129
34919,7,18,112
34920,4,6,35
34921,7,16,101
34922,6,20,129
34923,6,13,73
34924,4,12,85
34925,7,18,118
34926,6,19,144
34927,6,23,169
34928,8,19,132
34929,7,20,142
34930,8,20,113
34931,10,23,181
34932,14,27,211
34933,20,36,189
34934,13,31,211
34935,4,9,60
34936,8,22,158
34937,1,6,40
34938,6,18,137
34939,6,19,136
34940,20,48,301
34941,7,19,123
34942,11,19,120
34943,1,3,17
34944,8,15,90
34945,8,19,101
34946,5,9,57
34947,2,3,12
34948,9,16,85
34949,9,17,85
34950,8,22,132
34951,12,17,85
34952,11,23,155
34953,7,19,105
34954,21,33,180
34955,14,28,166
34956,7,15,98
34957,20,39,237
34958,11,19,99
34959,4,6,31
34960,8,17,123
34961,10,22,146
34962,12,16,84
34963,16,31,199
34964,9,17,104
34965,2,3,16
34966,12,32,204
34967,0,1,13
34968,0,2,18
34969,7,19,131
34970,7,23,157
34971,1,5,37
34972,13,27,175
34973,2,6,38
34974,10,19,112
34975,0,1,13
34976,2,6,44
34977,8,23,201
34978,15,28,144
34979,26,49,301
34980,6,18,137
34981,0,1,13
34982,2,6,45
34983,7,15,93
34984,5,9,54
34985,7,17,110
34986,14,29,186
34987,9,18,111
34988,12,24,141
34989,12,25,168
34990,5,10,57
34991,0,1,13
34992,5,12,71
34993,7,18,126
34994,14,33,201
34995,7,17,112
34996,13,25,159
34997,7,15,90
34998,0,1,13
34999,0,3,27
35000,6,15,110
35001,12,35,240
35002,9,18,117
35003,8,15,98
35004,9,15,85
35005,8,22,149
35006,8,17,116
35007,5,12,72
35008,5,11,65
35009,0,1,13
35010,3,7,54
35011,8,17,104
35012,20,32,190
35013,2,8,53
35014,3,7,46
35015,5,13,95
35016,7,17,119
35017,11,18,94
35018,7,13,68
35019,19,39,256
35020,6,14,87
35021,19,48,328
35022,24,49,301
35023,25,49,311
35024,15,25,145
35025,12,21,132
35026,8,18,116
35027,6,10,54
35028,8,16,100
35029,6,16,98
35030,8,19,128
35031,10,21,139
35032,1,3,26
35033,12,23,158
35034,8,12,93
35035,2,4,39
35036,19,36,240
35037,4,5,26
35038,19,34,197
35039,13,30,195
35040,23,42,256
35041,22,40,240
35042,16,34,239
35043,28,54,376
35044,11,29,209
35045,7,14,91
35046,20,41,284
35047,13,24,143
35048,9,14,94
35049,25,51,339
35050,8,24,167
35051,9,22,172
35052,12,27,149
35053,14,30,212
35054,21,35,239
35055,1,4,32
35056,8,19,126
35057,5,14,110
35058,20,37,235
35059,18,31,215
35060,10,23,151
35061,8,17,114
35062,7,20,154
35063,5,14,99
35064,8,27,208
35065,7,14,114
35066,19,38,248
35067,11,23,181
35068,17,31,193
35069,2,7,60
35070,11,27,175
35071,12,26,167
35072,15,33,243
35073,12,22,153
35074,13,26,179
35075,9,17,164
35076,14,26,167
35077,14,27,157
35078,8,15,121
35079,9,17,108
35080,16,29,160
35081,9,17,97
35082,2,7,56
35083,8,18,119
35084,19,41,239
35085,16,24,138
35086,10,19,127
35087,5,15,96
35088,1,5,44
35089,11,27,172
35090,8,17,106
35091,10,24,163
35092,16,34,236
35093,7,19,151
35094,21,45,305
35095,10,23,156
35096,7,18,125
35097,20,41,254
35098,14,29,174
35099,20,49,326
35100,8,11,58
35101,1,8,50
35102,0,0,3
35103,1,2,20
35104,14,35,219
35105,3,11,82
35106,21,43,337
35107,14,30,216
35108,7,19,130
35109,15,32,246
35110,17,35,234
35111,22,51,343
35112,8,19,153
35113,11,24,144
35114,16,34,234
35115,7,13,83
35116,26,56,347
35117,12,29,190
35118,0,0,3
35119,1,2,20
35120,11,27,190
35121,13,26,146
35122,11,24,170
35123,13,27,165
35124,31,67,414
35125,13,38,263
35126,16,33,200
35127,10,23,171
35128,13,24,133
35129,15,37,224
35130,13,29,201
35131,14,25,166
35132,17,46,312
35133,21,42,256
35134,19,37,227
35135,18,38,252
35136,18,36,220
35137,34,67,443
35138,6,15,95
35139,23,51,337
35140,23,49,292
35141,4,10,65
35142,10,24,153
35143,12,21,123
35144,4,9,64
35145,15,37,240
35146,14,30,188
35147,14,37,248
35148,16,32,187
35149,17,35,211
35150,5,9,50
35151,13,25,163
35152,3,9,64
35153,16,40,288
35154,22,38,217
35155,12,23,147
35156,14,26,158
35157,15,28,154
35158,10,24,158
35159,2,8,47
35160,0,0,3
35161,1,3,18
35162,9,21,141
35163,11,25,149
35164,12,34,237
35165,27,52,314
35166,30,66,463
35167,5,11,84
35168,5,17,118
35169,9,17,109
35170,13,23,129
35171,19,41,257
35172,25,51,307
35173,0,1,25
35174,0,0,8
35175,5,10,61
35176,6,14,86
35177,17,35,224
35178,7,18,135
35179,0,1,25
35180,0,0,8
35181,0,0,1
35182,8,19,142
35183,5,14,99
35184,7,16,108
35185,7,21,143
35186,1,2,32
35187,14,27,205
35188,0,1,17
35189,10,23,176
35190,12,22,130
35191,13,28,188
35192,11,23,154
35193,6,11,67
35194,11,21,126
35195,8,20,148
35196,5,11,58
35197,20,40,238
35198,0,1,23
35199,0,0,17
35200,0,1,16
35201,0,0,1
35202,8,14,80
35203,9,18,132
35204,11,24,122
35205,9,16,121
35206,8,15,96
35207,3,12,104
35208,14,31,209
35209,16,31,185
35210,11,21,151
35211,21,41,248
35212,18,39,257
35213,11,31,196
35214,13,25,151
35215,15,39,244
35216,13,24,165
35217,10,18,101
35218,7,19,115
35219,2,7,58
35220,9,21,133
35221,9,24,162
35222,15,36,254
35223,12,24,164
35224,19,34,240
35225,8,18,122
35226,1,3,37
35227,0,0,10
35228,12,23,153
35229,14,24,151
35230,10,23,147
35231,6,13,83
35232,11,16,112
35233,4,9,54
35234,12,25,178
35235,9,16,106
35236,14,27,175
35237,17,40,280
35238,0,1,22
35239,7,19,136
35240,7,14,98
35241,17,32,241
35242,19,46,304
35243,16,34,213
35244,10,22,142
35245,5,11,83
35246,5,13,103
35247,16,34,211
35248,12,26,171
35249,14,23,124
35250,9,18,112
35251,8,14,82
35252,11,25,162
35253,13,29,199
35254,6,15,129
35255,12,25,173
35256,7,9,45
35257,11,20,114
35258,8,24,163
35259,14,33,219
35260,17,30,205
35261,11,26,178
35262,9,18,111
35263,10,18,117
35264,7,13,69
35265,8,16,121
35266,7,13,78
35267,11,22,122
35268,9,12,71
35269,18,32,184
35270,6,12,60
35271,21,46,285
35272,4,7,41
35273,3,8,56
35274,7,9,39
35275,16,25,134
35276,11,19,90
35277,17,26,134
35278,19,30,156
35279,8,11,47
35280,6,13,74
35281,10,21,126
35282,16,33,170
35283,9,18,85
35284,20,30,146
35285,4,8,45
35286,18,31,164
35287,9,16,90
35288,16,26,138
35289,3,7,48
35290,11,21,102
35291,21,30,138
35292,6,9,45
35293,5,10,63
35294,14,23,120
35295,9,14,67
35296,13,22,115
35297,13,21,102
35298,1,2,13
35299,24,48,283
35300,14,20,103
35301,13,21,106
35302,8,16,89
35303,14,25,146
35304,4,10,59
35305,12,25,142
35306,24,38,190
35307,11,23,127
35308,25,43,226
35309,9,13,78
35310,3,4,19
35311,58,94,501
35312,17,34,203
35313,16,22,112
35314,21,34,196
35315,3,10,73
35316,10,15,68
35317,6,13,79
35318,17,28,149
35319,4,6,34
35320,19,34,196
35321,23,38,201
35322,8,12,61
35323,13,24,132
35324,6,14,90
35325,10,18,97
35326,15,24,132
35327,4,8,48
35328,11,18,86
35329,13,26,161
35330,11,17,89
35331,4,6,29
35332,28,48,246
35333,19,31,155
35334,21,34,176
35335,4,7,38
35336,9,19,104
35337,7,13,64
35338,12,23,122
35339,5,7,34
35340,24,33,172
35341,1,3,19
35342,9,18,100
35343,11,22,129
35344,14,27,191
35345,14,24,130
35346,20,34,176
35347,6,10,57
35348,11,20,124
35349,10,17,105
35350,20,29,157
35351,11,14,73
35352,8,17,111
35353,7,15,108
35354,16,26,137
35355,3,8,43
35356,17,33,194
35357,19,28,159
35358,7,14,86
35359,3,8,52
35360,6,11,69
35361,10,18,108
35362,3,7,40
35363,11,22,130
35364,10,19,105
35365,14,28,186
35366,25,43,277
35367,24,53,365
35368,16,28,181
35369,10,16,77
35370,5,13,96
35371,8,12,65
35372,18,40,250
35373,8,12,67
35374,29,57,381
35375,16,27,166
35376,9,16,117
35377,6,9,62
35378,11,18,100
35379,6,11,68
35380,31,64,411
35381,6,12,74
35382,23,52,390
35383,26,49,303
35384,20,38,226
35385,8,14,96
35386,14,30,183
35387,12,22,112
35388,16,29,182
35389,12,16,79
35390,4,10,69
35391,27,49,296
35392,39,73,448
35393,26,46,280
35394,23,36,230
35395,23,45,273
35396,10,16,92
35397,10,20,108
35398,6,11,79
35399,8,17,116
35400,13,20,112
35401,5,12,91
35402,27,50,299
35403,13,27,162
35404,5,11,65
35405,7,17,110
35406,18,30,155
35407,15,35,227
35408,23,53,337
35409,8,12,68
35410,7,12,71
35411,16,29,167
35412,5,10,68
35413,16,29,173
35414,18,36,204
35415,3,5,29
35416,10,14,77
35417,15,26,150
35418,10,15,77
35419,11,27,179
35420,16,30,179
35421,27,57,343
35422,19,35,250
35423,5,12,69
35424,10,20,111
35425,18,34,193
35426,13,31,204
35427,18,36,229
35428,8,13,71
35429,29,63,383
35430,7,10,67
35431,16,37,261
35432,19,35,209
35433,11,20,111
35434,8,22,190
35435,7,17,104
35436,8,17,96
35437,4,14,91
35438,10,19,116
35439,10,20,129
35440,15,27,145
35441,13,27,144
35442,5,14,89
35443,17,37,219
35444,26,44,278
35445,2,3,22
35446,20,38,228
35447,12,26,175
35448,0,0,1
35449,9,18,122
35450,6,12,78
35451,6,11,92
35452,11,18,116
35453,12,31,211
35454,13,25,142
35455,16,34,223
35456,11,30,215
35457,11,28,190
35458,6,11,66
35459,13,24,134
35460,3,8,60
35461,16,31,203
35462,7,15,83
35463,16,32,210
35464,7,13,75
35465,13,25,140
35466,1,10,78
35467,7,18,126
35468,5,11,61
35469,10,27,183
35470,16,35,239
35471,12,22,124
35472,17,31,202
35473,13,27,171
35474,9,24,129
35475,14,29,183
35476,7,16,102
35477,8,16,92
35478,1,5,34
35479,7,19,145
35480,7,21,115
35481,9,17,104
35482,6,13,87
35483,17,32,179
35484,5,13,94
35485,3,9,57
35486,14,26,149
35487,14,29,169
35488,8,19,137
35489,8,13,67
35490,9,22,149
35491,6,16,112
35492,2,4,36
35493,8,20,120
35494,4,8,53
35495,2,6,54
35496,3,6,38
35497,8,16,107
35498,13,26,143
35499,6,11,61
35500,8,17,105
35501,3,7,46
35502,20,42,234
35503,7,16,116
35504,12,19,107
35505,12,24,157
35506,16,32,184
35507,9,21,159
35508,7,14,74
35509,0,2,15
35510,6,15,87
35511,10,30,193
35512,6,11,70
35513,7,17,107
35514,8,20,124
35515,9,18,102
35516,11,18,92
35517,13,29,193
35518,15,32,218
35519,7,14,86
35520,5,11,62
35521,11,27,172
35522,8,18,110
35523,3,9,60
35524,5,13,63
35525,9,20,128
35526,15,41,293
35527,13,38,248
35528,18,36,216
35529,13,27,162
35530,6,18,118
35531,12,22,118
35532,5,12,80
35533,9,20,104
35534,10,29,186
35535,7,14,86
35536,9,18,96
35537,15,32,198
35538,16,34,183
35539,12,25,146
35540,10,24,159
35541,9,17,101
35542,11,22,137
35543,7,19,107
35544,9,20,135
35545,6,19,113
35546,16,31,176
35547,19,36,197
35548,9,22,116
35549,12,28,155
35550,13,27,142
35551,19,42,247
35552,6,15,94
35553,9,18,99
35554,18,39,201
35555,7,14,72
35556,11,22,130
35557,11,18,103
35558,13,28,164
35559,12,27,156
35560,9,25,157
35561,14,32,223
35562,2,10,78
35563,14,28,146
35564,4,9,53
35565,13,21,110
35566,20,38,224
35567,5,11,76
35568,5,14,84
35569,9,26,175
35570,5,8,40
35571,7,22,160
35572,5,14,87
35573,18,32,194
35574,25,43,226
35575,8,19,105
35576,8,20,137
35577,22,44,262
35578,3,7,45
35579,18,43,257
35580,7,19,135
35581,0,3,22
35582,0,2,19
35583,8,17,110
35584,14,30,176
35585,9,22,124
35586,10,26,156
35587,5,9,57
35588,13,28,171
35589,5,11,62
35590,10,20,107
35591,8,19,121
35592,15,29,145
35593,18,32,159
35594,2,3,18
35595,16,33,189
35596,11,27,162
35597,8,24,132
35598,9,18,89
35599,14,24,138
35600,3,7,41
35601,16,29,163
35602,20,37,188
35603,5,16,97
35604,5,15,91
35605,17,33,184
35606,11,29,172
35607,17,40,254
35608,4,13,82
35609,9,19,132
35610,19,34,179
35611,9,20,122
35612,21,39,251
35613,13,29,167
35614,8,11,55
35615,12,24,148
35616,9,20,123
35617,9,19,107
35618,13,26,168
35619,6,13,82
35620,5,13,102
35621,11,17,92
35622,11,20,108
35623,3,7,52
35624,16,36,223
35625,8,20,117
35626,10,21,128
35627,11,17,85
35628,11,28,181
35629,15,32,198
35630,11,25,148
35631,1,3,23
35632,14,32,231
35633,11,22,135
35634,15,37,245
35635,6,16,123
35636,12,23,132
35637,4,11,75
35638,7,21,166
35639,2,9,56
35640,4,13,101
35641,10,26,185
35642,16,35,188
35643,9,27,187
35644,6,14,93
35645,10,23,134
35646,2,5,35
35647,2,10,77
35648,3,6,38
35649,7,14,103
35650,6,13,106
35651,1,3,47
35652,0,2,26
35653,0,2,33
35654,0,3,41
35655,13,27,182
35656,2,7,46
35657,12,41,281
35658,14,46,370
35659,10,20,127
35660,7,18,125
35661,5,12,80
35662,14,28,165
35663,7,21,141
35664,5,13,89
35665,10,20,137
35666,12,29,183
35667,6,12,86
35668,9,25,164
35669,7,14,92
35670,3,6,39
35671,16,33,186
35672,16,31,191
35673,11,29,180
35674,7,19,121
35675,5,15,103
35676,7,20,126
35677,8,20,125
35678,12,26,171
35679,5,15,115
35680,2,6,50
35681,2,6,40
35682,3,7,40
35683,9,22,137
35684,13,27,176
35685,20,45,306
35686,8,19,123
35687,11,23,164
35688,5,11,93
35689,11,23,137
35690,15,30,198
35691,3,8,50
35692,3,9,49
35693,0,2,14
35694,12,26,151
35695,4,10,46
35696,11,27,160
35697,12,18,98
35698,8,22,159
35699,6,12,71
35700,13,31,183
35701,5,13,75
35702,12,27,149
35703,12,22,132
35704,9,15,77
35705,6,21,150
35706,2,6,46
35707,0,2,37
35708,0,3,28
35709,1,4,34
35710,10,24,141
35711,17,41,270
35712,9,23,162
35713,5,9,55
35714,10,24,173
35715,16,32,234
35716,16,32,198
35717,21,42,277
35718,4,10,57
35719,10,20,117
35720,9,20,127
35721,18,35,196
35722,6,11,56
35723,28,52,324
35724,30,61,367
35725,23,45,287
35726,30,53,277
35727,8,16,86
35728,18,31,160
35729,21,47,304
35730,8,20,125
35731,28,54,314
35732,7,15,89
35733,17,32,190
35734,11,24,158
35735,9,13,70
35736,13,21,120
35737,15,26,161
35738,16,28,177
35739,9,20,133
35740,5,8,54
35741,9,15,68
35742,5,10,54
35743,4,5,24
35744,4,7,41
35745,4,9,49
35746,10,17,86
35747,3,7,45
35748,9,16,88
35749,18,37,218
35750,9,19,117
35751,10,20,116
35752,13,23,104
35753,21,32,182
35754,11,24,169
35755,13,23,148
35756,11,25,149
35757,13,17,78
35758,5,12,94
35759,7,19,124
35760,25,48,311
35761,7,11,64
35762,9,18,99
35763,2,6,43
35764,9,13,65
35765,8,17,101
35766,10,20,130
35767,37,68,448
35768,5,11,75
35769,14,29,196
35770,20,36,235
35771,9,19,101
35772,16,30,176
35773,7,19,128
35774,4,7,34
35775,12,18,94
35776,9,13,68
35777,13,23,131
35778,14,24,134
35779,19,38,226
35780,21,40,238
35781,2,7,52
35782,11,30,172
35783,10,22,146
35784,11,16,88
35785,13,25,136
35786,9,27,161
35787,4,7,32
35788,7,11,50
35789,9,17,90
35790,13,21,103
35791,14,33,204
35792,11,26,160
35793,15,31,180
35794,4,12,89
35795,4,15,114
35796,4,9,57
35797,2,6,37
35798,11,24,140
35799,2,5,34
35800,13,22,113
35801,9,22,132
35802,13,24,137
35803,23,44,271
35804,12,24,153
35805,29,56,359
35806,27,53,322
35807,10,23,160
35808,13,35,236
35809,14,26,146
35810,18,34,193
35811,9,25,153
35812,7,19,133
35813,8,14,88
35814,5,19,146
35815,5,17,121
35816,8,30,215
35817,9,15,84
35818,9,21,131
35819,13,27,171
35820,8,17,117
35821,20,51,327
35822,12,29,193
35823,9,23,154
35824,15,35,225
35825,9,22,141
35826,4,11,67
35827,8,15,90
35828,16,33,213
35829,5,11,101
35830,2,6,47
35831,16,33,230
35832,12,23,127
35833,7,19,135
35834,18,36,231
35835,8,16,108
35836,6,15,103
35837,8,18,112
35838,9,26,194
35839,7,18,134
35840,9,21,131
35841,20,38,210
35842,7,22,141
35843,4,10,52
35844,11,25,163
35845,16,27,164
35846,17,34,209
35847,12,23,148
35848,11,31,215
35849,12,28,159
35850,22,38,216
35851,10,22,127
35852,7,15,90
35853,3,10,73
35854,11,22,142
35855,5,14,83
35856,5,8,39
35857,11,22,123
35858,32,59,356
35859,6,15,116
35860,1,5,48
35861,2,7,57
35862,2,6,52
35863,1,5,48
35864,2,6,43
35865,7,15,96
35866,13,31,176
35867,11,26,145
35868,2,6,36
35869,4,15,102
35870,7,9,47
35871,11,25,170
35872,9,17,105
35873,3,8,46
35874,6,12,62
35875,17,30,176
35876,18,30,170
35877,24,42,240
35878,18,37,210
35879,13,24,156
35880,20,38,216
35881,28,58,332
35882,35,65,397
35883,4,10,79
35884,15,31,174
35885,18,40,244
35886,4,8,51
35887,6,13,77
35888,17,33,228
35889,10,23,155
35890,8,21,132
35891,6,18,119
35892,23,46,291
35893,15,28,159
35894,8,18,125
35895,13,26,163
35896,23,42,261
35897,14,27,165
35898,10,20,116
35899,12,22,120
35900,11,21,130
35901,12,21,109
35902,14,26,141
35903,17,40,245
35904,8,13,90
35905,22,44,271
35906,12,23,139
35907,15,29,175
35908,21,42,254
35909,16,30,201
35910,34,59,335
35911,9,14,82
35912,14,35,224
35913,15,28,179
35914,20,44,263
35915,19,34,197
35916,13,22,128
35917,7,20,115
35918,18,29,155
35919,10,17,92
35920,17,32,220
35921,25,50,274
35922,13,27,167
35923,14,25,138
35924,16,32,201
35925,18,39,260
35926,4,8,71
35927,4,8,67
35928,20,33,188
35929,13,22,145
35930,26,48,322
35931,7,11,60
35932,19,33,247
35933,9,18,124
35934,13,21,132
35935,16,31,186
35936,20,41,290
35937,20,40,257
35938,10,18,111
35939,6,12,87
35940,16,25,141
35941,21,46,314
35942,6,14,97
35943,13,24,120
35944,14,28,183
35945,15,26,159
35946,45,72,444
35947,6,12,74
35948,3,7,44
35949,19,41,308
35950,4,11,77
35951,12,22,123
35952,13,23,136
35953,18,31,193
35954,16,32,177
35955,10,18,92
35956,18,37,203
35957,12,21,130
35958,3,8,53
35959,6,20,147
35960,3,10,72
35961,15,38,253
35962,11,26,156
35963,6,12,78
35964,9,18,99
35965,0,8,57
35966,12,25,150
35967,7,23,174
35968,8,22,161
35969,6,13,76
35970,11,30,199
35971,9,18,113
35972,8,20,141
35973,12,34,191
35974,15,36,233
35975,10,20,120
35976,9,19,114
35977,20,49,314
35978,15,29,173
35979,8,18,97
35980,11,24,149
35981,9,21,141
35982,14,31,174
35983,23,43,263
35984,13,41,292
35985,8,15,88
35986,8,21,116
35987,10,22,147
35988,2,5,27
35989,6,18,108
35990,6,16,100
35991,13,27,171
35992,9,21,144
35993,20,36,251
35994,10,18,106
35995,10,22,132
35996,6,14,88
35997,3,9,67
35998,11,21,141
35999,7,22,163
36000,16,40,240
36001,5,16,114
36002,17,31,185
36003,14,28,167
36004,6,11,81
36005,12,33,220
36006,12,31,210
36007,10,22,121
36008,11,25,169
36009,15,36,218
36010,15,34,224
36011,21,41,236
36012,12,27,164
36013,10,22,133
36014,22,43,240
36015,8,18,123
36016,23,46,277
36017,14,34,209
36018,20,41,256
36019,16,37,238
36020,11,36,239
36021,20,41,253
36022,18,42,276
36023,12,28,179
36024,11,26,178
36025,10,19,117
36026,4,8,48
36027,8,13,64
36028,10,26,160
36029,23,47,271
36030,0,0,3
36031,1,3,19
36032,13,37,241
36033,15,41,259
36034,7,21,190
36035,10,20,132
36036,11,24,179
36037,14,31,205
36038,18,35,213
36039,4,6,30
36040,18,43,274
36041,11,20,126
36042,16,38,244
36043,19,46,271
36044,8,15,77
36045,19,34,210
36046,8,15,93
36047,6,14,99
36048,28,57,383
36049,9,19,113
36050,17,33,217
36051,15,28,172
36052,11,18,99
36053,9,21,134
36054,21,46,249
36055,7,15,93
36056,4,5,32
36057,18,39,226
36058,10,21,136
36059,15,25,137
36060,9,19,125
36061,6,17,98
36062,7,11,59
36063,16,35,186
36064,13,22,105
36065,7,11,56
36066,9,25,145
36067,3,8,54
36068,19,42,245
36069,4,14,95
36070,3,7,44
36071,8,19,115
36072,8,15,72
36073,24,47,252
36074,4,10,48
36075,11,22,120
36076,14,29,175
36077,7,16,92
36078,11,21,109
36079,9,17,91
36080,17,35,213
36081,4,15,116
36082,14,34,200
36083,5,14,85
36084,16,36,206
36085,5,11,64
36086,12,24,140
36087,6,12,73
36088,10,18,95
36089,5,17,98
36090,4,12,81
36091,2,4,28
36092,2,5,26
36093,13,24,135
36094,10,16,97
36095,11,19,94
36096,6,15,92
36097,10,24,159
36098,16,34,229
36099,14,30,180
36100,13,31,176
36101,19,37,238
36102,25,48,281
36103,5,13,79
36104,28,53,325
36105,12,25,158
36106,13,24,129
36107,18,42,247
36108,10,20,114
36109,13,31,179
36110,4,12,59
36111,4,12,65
36112,2,7,44
36113,9,21,130
36114,6,15,90
36115,3,7,49
36116,4,7,38
36117,4,7,41
36118,2,9,73
36119,7,12,69
36120,9,14,76
36121,14,24,146
36122,18,40,292
36123,13,30,200
36124,5,9,49
36125,16,36,203
36126,12,17,83
36127,16,31,164
36128,8,18,100
36129,12,19,106
36130,24,39,213
36131,17,27,147
36132,3,6,38
36133,11,19,97
36134,13,23,123
36135,9,14,79
36136,10,21,133
36137,11,19,100
36138,11,19,106
36139,18,34,235
36140,25,43,237
36141,23,37,208
36142,9,20,124
36143,8,16,99
36144,5,10,58
36145,18,34,214
36146,6,14,82
36147,6,14,84
36148,18,28,144
36149,9,17,113
36150,10,20,148
36151,13,28,160
36152,4,8,56
36153,8,15,94
36154,14,25,132
36155,11,20,96
36156,26,51,291
36157,24,52,284
36158,21,43,243
36159,21,42,255
36160,18,32,184
36161,5,9,41
36162,9,19,102
36163,8,16,92
36164,9,16,83
36165,16,33,208
36166,10,14,84
36167,19,33,208
36168,11,21,137
36169,12,27,172
36170,9,15,97
36171,6,14,69
36172,13,27,176
36173,8,21,127
36174,7,18,143
36175,10,21,132
36176,12,23,132
36177,11,20,107
36178,13,25,143
36179,6,17,140
36180,15,25,151
36181,13,30,218
36182,25,42,257
36183,10,19,112
36184,21,44,291
36185,15,24,141
36186,23,36,199
36187,0,0,1
36188,11,21,120
36189,15,31,194
36190,6,14,98
36191,9,17,112
36192,7,11,60
36193,9,17,102
36194,2,7,52
36195,9,18,101
36196,11,19,114
36197,17,35,214
36198,11,24,144
36199,13,26,153
36200,17,30,168
36201,6,11,67
36202,5,12,90
36203,15,23,121
36204,25,46,277
36205,16,30,168
36206,16,27,140
36207,26,46,279
36208,6,10,58
36209,14,25,127
36210,11,20,132
36211,3,7,39
36212,10,17,87
36213,10,22,123
36214,13,39,254
36215,3,7,38
36216,3,6,33
36217,11,24,139
36218,12,24,116
36219,43,84,489
36220,7,12,62
36221,19,33,174
36222,11,20,120
36223,5,10,57
36224,7,14,96
36225,7,14,94
36226,14,30,198
36227,19,43,279
36228,6,12,69
36229,6,17,117
36230,12,24,144
36231,17,31,217
36232,2,4,32
36233,7,13,83
36234,7,14,111
36235,7,15,98
36236,23,47,284
36237,8,13,62
36238,12,18,101
36239,14,27,166
36240,8,13,73
36241,14,30,189
36242,0,3,23
36243,20,43,292
36244,9,19,125
36245,17,43,306
36246,2,6,43
36247,19,40,234
36248,8,15,93
36249,14,40,262
36250,10,21,182
36251,7,21,153
36252,13,32,206
36253,13,25,148
36254,23,41,219
36255,27,58,317
36256,4,12,83
36257,9,14,71
36258,10,27,178
36259,18,39,234
36260,3,10,61
36261,21,39,272
36262,9,14,98
36263,9,15,93
36264,7,15,95
36265,4,11,59
36266,7,16,106
36267,11,23,138
36268,5,13,78
36269,5,12,73
36270,13,30,186
36271,10,15,104
36272,17,41,311
36273,18,37,231
36274,15,35,247
36275,11,19,112
36276,5,10,68
36277,19,41,271
36278,13,26,179
36279,21,39,230
36280,22,46,301
36281,15,27,178
36282,6,8,47
36283,5,12,69
36284,10,19,133
36285,3,20,181
36286,3,6,42
36287,14,24,123
36288,3,9,58
36289,4,8,57
36290,15,37,243
36291,7,16,109
36292,5,10,72
36293,13,24,133
36294,12,29,177
36295,5,11,70
36296,9,15,75
36297,6,11,60
36298,13,27,159
36299,11,25,164
36300,6,18,117
36301,9,15,72
36302,12,24,159
36303,9,19,135
36304,16,29,167
36305,13,28,162
36306,4,15,127
36307,7,15,94
36308,7,20,130
36309,7,17,108
36310,6,17,113
36311,6,10,61
36312,3,7,46
36313,9,22,108
36314,2,8,63
36315,12,27,153
36316,12,28,173
36317,4,8,49
36318,6,12,64
36319,11,26,158
36320,10,22,150
36321,9,17,109
36322,9,19,111
36323,19,35,180
36324,10,25,190
36325,3,9,50
36326,11,18,90
36327,5,12,87
36328,8,13,77
36329,7,12,85
36330,10,17,102
36331,10,24,154
36332,9,19,133
36333,6,13,86
36334,6,9,60
36335,0,0,1
36336,11,22,123
36337,8,15,88
36338,4,11,73
36339,9,20,121
36340,9,16,92
36341,7,12,61
36342,6,14,94
36343,8,19,137
36344,5,12,72
36345,4,9,49
36346,6,16,131
36347,9,21,118
36348,8,11,56
36349,12,27,171
36350,4,11,82
36351,18,29,161
36352,12,23,129
36353,15,28,163
36354,4,10,60
36355,4,8,48
36356,19,31,161
36357,11,17,94
36358,7,11,62
36359,13,28,167
36360,11,21,118
36361,11,24,137
36362,6,12,62
36363,2,5,34
36364,6,10,47
36365,7,14,83
36366,7,14,85
36367,6,9,44
36368,12,26,154
36369,11,18,105
36370,14,30,188
36371,5,11,70
36372,18,30,157
36373,10,18,104
36374,5,8,45
36375,10,23,131
36376,6,15,90
36377,8,19,131
36378,22,44,270
36379,7,15,85
36380,3,6,28
36381,13,24,159
36382,10,22,139
36383,10,19,106
36384,5,10,60
36385,10,24,163
36386,5,9,48
36387,19,38,237
36388,7,13,74
36389,4,10,75
36390,8,15,95
36391,4,10,63
36392,12,20,107
36393,1,9,78
36394,14,30,180
36395,5,14,102
36396,16,39,230
36397,17,27,146
36398,6,10,49
36399,5,10,51
36400,12,27,178
36401,4,11,65
36402,11,25,143
36403,6,11,55
36404,7,21,139
36405,10,23,145
36406,12,20,108
36407,6,10,66
36408,9,16,82
36409,4,15,119
36410,9,16,97
36411,16,34,195
36412,17,35,184
36413,10,22,153
36414,2,7,51
36415,9,23,149
36416,15,23,119
36417,12,28,153
36418,8,18,109
36419,18,40,274
36420,17,31,175
36421,11,19,95
36422,21,35,197
36423,23,37,194
36424,3,9,63
36425,3,10,60
36426,2,7,34
36427,15,27,153
36428,16,38,273
36429,18,30,184
36430,6,20,152
36431,10,24,175
36432,11,28,181
36433,9,18,112
36434,20,35,216
36435,17,28,170
36436,18,39,212
36437,13,27,162
36438,7,15,124
36439,17,27,154
36440,9,20,114
36441,9,16,98
36442,19,35,208
36443,2,5,39
36444,2,4,27
36445,23,45,247
36446,9,21,130
36447,11,24,158
36448,11,31,227
36449,24,40,234
36450,18,30,168
36451,16,33,206
36452,11,21,121
36453,2,5,25
36454,26,48,271
36455,21,41,225
36456,16,30,188
36457,16,37,216
36458,8,18,108
36459,11,24,174
36460,6,9,50
36461,10,18,108
36462,2,6,39
36463,14,29,175
36464,5,9,57
36465,11,21,113
36466,8,13,77
36467,9,16,87
36468,7,13,77
36469,4,11,80
36470,21,50,341
36471,14,34,201
36472,6,15,113
36473,51,96,563
36474,5,16,115
36475,19,32,163
36476,6,13,73
36477,9,16,88
36478,8,13,79
36479,8,16,83
36480,8,16,111
36481,3,6,32
36482,9,19,120
36483,7,13,69
36484,16,29,159
36485,4,11,78
36486,10,17,106
36487,16,26,160
36488,12,22,141
36489,3,7,38
36490,15,30,172
36491,6,13,80
36492,18,38,216
36493,10,23,174
36494,18,35,225
36495,0,2,21
36496,10,36,248
36497,6,13,98
36498,21,34,185
36499,5,6,30
36500,12,23,132
36501,10,18,101
36502,19,32,157
36503,1,3,29
36504,3,8,58
36505,8,16,86
36506,4,7,30
36507,6,13,82
36508,8,15,96
36509,4,9,59
36510,8,14,73
36511,9,18,99
36512,4,6,37
36513,4,5,28
36514,6,16,118
36515,8,16,87
36516,8,17,117
36517,14,27,141
36518,12,22,128
36519,6,12,68
36520,7,16,98
36521,7,14,82
36522,6,10,46
36523,12,19,117
36524,12,21,112
36525,4,15,95
36526,8,15,83
36527,7,11,62
36528,4,6,35
36529,6,16,90
36530,12,22,96
36531,12,25,122
36532,15,26,151
36533,5,12,76
36534,7,12,74
36535,4,10,71
36536,3,6,48
36537,7,17,115
36538,12,28,208
36539,8,17,103
36540,12,25,178
36541,23,42,274
36542,8,22,135
36543,22,41,234
36544,7,13,78
36545,5,8,46
36546,11,16,78
36547,6,17,115
36548,5,16,138
36549,4,8,58
36550,9,19,120
36551,8,13,75
36552,7,17,117
36553,6,12,71
36554,4,8,54
36555,1,3,21
36556,4,10,53
36557,10,17,98
36558,5,11,69
36559,6,13,103
36560,4,7,39
36561,6,14,81
36562,6,13,69
36563,13,28,192
36564,7,15,97
36565,7,18,133
36566,8,19,115
36567,4,8,59
36568,11,24,148
36569,2,6,47
36570,9,22,180
36571,20,49,300
36572,18,32,195
36573,15,34,232
36574,4,8,48
36575,8,22,114
36576,5,10,55
36577,12,25,158
36578,5,13,81
36579,9,17,110
36580,18,32,189
36581,22,44,275
36582,3,8,42
36583,7,18,126
36584,4,9,55
36585,14,33,181
36586,6,7,47
36587,5,14,73
36588,4,12,75
36589,8,21,153
36590,9,19,103
36591,10,15,111
36592,23,53,365
36593,8,17,101
36594,8,21,137
36595,12,23,136
36596,4,12,84
36597,9,20,136
36598,5,13,86
36599,7,14,81
36600,10,22,125
36601,4,8,55
36602,5,6,31
36603,3,13,96
36604,14,28,169
36605,7,20,143
36606,9,21,132
36607,11,28,219
36608,11,26,193
36609,14,24,143
36610,10,19,113
36611,16,34,221
36612,9,17,90
36613,13,34,221
36614,10,29,188
36615,16,39,272
36616,11,23,136
36617,20,44,255
36618,12,29,181
36619,5,13,100
36620,19,32,175
36621,5,18,114
36622,10,23,127
36623,2,6,34
36624,3,8,56
36625,18,37,201
36626,9,16,105
36627,6,13,85
36628,18,43,268
36629,19,38,223
36630,22,44,286
36631,17,33,200
36632,16,39,245
36633,18,42,264
36634,16,34,198
36635,7,13,77
36636,9,16,81
36637,21,39,224
36638,11,19,118
36639,13,30,173
36640,18,41,264
36641,21,38,244
36642,10,28,200
36643,4,8,63
36644,12,21,133
36645,15,35,245
36646,19,38,226
36647,15,30,191
36648,11,19,109
36649,9,19,100
36650,7,17,114
36651,6,14,114
36652,15,38,238
36653,32,59,335
36654,6,12,72
36655,8,21,136
36656,7,15,94
36657,6,15,93
36658,8,15,99
36659,9,19,121
36660,9,22,154
36661,20,40,256
36662,6,11,62
36663,3,5,26
36664,5,12,92
36665,10,21,133
36666,2,8,56
36667,2,4,24
36668,6,9,56
36669,30,59,330
36670,19,39,231
36671,12,23,125
36672,25,51,293
36673,16,37,246
36674,11,22,136
36675,13,37,246
36676,10,21,101
36677,11,19,110
36678,4,9,73
36679,12,24,140
36680,22,44,277
36681,6,12,85
36682,7,10,54
36683,5,11,58
36684,15,37,245
36685,9,20,141
36686,20,40,236
36687,3,7,43
36688,7,13,80
36689,18,37,242
36690,10,20,126
36691,3,9,60
36692,12,26,189
36693,11,25,172
36694,2,8,69
36695,3,9,79
36696,23,54,358
36697,28,53,320
36698,27,64,441
36699,15,31,199
36700,15,26,142
36701,18,34,221
36702,30,59,340
36703,19,39,212
36704,18,35,213
36705,8,16,97
36706,26,45,234
36707,17,30,171
36708,21,45,277
36709,11,33,237
36710,25,48,283
36711,17,39,235
36712,11,21,127
36713,4,10,56
36714,25,53,305
36715,5,18,106
36716,19,36,236
36717,40,71,417
36718,26,50,300
36719,25,50,325
36720,3,9,62
36721,9,17,101
36722,16,40,297
36723,35,65,383
36724,18,47,343
36725,10,24,147
36726,20,39,237
36727,25,60,396
36728,21,44,265
36729,17,33,194
36730,19,40,268
36731,20,44,307
36732,4,11,92
36733,6,19,115
36734,29,63,397
36735,3,11,103
36736,17,40,244
36737,4,8,57
36738,28,58,379
36739,17,45,288
36740,15,34,226
36741,14,41,286
36742,4,15,96
36743,0,2,18
36744,10,25,169
36745,10,19,120
36746,13,31,190
36747,8,18,109
36748,6,11,76
36749,10,27,161
36750,12,26,142
36751,6,16,121
36752,11,24,146
36753,4,12,108
36754,2,7,50
36755,7,20,134
36756,10,22,137
36757,8,19,154
36758,3,6,45
36759,7,25,192
36760,11,25,164
36761,11,23,145
36762,10,22,133
36763,0,0,3
36764,9,20,131
36765,0,0,3
36766,18,36,227
36767,10,19,120
36768,16,31,196
36769,9,18,102
36770,9,19,134
36771,4,12,75
36772,4,12,75
36773,3,7,39
36774,0,0,3
36775,10,21,132
36776,16,32,188
36777,0,0,3
36778,17,36,227
36779,0,0,3
36780,7,13,66
36781,4,7,30
36782,9,19,115
36783,8,17,120
36784,5,13,88
36785,4,8,53
36786,0,0,1
36787,10,26,197
36788,17,35,204
36789,24,50,299
36790,13,24,146
36791,31,57,354
36792,26,49,331
36793,12,32,211
36794,8,19,123
36795,4,11,80
36796,0,2,22
36797,5,16,134
36798,11,25,167
36799,13,27,153
36800,7,13,83
36801,3,39,347
36802,3,10,55
36803,8,18,95
36804,6,14,78
36805,10,32,214
36806,14,26,168
36807,13,23,113
36808,4,8,63
36809,16,33,189
36810,4,9,49
36811,7,18,102
36812,10,22,140
36813,13,25,142
36814,4,12,94
36815,9,19,98
36816,18,32,170
36817,3,10,70
36818,10,22,138
36819,13,41,274
36820,6,14,96
36821,10,22,109
36822,4,13,79
36823,10,24,162
36824,9,24,126
36825,9,18,100
36826,7,23,170
36827,12,25,190
36828,0,4,43
36829,14,27,151
36830,5,13,69
36831,0,3,21
36832,7,15,90
36833,2,4,19
36834,3,9,50
36835,7,21,118
36836,8,17,109
36837,8,16,90
36838,9,19,109
36839,7,21,120
36840,8,17,109
36841,8,16,91
36842,8,17,100
36843,7,17,112
36844,19,43,269
36845,12,24,155
36846,16,36,243
36847,11,26,149
36848,7,13,83
36849,0,0,1
36850,4,13,91
36851,4,14,99
36852,7,16,110
36853,16,37,234
36854,0,3,22
36855,10,25,165
36856,7,18,100
36857,7,16,115
36858,6,13,84
36859,7,14,73
36860,3,10,69
36861,5,14,95
36862,13,29,195
36863,8,21,154
36864,8,19,134
36865,6,18,121
36866,13,27,173
36867,0,2,12
36868,10,28,180
36869,15,29,155
36870,5,14,91
36871,9,20,109
36872,9,18,112
36873,7,15,98
36874,10,21,147
36875,8,20,126
36876,4,10,72
36877,7,13,86
36878,6,14,97
36879,9,23,141
36880,8,18,112
36881,0,1,8
36882,2,7,54
36883,8,21,129
36884,3,12,83
36885,7,15,113
36886,7,16,130
36887,8,18,125
36888,5,14,100
36889,11,24,132
36890,5,14,106
36891,0,3,22
36892,10,17,102
36893,5,7,54
36894,7,14,77
36895,6,11,91
36896,8,17,102
36897,6,17,115
36898,3,10,64
36899,12,25,132
36900,6,16,111
36901,10,21,128
36902,8,20,119
36903,5,14,89
36904,5,14,80
36905,5,12,83
36906,5,13,93
36907,7,19,122
36908,11,20,117
36909,7,15,85
36910,5,15,122
36911,6,14,87
36912,7,17,108
36913,6,19,125
36914,16,32,200
36915,9,22,140
36916,9,17,93
36917,6,16,109
36918,4,13,81
36919,14,28,161
36920,0,2,23
36921,9,21,132
36922,8,17,99
36923,5,10,49
36924,1,7,51
36925,6,12,67
36926,5,16,115
36927,4,12,88
36928,2,6,58
36929,3,8,75
36930,5,11,73
36931,5,10,59
36932,5,14,99
36933,0,2,15
36934,9,19,121
36935,6,16,103
36936,5,12,71
36937,5,12,89
36938,14,30,161
36939,6,16,100
36940,13,24,142
36941,6,18,112
36942,7,15,85
36943,7,18,138
36944,8,18,123
36945,1,7,75
36946,11,26,166
36947,0,2,14
36948,8,17,103
36949,5,15,105
36950,8,19,128
36951,9,18,115
36952,3,7,35
36953,5,13,95
36954,5,16,107
36955,5,12,76
36956,10,20,123
36957,9,14,81
36958,7,19,125
36959,6,12,64
36960,10,18,107
36961,6,20,139
36962,5,14,93
36963,3,14,140
36964,8,27,177
36965,2,7,53
36966,7,18,113
36967,1,7,60
36968,3,8,60
36969,3,8,59
36970,6,12,84
36971,4,11,97
36972,6,13,95
36973,13,23,152
36974,2,4,33
36975,4,8,61
36976,15,32,221
36977,3,13,116
36978,9,10,51
36979,7,12,70
36980,4,12,103
36981,6,11,72
36982,11,28,197
36983,9,19,122
36984,3,6,49
36985,5,11,65
36986,4,9,70
36987,4,11,80
36988,6,10,53
36989,9,20,124
36990,11,24,158
36991,2,7,49
36992,10,22,151
36993,5,14,110
36994,18,34,225
36995,2,5,42
36996,10,18,125
36997,6,14,100
36998,7,12,58
36999,4,12,87
37000,9,18,121
37001,4,10,66
37002,10,20,121
37003,11,19,112
37004,9,22,159
37005,11,20,109
37006,12,21,121
37007,11,22,151
37008,8,19,126
37009,8,14,73
37010,6,12,70
37011,17,30,202
37012,15,29,174
37013,5,14,96
37014,10,23,156
37015,4,8,52
37016,5,10,62
37017,8,18,119
37018,9,19,127
37019,4,10,68
37020,5,9,61
37021,8,14,83
37022,10,19,133
37023,9,18,118
37024,4,11,78
37025,4,13,93
37026,7,15,110
37027,8,21,149
37028,9,21,137
37029,2,5,36
37030,3,7,45
37031,4,7,53
37032,6,17,125
37033,1,5,37
37034,15,31,209
37035,7,13,95
37036,3,8,53
37037,7,19,134
37038,8,13,79
37039,8,23,146
37040,7,25,202
37041,19,32,190
37042,8,18,131
37043,6,11,85
37044,3,8,53
37045,2,15,131
37046,3,6,49
37047,3,6,49
37048,20,39,257
37049,8,20,140
37050,6,14,99
37051,7,16,113
37052,20,33,219
37053,9,21,158
37054,4,9,57
37055,3,15,120
37056,2,4,21
37057,9,18,126
37058,4,11,81
37059,11,23,140
37060,5,13,77
37061,5,11,68
37062,8,18,136
37063,3,8,65
37064,11,22,123
37065,9,24,161
37066,4,10,51
37067,9,18,108
37068,8,15,89
37069,1,6,53
37070,13,40,261
37071,10,23,155
37072,8,18,114
37073,8,22,145
37074,12,22,130
37075,4,12,87
37076,6,15,116
37077,7,16,113
37078,8,20,128
37079,4,8,60
37080,11,20,133
37081,9,18,121
37082,6,15,113
37083,6,14,95
37084,4,11,84
37085,10,19,118
37086,9,16,90
37087,10,21,170
37088,8,15,128
37089,3,7,50
37090,6,14,91
37091,6,18,144
37092,5,17,124
37093,7,15,84
37094,5,15,118
37095,0,1,18
37096,5,10,71
37097,1,3,22
37098,3,8,58
37099,7,17,109
37100,9,23,144
37101,6,16,110
37102,7,11,60
37103,4,11,80
37104,17,30,183
37105,2,7,57
37106,5,11,88
37107,1,9,93
37108,6,13,147
37109,0,1,14
37110,4,12,86
37111,10,20,145
37112,4,13,91
37113,2,7,63
37114,1,5,48
37115,5,17,127
37116,3,10,101
37117,6,16,108
37118,9,27,224
37119,8,17,108
37120,9,21,158
37121,0,7,90
37122,8,16,104
37123,6,16,128
37124,7,17,130
37125,0,2,34
37126,1,4,39
37127,1,3,30
37128,32,56,356
37129,8,18,136
37130,8,17,133
37131,3,13,123
37132,12,31,240
37133,5,13,75
37134,5,12,92
37135,16,33,264
37136,0,5,52
37137,0,1,12
37138,2,8,63
37139,16,37,245
37140,13,27,183
37141,7,18,118
37142,4,11,81
37143,10,22,139
37144,13,27,178
37145,9,23,150
37146,3,7,61
37147,5,13,91
37148,4,19,158
37149,6,11,66
37150,1,9,66
37151,1,5,42
37152,5,14,106
37153,12,32,230
37154,7,16,109
37155,0,3,29
37156,0,2,19
37157,14,28,163
37158,15,33,251
37159,16,36,291
37160,13,30,211
37161,13,32,206
37162,7,18,146
37163,7,20,144
37164,13,31,253
37165,6,11,82
37166,15,38,338
37167,0,2,34
37168,2,5,42
37169,1,4,37
37170,15,33,225
37171,3,7,46
37172,11,23,177
37173,8,17,137
37174,10,20,138
37175,1,7,72
37176,10,24,160
37177,8,18,150
37178,9,20,134
37179,2,7,78
37180,16,36,231
37181,6,12,87
37182,17,30,191
37183,5,23,211
37184,6,13,100
37185,5,14,92
37186,1,3,21
37187,21,45,311
37188,22,46,273
37189,5,11,75
37190,17,30,186
37191,0,4,55
37192,7,20,146
37193,7,17,124
37194,12,27,189
37195,20,49,357
37196,19,39,249
37197,10,20,129
37198,11,26,163
37199,0,1,14
37200,7,17,122
37201,11,19,144
37202,11,22,148
37203,6,12,87
37204,6,19,150
37205,5,13,81
37206,6,16,122
37207,7,14,106
37208,3,7,40
37209,0,1,12
37210,5,14,120
37211,3,6,56
37212,4,13,113
37213,0,1,12
37214,8,19,116
37215,3,10,77
37216,1,3,17
37217,4,12,84
37218,5,10,67
37219,0,1,13
37220,7,16,96
37221,1,7,60
37222,2,6,53
37223,5,10,69
37224,0,1,10
37225,2,7,56
37226,7,11,58
37227,0,1,8
37228,4,8,50
37229,4,8,44
37230,4,9,65
37231,8,19,131
37232,5,12,87
37233,13,26,173
37234,6,19,134
37235,5,11,70
37236,1,3,30
37237,5,17,126
37238,3,7,61
37239,2,5,39
37240,6,11,87
37241,0,0,5
37242,0,2,12
37243,0,1,14
37244,10,33,286
37245,8,20,140
37246,4,11,73
37247,8,17,113
37248,10,21,145
37249,6,18,134
37250,11,24,166
37251,7,14,83
37252,0,1,12
37253,1,6,53
37254,17,39,263
37255,0,1,14
37256,3,11,103
37257,5,18,118
37258,6,12,80
37259,1,3,17
37260,4,9,69
37261,4,6,34
37262,5,12,84
37263,0,1,13
37264,18,36,213
37265,2,6,38
37266,1,7,60
37267,7,19,134
37268,3,7,51
37269,0,1,10
37270,8,15,81
37271,0,1,8
37272,5,11,63
37273,8,18,122
37274,4,10,74
37275,3,10,89
37276,3,7,48
37277,4,9,56
37278,8,14,77
37279,1,3,30
37280,11,22,136
37281,8,14,80
37282,0,0,5
37283,0,2,18
37284,0,1,14
37285,4,13,99
37286,7,13,88
37287,14,22,150
37288,0,1,12
37289,2,7,58
37290,0,1,12
37291,6,21,162
37292,1,3,17
37293,0,2,22
37294,0,1,13
37295,8,16,98
37296,2,8,57
37297,6,12,82
37298,1,7,60
37299,4,13,104
37300,0,1,10
37301,5,12,94
37302,5,10,83
37303,10,17,83
37304,0,1,8
37305,5,11,79
37306,10,20,133
37307,2,5,38
37308,6,13,79
37309,3,10,92
37310,7,16,102
37311,7,19,130
37312,1,3,30
37313,2,11,100
37314,3,8,54
37315,4,10,71
37316,0,0,5
37317,1,4,27
37318,0,1,14
37319,3,10,75
37320,8,22,142
37321,7,14,84
37322,10,21,134
37323,3,10,70
37324,4,7,56
37325,10,23,148
37326,8,14,93
37327,5,8,56
37328,5,13,93
37329,8,17,110
37330,8,16,107
37331,5,11,73
37332,3,8,58
37333,0,1,12
37334,0,1,10
37335,0,1,12
37336,1,6,65
37337,2,11,86
37338,2,11,86
37339,1,3,17
37340,1,6,49
37341,6,13,91
37342,0,1,13
37343,5,11,84
37344,4,13,101
37345,1,7,60
37346,6,13,114
37347,7,12,75
37348,0,1,10
37349,7,14,81
37350,0,1,8
37351,5,11,60
37352,6,15,101
37353,1,5,48
37354,12,22,116
37355,6,12,78
37356,1,3,30
37357,9,24,172
37358,10,21,134
37359,6,11,89
37360,0,0,5
37361,1,3,19
37362,0,1,14
37363,10,23,181
37364,2,5,30
37365,7,17,139
37366,5,22,186
37367,3,9,66
37368,7,19,126
37369,0,1,12
37370,3,6,60
37371,0,1,12
37372,16,36,238
37373,1,3,17
37374,10,21,133
37375,2,6,44
37376,6,14,99
37377,0,1,13
37378,7,14,79
37379,9,23,169
37380,6,15,117
37381,1,7,60
37382,7,16,110
37383,8,15,92
37384,17,39,292
37385,25,50,316
37386,5,12,81
37387,12,31,224
37388,16,39,280
37389,7,19,126
37390,16,40,285
37391,3,7,45
37392,9,24,212
37393,4,10,70
37394,7,16,110
37395,7,18,120
37396,23,44,249
37397,4,16,123
37398,4,11,71
37399,9,22,144
37400,11,26,168
37401,4,13,114
37402,9,25,178
37403,12,23,168
37404,4,13,88
37405,1,5,37
37406,9,22,149
37407,7,20,125
37408,6,17,113
37409,13,33,265
37410,4,9,57
37411,6,12,81
37412,7,14,92
37413,7,17,134
37414,0,0,3
37415,2,6,65
37416,11,23,145
37417,0,0,3
37418,3,6,47
37419,0,0,3
37420,4,9,71
37421,5,17,128
37422,14,29,195
37423,7,20,142
37424,9,23,178
37425,0,2,17
37426,10,25,182
37427,4,11,95
37428,14,35,216
37429,6,26,206
37430,12,32,256
37431,7,23,168
37432,9,18,127
37433,5,16,109
37434,16,33,180
37435,10,27,192
37436,6,12,83
37437,15,33,211
37438,5,11,72
37439,6,17,147
37440,22,58,421
37441,2,7,51
37442,11,26,173
37443,3,9,71
37444,6,14,104
37445,5,19,136
37446,4,14,113
37447,6,14,95
37448,2,5,31
37449,7,24,185
37450,8,22,139
37451,7,16,111
37452,7,18,120
37453,0,1,5
37454,3,9,71
37455,4,13,81
37456,10,24,177
37457,7,12,90
37458,14,32,186
37459,8,22,166
37460,7,16,125
37461,10,22,138
37462,2,7,57
37463,4,14,106
37464,4,13,81
37465,9,24,167
37466,9,28,200
37467,5,11,64
37468,7,26,188
37469,10,20,117
37470,4,17,130
37471,10,24,160
37472,10,22,117
37473,4,10,72
37474,6,13,70
37475,6,12,63
37476,7,20,134
37477,7,10,66
37478,6,12,106
37479,0,0,5
37480,7,15,111
37481,0,0,5
37482,6,14,92
37483,0,1,7
37484,4,10,70
37485,6,16,111
37486,17,31,197
37487,5,12,83
37488,26,65,448
37489,0,1,7
37490,1,6,49
37491,10,28,197
37492,5,12,82
37493,11,25,161
37494,8,18,120
37495,10,25,175
37496,9,16,94
37497,14,33,219
37498,6,12,72
37499,4,13,94
37500,13,25,163
37501,19,40,251
37502,4,11,78
37503,6,16,96
37504,4,13,81
37505,13,29,202
37506,12,22,131
37507,19,40,235
37508,18,32,194
37509,9,22,159
37510,11,21,118
37511,12,23,137
37512,13,28,160
37513,15,28,169
37514,5,14,99
37515,7,10,66
37516,18,38,244
37517,1,5,37
37518,4,10,75
37519,8,15,92
37520,5,10,70
37521,15,30,174
37522,8,17,102
37523,6,9,52
37524,8,15,77
37525,3,9,47
37526,5,13,83
37527,4,11,64
37528,11,23,118
37529,4,7,39
37530,5,10,62
37531,2,4,30
37532,8,13,75
37533,11,27,167
37534,20,40,233
37535,6,12,70
37536,8,20,118
37537,9,17,114
37538,5,8,48
37539,11,18,120
37540,1,4,33
37541,27,45,261
37542,10,23,142
37543,19,43,271
37544,0,2,11
37545,11,22,125
37546,7,15,92
37547,24,44,261
37548,6,13,82
37549,22,42,231
37550,32,57,352
37551,15,22,105
37552,6,11,55
37553,6,17,136
37554,3,12,73
37555,8,18,100
37556,0,2,14
37557,14,29,193
37558,16,28,154
37559,18,36,204
37560,5,17,111
37561,12,29,187
37562,8,20,107
37563,8,18,91
37564,0,0,1
37565,30,56,305
37566,11,27,176
37567,19,36,244
37568,1,5,38
37569,7,28,187
37570,7,18,120
37571,5,7,48
37572,15,37,251
37573,13,27,172
37574,9,22,149
37575,12,23,142
37576,7,16,88
37577,10,23,141
37578,4,12,89
37579,20,47,315
37580,10,21,172
37581,1,3,22
37582,15,31,185
37583,25,48,249
37584,15,31,181
37585,7,14,96
37586,6,16,117
37587,4,13,95
37588,7,13,71
37589,8,21,138
37590,6,16,120
37591,11,23,156
37592,18,36,204
37593,15,29,218
37594,10,23,189
37595,7,15,78
37596,10,29,208
37597,7,23,174
37598,12,26,157
37599,8,32,246
37600,7,23,194
37601,5,19,153
37602,6,24,158
37603,9,20,131
37604,7,16,108
37605,12,38,237
37606,13,29,187
37607,0,2,14
37608,8,21,135
37609,8,17,152
37610,8,15,115
37611,13,22,111
37612,4,12,83
37613,3,11,92
37614,12,21,118
37615,0,2,15
37616,3,13,133
37617,16,34,215
37618,14,24,169
37619,3,10,74
37620,8,24,222
37621,12,26,179
37622,7,17,119
37623,14,28,184
37624,13,28,172
37625,3,11,81
37626,6,18,130
37627,0,3,23
37628,7,15,97
37629,13,24,143
37630,9,20,148
37631,18,46,342
37632,0,1,10
37633,8,18,156
37634,6,15,108
37635,0,2,22
37636,9,19,134
37637,4,12,75
37638,8,23,152
37639,1,5,49
37640,11,24,179
37641,4,14,129
37642,11,27,187
37643,2,10,66
37644,19,46,335
37645,7,26,177
37646,0,2,19
37647,12,26,149
37648,7,19,192
37649,10,24,157
37650,9,18,107
37651,0,2,18
37652,6,17,113
37653,5,13,93
37654,2,10,78
37655,10,23,162
37656,0,2,20
37657,4,10,60
37658,16,26,143
37659,6,15,90
37660,20,45,278
37661,10,17,94
37662,5,14,80
37663,16,27,141
37664,8,18,104
37665,9,25,187
37666,5,15,112
37667,16,30,175
37668,21,59,412
37669,0,1,7
37670,12,34,225
37671,8,19,135
37672,11,25,154
37673,3,14,104
37674,6,17,132
37675,5,9,54
37676,16,32,189
37677,10,23,158
37678,8,15,85
37679,1,2,16
37680,13,27,160
37681,24,47,256
37682,5,10,99
37683,3,6,39
37684,3,7,56
37685,11,28,151
37686,7,17,119
37687,10,21,126
37688,13,25,175
37689,3,6,47
37690,8,18,115
37691,17,34,179
37692,14,26,139
37693,9,15,76
37694,21,49,307
37695,4,13,92
37696,1,4,39
37697,6,12,86
37698,5,17,141
37699,1,3,17
37700,19,41,254
37701,13,31,199
37702,7,20,125
37703,9,22,177
37704,7,16,113
37705,4,12,97
37706,16,40,264
37707,11,23,134
37708,25,46,299
37709,0,1,9
37710,8,20,131
37711,7,17,104
37712,7,19,148
37713,11,23,151
37714,1,3,23
37715,2,9,60
37716,5,13,89
37717,8,19,112
37718,4,12,78
37719,6,18,114
37720,18,39,218
37721,17,31,215
37722,15,29,190
37723,11,19,99
37724,4,12,75
37725,5,10,56
37726,2,9,81
37727,6,15,98
37728,6,10,91
37729,9,23,172
37730,13,26,196
37731,1,7,61
37732,2,5,52
37733,9,22,193
37734,3,9,61
37735,0,2,18
37736,1,5,45
37737,3,12,101
37738,0,4,49
37739,0,3,42
37740,6,17,110
37741,9,23,122
37742,7,15,98
37743,11,18,95
37744,7,17,101
37745,12,26,165
37746,5,16,106
37747,8,16,94
37748,5,10,55
37749,13,27,168
37750,11,25,155
37751,14,22,133
37752,0,2,14
37753,9,20,130
37754,10,20,119
37755,3,7,45
37756,17,38,224
37757,8,24,163
37758,3,9,56
37759,15,29,190
37760,14,25,163
37761,11,25,156
37762,4,9,59
37763,8,16,100
37764,4,8,54
37765,5,15,107
37766,15,29,170
37767,10,20,125
37768,7,13,69
37769,4,13,94
37770,4,8,50
37771,31,55,305
37772,7,15,83
37773,11,26,149
37774,1,3,20
37775,3,12,96
37776,2,6,49
37777,6,22,158
37778,0,1,10
37779,8,18,133
37780,0,1,9
37781,0,1,10
37782,3,7,50
37783,8,20,107
37784,3,8,40
37785,6,13,101
37786,4,8,49
37787,11,23,134
37788,8,24,148
37789,0,1,8
37790,9,18,88
37791,8,16,119
37792,6,14,85
37793,8,16,76
37794,9,21,119
37795,1,2,25
37796,4,9,62
37797,23,45,232
37798,6,12,94
37799,9,18,104
37800,22,41,203
37801,5,11,93
37802,9,18,102
37803,22,42,209
37804,9,28,220
37805,9,30,235
37806,2,9,86
37807,6,7,38
37808,1,8,56
37809,0,5,59
37810,2,8,68
37811,0,9,88
37812,2,9,62
37813,5,20,133
37814,2,7,77
37815,3,8,59
37816,5,18,125
37817,2,8,71
37818,3,10,67
37819,6,14,107
37820,3,12,99
37821,6,19,126
37822,6,17,111
37823,11,21,116
37824,4,12,75
37825,4,10,65
37826,16,42,284
37827,8,17,109
37828,8,17,112
37829,7,15,127
37830,7,16,108
37831,8,19,127
37832,11,27,183
37833,7,16,100
37834,6,13,141
37835,4,10,80
37836,6,16,152
37837,2,6,64
37838,7,15,92
37839,7,20,143
37840,7,16,102
37841,16,40,267
37842,5,16,115
37843,6,13,86
37844,11,21,129
37845,10,23,181
37846,9,23,150
37847,12,24,156
37848,6,14,96
37849,12,28,197
37850,4,8,53
37851,1,5,35
37852,2,6,27
37853,15,38,254
37854,12,21,104
37855,14,35,227
37856,1,5,36
37857,5,12,59
37858,4,15,92
37859,4,6,36
37860,1,4,28
37861,4,11,69
37862,0,2,31
37863,0,1,5
37864,0,5,43
37865,0,1,5
37866,0,2,28
37867,1,1,5
37868,0,2,29
37869,6,12,64
37870,5,11,52
37871,6,21,143
37872,5,10,60
37873,6,13,90
37874,7,21,143
37875,6,16,90
37876,8,17,95
37877,4,11,58
37878,16,30,218
37879,5,14,95
37880,14,33,247
37881,13,32,205
37882,3,9,72
37883,11,25,178
37884,6,18,119
37885,11,30,211
37886,12,28,184
37887,18,34,194
37888,6,15,102
37889,5,10,59
37890,5,12,88
37891,10,24,139
37892,6,13,65
37893,7,19,123
37894,15,31,187
37895,1,6,40
37896,7,24,146
37897,16,33,189
37898,11,23,184
37899,8,18,128
37900,8,19,166
37901,5,9,61
37902,1,6,52
37903,2,6,40
37904,13,29,195
37905,8,17,125
37906,11,24,157
37907,3,10,75
37908,4,15,110
37909,13,27,209
37910,8,17,130
37911,4,12,84
37912,0,0,1
37913,4,13,105
37914,10,20,122
37915,13,24,131
37916,2,9,66
37917,6,14,125
37918,4,9,74
37919,12,38,305
37920,3,17,135
37921,14,31,209
37922,9,23,155
37923,8,20,131
37924,8,15,87
37925,15,26,129
37926,4,10,68
37927,5,9,56
37928,0,0,5
37929,6,11,83
37930,0,0,5
37931,7,12,82
37932,13,25,158
37933,11,19,100
37934,13,25,145
37935,9,16,95
37936,4,6,32
37937,15,28,166
37938,22,45,283
37939,12,32,215
37940,12,24,125
37941,8,16,90
37942,15,28,155
37943,15,27,148
37944,9,21,124
37945,6,9,40
37946,12,25,143
37947,6,12,61
37948,19,38,233
37949,16,35,212
37950,9,20,120
37951,12,27,152
37952,3,7,32
37953,16,30,170
37954,5,11,72
37955,7,19,120
37956,9,21,134
37957,3,7,57
37958,14,33,219
37959,10,17,90
37960,9,16,85
37961,27,49,268
37962,1,4,38
37963,3,10,80
37964,16,26,130
37965,10,24,116
37966,11,22,116
37967,11,23,116
37968,2,4,18
37969,8,16,105
37970,14,26,161
37971,14,26,142
37972,16,26,157
37973,0,2,9
37974,9,18,124
37975,3,6,27
37976,5,14,87
37977,20,35,190
37978,5,11,66
37979,13,24,131
37980,11,23,119
37981,13,27,166
37982,14,27,150
37983,9,18,102
37984,12,23,136
37985,10,21,144
37986,8,16,95
37987,10,20,113
37988,10,24,143
37989,7,13,57
37990,16,37,210
37991,14,27,142
37992,18,43,237
37993,16,30,155
37994,15,26,134
37995,7,16,102
37996,7,15,82
37997,10,22,110
37998,10,20,103
37999,7,18,94
38000,11,20,114
38001,1,4,35
38002,17,32,190
38003,14,29,159
38004,14,25,130
38005,12,23,136
38006,3,7,48
38007,8,16,79
38008,9,19,108
38009,24,42,233
38010,10,18,107
38011,11,23,137
38012,13,29,151
38013,15,27,145
38014,1,4,40
38015,17,33,186
38016,19,33,185
38017,5,11,60
38018,10,16,75
38019,13,23,126
38020,8,16,82
38021,8,19,170
38022,13,34,253
38023,7,12,74
38024,6,15,97
38025,3,8,43
38026,17,37,232
38027,13,22,124
38028,10,20,142
38029,7,16,95
38030,11,20,120
38031,8,20,135
38032,8,19,136
38033,5,11,75
38034,5,10,53
38035,8,18,122
38036,4,9,52
38037,7,17,88
38038,3,8,76
38039,14,24,162
38040,7,17,111
38041,8,18,97
38042,12,26,176
38043,8,20,123
38044,6,16,115
38045,4,13,94
38046,4,14,88
38047,7,13,90
38048,3,11,73
38049,6,15,98
38050,10,22,156
38051,8,21,142
38052,8,20,143
38053,8,17,96
38054,8,18,117
38055,5,17,117
38056,9,16,93
38057,9,18,111
38058,9,21,127
38059,24,46,272
38060,10,21,125
38061,13,29,174
38062,5,14,82
38063,0,0,5
38064,0,3,35
38065,7,19,146
38066,3,9,65
38067,9,19,132
38068,7,15,106
38069,14,28,168
38070,10,19,132
38071,8,16,105
38072,6,13,86
38073,4,9,65
38074,3,10,78
38075,10,26,179
38076,9,19,113
38077,10,19,102
38078,5,11,68
38079,7,18,118
38080,10,24,142
38081,3,11,78
38082,0,0,5
38083,0,2,18
38084,8,20,140
38085,6,13,80
38086,7,23,169
38087,7,14,89
38088,9,22,151
38089,0,0,5
38090,1,6,58
38091,8,16,116
38092,4,10,74
38093,9,18,125
38094,14,23,126
38095,0,1,9
38096,9,16,80
38097,7,14,80
38098,14,23,123
38099,14,28,164
38100,9,22,138
38101,6,12,65
38102,6,14,91
38103,9,24,156
38104,14,26,145
38105,12,23,142
38106,9,15,92
38107,17,25,117
38108,9,19,124
38109,0,1,16
38110,5,8,50
38111,12,26,169
38112,7,13,95
38113,8,16,91
38114,7,16,105
38115,11,22,124
38116,14,26,154
38117,0,2,21
38118,11,23,152
38119,16,37,245
38120,0,0,5
38121,0,2,21
38122,6,19,130
38123,24,50,321
38124,4,8,56
38125,5,11,69
38126,8,16,103
38127,5,13,86
38128,14,26,183
38129,10,21,125
38130,9,18,109
38131,10,19,103
38132,9,15,93
38133,10,16,83
38134,5,13,86
38135,9,16,85
38136,17,33,206
38137,0,0,12
38138,3,7,34
38139,44,77,424
38140,19,34,184
38141,6,12,80
38142,18,28,176
38143,12,26,159
38144,12,26,180
38145,12,28,154
38146,1,5,40
38147,12,30,185
38148,4,9,43
38149,2,6,39
38150,2,3,19
38151,4,8,41
38152,11,25,140
38153,7,15,83
38154,3,8,48
38155,10,20,125
38156,2,6,44
38157,7,13,71
38158,3,8,54
38159,3,9,66
38160,2,4,23
38161,6,12,76
38162,6,15,90
38163,5,15,105
38164,2,8,56
38165,11,20,112
38166,8,18,104
38167,10,19,111
38168,2,7,47
38169,2,5,26
38170,3,10,81
38171,11,26,170
38172,3,6,34
38173,3,8,47
38174,8,16,94
38175,6,16,95
38176,3,5,25
38177,5,15,87
38178,5,13,89
38179,5,11,56
38180,1,3,25
38181,6,9,53
38182,4,12,75
38183,3,7,33
38184,0,0,11
38185,7,14,86
38186,10,19,103
38187,10,26,170
38188,8,19,114
38189,2,5,33
38190,3,5,25
38191,5,11,75
38192,1,3,20
38193,11,22,130
38194,4,15,109
38195,1,3,20
38196,5,11,77
38197,22,41,213
38198,2,4,21
38199,13,24,115
38200,6,19,118
38201,1,5,30
38202,12,20,112
38203,17,31,176
38204,3,5,27
38205,12,27,163
38206,18,32,164
38207,8,15,86
38208,4,8,44
38209,3,6,34
38210,3,4,17
38211,0,3,23
38212,8,16,93
38213,1,5,35
38214,1,3,21
38215,6,13,83
38216,9,17,93
38217,3,4,24
38218,4,7,35
38219,6,13,70
38220,10,17,86
38221,19,33,170
38222,10,17,85
38223,9,14,72
38224,11,25,137
38225,10,24,145
38226,6,12,66
38227,2,8,52
38228,3,7,50
38229,5,7,37
38230,0,1,16
38231,4,8,40
38232,5,14,84
38233,3,7,40
38234,0,1,7
38235,3,8,55
38236,2,5,33
38237,9,17,73
38238,6,9,50
38239,4,7,48
38240,2,4,27
38241,12,19,94
38242,5,11,68
38243,3,8,54
38244,6,8,40
38245,4,8,44
38246,7,14,77
38247,4,5,23
38248,1,4,33
38249,3,4,18
38250,4,5,21
38251,4,8,52
38252,5,11,64
38253,3,4,17
38254,11,19,93
38255,2,4,19
38256,6,8,44
38257,5,12,71
38258,0,4,29
38259,4,7,30
38260,3,6,32
38261,5,8,49
38262,0,3,26
38263,7,16,80
38264,2,3,18
38265,2,4,29
38266,4,6,32
38267,9,17,128
38268,4,5,25
38269,2,6,51
38270,3,4,25
38271,1,4,23
38272,9,20,127
38273,3,8,47
38274,2,5,34
38275,2,3,13
38276,3,3,12
38277,11,16,84
38278,2,6,38
38279,6,10,59
38280,8,14,63
38281,0,3,26
38282,4,9,53
38283,1,3,20
38284,3,6,35
38285,6,16,89
38286,3,5,26
38287,0,2,22
38288,2,6,46
38289,2,5,32
38290,2,4,34
38291,3,5,35
38292,7,16,92
38293,1,3,17
38294,8,14,79
38295,9,18,102
38296,18,31,179
38297,4,13,85
38298,3,6,38
38299,4,8,42
38300,4,7,43
38301,3,5,31
38302,3,4,22
38303,4,8,48
38304,4,9,51
38305,12,19,95
38306,4,15,113
38307,2,5,38
38308,5,13,86
38309,12,28,204
38310,7,12,89
38311,4,7,45
38312,3,12,86
38313,10,21,143
38314,3,9,56
38315,7,16,81
38316,16,38,227
38317,2,11,74
38318,3,5,25
38319,7,11,53
38320,8,18,112
38321,7,16,92
38322,21,35,205
38323,5,6,33
38324,8,15,78
38325,9,16,97
38326,11,18,96
38327,5,13,72
38328,4,6,30
38329,1,4,23
38330,5,10,65
38331,7,10,49
38332,3,6,27
38333,8,17,98
38334,10,21,126
38335,6,9,43
38336,11,17,93
38337,3,4,19
38338,12,18,86
38339,7,15,80
38340,3,8,61
38341,4,10,55
38342,11,22,117
38343,8,20,121
38344,3,9,51
38345,4,9,52
38346,4,8,41
38347,8,12,63
38348,2,5,33
38349,11,18,93
38350,5,12,67
38351,1,3,18
38352,3,7,39
38353,8,14,81
38354,5,9,54
38355,0,1,7
38356,5,7,42
38357,12,22,118
38358,0,1,7
38359,1,4,21
38360,4,13,74
38361,3,5,33
38362,0,1,7
38363,2,6,34
38364,0,1,7
38365,5,17,94
38366,4,10,51
38367,8,15,73
38368,2,3,13
38369,10,23,140
38370,18,30,149
38371,6,17,96
38372,7,13,67
38373,7,11,56
38374,6,12,79
38375,9,17,89
38376,5,11,65
38377,15,26,128
38378,1,5,44
38379,9,15,91
38380,6,9,64
38381,10,19,102
38382,12,24,140
38383,13,21,107
38384,6,18,111
38385,3,9,68
38386,10,21,113
38387,6,12,93
38388,7,13,74
38389,9,18,101
38390,4,9,55
38391,15,30,174
38392,23,47,284
38393,4,9,47
38394,2,4,25
38395,1,3,19
38396,7,14,86
38397,2,6,37
38398,5,13,78
38399,4,11,65
38400,7,12,70
38401,5,12,65
38402,18,33,167
38403,13,31,175
38404,2,6,35
38405,12,22,111
38406,6,16,90
38407,3,8,52
38408,10,19,91
38409,10,21,127
38410,7,17,102
38411,9,20,123
38412,9,22,138
38413,6,11,55
38414,8,17,91
38415,14,25,153
38416,11,27,188
38417,17,31,168
38418,17,30,164
38419,21,38,229
38420,2,4,23
38421,5,7,37
38422,5,11,69
38423,4,9,51
38424,11,21,128
38425,6,11,50
38426,0,1,11
38427,0,1,11
38428,8,16,83
38429,9,22,122
38430,1,4,41
38431,0,2,15
38432,0,2,22
38433,8,17,120
38434,9,17,113
38435,5,11,70
38436,3,7,45
38437,5,10,61
38438,9,12,61
38439,8,17,105
38440,8,14,80
38441,8,14,74
38442,6,9,49
38443,5,6,25
38444,17,27,159
38445,4,12,64
38446,14,28,163
38447,10,21,108
38448,11,22,119
38449,4,6,33
38450,7,17,114
38451,6,20,126
38452,16,30,149
38453,6,11,77
38454,16,33,178
38455,5,12,76
38456,7,11,65
38457,4,6,30
38458,13,24,114
38459,18,30,148
38460,4,9,53
38461,1,5,35
38462,12,22,124
38463,17,30,155
38464,2,5,31
38465,6,10,54
38466,4,6,33
38467,8,14,70
38468,10,15,77
38469,13,28,167
38470,9,18,99
38471,3,7,38
38472,11,17,76
38473,12,28,154
38474,4,6,26
38475,11,19,94
38476,4,11,60
38477,8,21,104
38478,10,17,87
38479,8,17,100
38480,5,8,47
38481,3,3,17
38482,6,8,33
38483,6,9,48
38484,10,23,166
38485,7,13,72
38486,8,12,58
38487,2,6,35
38488,1,2,14
38489,11,19,102
38490,18,33,185
38491,3,7,37
38492,10,20,113
38493,4,7,38
38494,4,6,29
38495,8,14,73
38496,3,4,20
38497,5,10,50
38498,10,22,133
38499,12,23,129
38500,13,22,111
38501,10,16,84
38502,6,13,67
38503,6,8,47
38504,2,7,43
38505,0,2,16
38506,13,20,125
38507,6,9,55
38508,2,4,23
38509,32,55,262
38510,4,8,44
38511,8,18,112
38512,15,29,155
38513,2,4,30
38514,20,44,265
38515,12,21,126
38516,8,10,51
38517,4,9,53
38518,8,20,98
38519,8,16,81
38520,7,12,60
38521,8,17,99
38522,7,7,27
38523,8,16,81
38524,12,30,173
38525,3,4,18
38526,3,4,20
38527,10,13,69
38528,13,21,110
38529,3,5,26
38530,8,15,75
38531,10,18,96
38532,10,18,97
38533,2,4,24
38534,3,4,21
38535,10,17,85
38536,10,20,120
38537,13,26,139
38538,4,7,34
38539,2,6,38
38540,8,16,83
38541,3,6,31
38542,4,7,42
38543,3,5,24
38544,4,8,58
38545,7,13,74
38546,8,12,66
38547,8,16,74
38548,10,23,130
38549,3,3,12
38550,13,24,133
38551,2,8,46
38552,9,20,122
38553,11,22,136
38554,4,9,69
38555,7,15,103
38556,6,7,38
38557,4,8,44
38558,4,8,55
38559,8,14,67
38560,4,5,20
38561,10,16,92
38562,6,14,83
38563,12,28,160
38564,5,7,37
38565,7,14,87
38566,6,10,54
38567,7,13,64
38568,4,6,32
38569,8,20,116
38570,3,4,28
38571,3,4,24
38572,3,6,34
38573,11,19,110
38574,2,5,23
38575,16,28,149
38576,4,7,38
38577,9,17,102
38578,8,12,57
38579,3,5,21
38580,12,19,99
38581,12,20,96
38582,5,9,43
38583,21,34,168
38584,22,39,199
38585,8,15,97
38586,11,26,142
38587,7,13,72
38588,4,7,42
38589,4,6,28
38590,8,19,109
38591,9,21,140
38592,18,33,195
38593,27,53,302
38594,5,11,65
38595,7,14,76
38596,2,5,38
38597,4,7,37
38598,6,14,86
38599,6,13,68
38600,4,5,23
38601,11,17,89
38602,8,15,83
38603,10,16,95
38604,9,16,99
38605,12,23,149
38606,14,30,162
38607,7,15,94
38608,4,12,73
38609,8,21,129
38610,19,38,240
38611,14,35,224
38612,10,23,148
38613,6,15,99
38614,15,25,144
38615,5,13,81
38616,4,11,75
38617,22,33,179
38618,7,11,58
38619,6,12,66
38620,4,8,38
38621,12,21,123
38622,16,28,136
38623,5,9,52
38624,16,33,220
38625,22,43,229
38626,9,25,153
38627,16,30,155
38628,5,10,62
38629,10,16,88
38630,12,22,124
38631,3,6,36
38632,3,5,28
38633,12,20,98
38634,5,8,49
38635,4,8,47
38636,3,5,31
38637,7,14,74
38638,3,6,46
38639,3,6,31
38640,12,25,144
38641,2,4,29
38642,6,10,57
38643,9,16,98
38644,2,4,26
38645,2,5,26
38646,5,9,54
38647,5,11,58
38648,4,9,54
38649,10,19,97
38650,8,14,70
38651,2,5,40
38652,6,7,30
38653,8,20,116
38654,5,19,138
38655,7,16,89
38656,3,7,44
38657,4,8,49
38658,5,9,54
38659,20,45,259
38660,5,8,43
38661,3,8,54
38662,9,13,51
38663,23,39,229
38664,13,24,137
38665,22,42,250
38666,9,19,103
38667,5,10,60
38668,4,9,46
38669,1,3,18
38670,2,4,24
38671,26,55,312
38672,11,20,108
38673,10,18,84
38674,7,14,83
38675,3,7,43
38676,3,5,36
38677,4,6,30
38678,3,6,30
38679,6,11,59
38680,12,18,97
38681,8,22,137
38682,6,12,85
38683,9,16,89
38684,4,10,68
38685,10,20,121
38686,6,13,73
38687,13,23,103
38688,4,9,56
38689,6,11,71
38690,8,11,61
38691,13,27,155
38692,9,10,46
38693,3,5,26
38694,3,6,37
38695,7,15,74
38696,6,11,61
38697,3,5,37
38698,5,6,28
38699,3,3,17
38700,6,13,75
38701,5,15,83
38702,12,21,120
38703,2,4,22
38704,3,6,38
38705,2,5,36
38706,8,14,83
38707,14,32,197
38708,17,31,176
38709,5,9,50
38710,4,8,49
38711,6,12,71
38712,7,13,76
38713,3,13,92
38714,5,13,59
38715,15,28,160
38716,4,11,66
38717,7,11,61
38718,5,10,51
38719,4,7,40
38720,7,11,71
38721,3,8,42
38722,8,13,69
38723,2,6,42
38724,3,7,38
38725,4,7,37
38726,6,14,88
38727,3,6,33
38728,7,12,64
38729,5,10,51
38730,5,11,59
38731,4,7,38
38732,2,6,30
38733,3,5,26
38734,3,6,32
38735,8,13,77
38736,2,5,26
38737,4,7,36
38738,10,18,99
38739,5,9,45
38740,5,12,75
38741,4,6,39
38742,3,5,26
38743,17,30,160
38744,22,36,182
38745,3,5,26
38746,2,5,31
38747,7,11,51
38748,2,6,44
38749,6,9,36
38750,10,20,116
38751,6,12,66
38752,8,16,98
38753,5,10,52
38754,9,17,89
38755,3,6,37
38756,2,7,42
38757,2,7,41
38758,5,10,57
38759,10,21,129
38760,1,4,30
38761,2,3,17
38762,12,18,87
38763,5,8,39
38764,2,4,18
38765,2,3,17
38766,9,15,90
38767,5,9,49
38768,3,6,43
38769,6,11,56
38770,14,27,147
38771,3,9,64
38772,5,6,26
38773,4,6,37
38774,9,12,51
38775,7,15,76
38776,2,4,18
38777,5,8,46
38778,2,6,38
38779,5,8,44
38780,8,15,82
38781,8,14,77
38782,5,13,78
38783,2,5,24
38784,0,3,22
38785,2,5,28
38786,6,8,42
38787,5,9,41
38788,1,7,49
38789,8,12,59
38790,6,11,61
38791,6,8,45
38792,3,8,44
38793,4,5,20
38794,3,4,22
38795,7,10,50
38796,4,11,64
38797,3,9,50
38798,2,5,28
38799,2,5,28
38800,3,10,54
38801,6,12,71
38802,3,7,37
38803,5,10,50
38804,4,5,19
38805,6,7,29
38806,5,9,42
38807,14,24,136
38808,2,9,56
38809,8,12,55
38810,10,13,60
38811,4,9,41
38812,20,38,208
38813,5,10,60
38814,7,17,84
38815,15,19,84
38816,1,3,20
38817,15,24,119
38818,20,32,169
38819,6,10,44
38820,3,6,36
38821,5,8,39
38822,22,35,185
38823,29,47,265
38824,6,13,71
38825,0,0,3
38826,2,7,40
38827,4,8,40
38828,5,8,46
38829,26,46,229
38830,7,11,51
38831,13,19,99
38832,14,22,114
38833,6,10,56
38834,6,13,77
38835,14,22,114
38836,5,10,56
38837,3,6,36
38838,6,15,94
38839,0,4,33
38840,6,10,54
38841,5,7,32
38842,3,8,43
38843,12,20,124
38844,7,16,87
38845,1,6,44
38846,2,5,30
38847,3,9,52
38848,1,3,23
38849,6,8,39
38850,8,13,62
38851,16,33,177
38852,3,10,55
38853,1,3,21
38854,4,6,26
38855,14,22,125
38856,8,14,77
38857,4,9,52
38858,5,12,62
38859,7,12,75
38860,4,6,36
38861,6,13,70
38862,0,2,23
38863,4,6,36
38864,10,15,72
38865,5,9,44
38866,6,13,82
38867,6,14,75
38868,2,4,28
38869,8,20,112
38870,1,3,29
38871,8,16,107
38872,2,4,23
38873,3,8,41
38874,5,10,52
38875,2,5,25
38876,5,16,94
38877,10,16,79
38878,6,16,102
38879,9,19,101
38880,2,4,19
38881,11,19,92
38882,15,32,165
38883,6,13,76
38884,7,15,95
38885,3,7,42
38886,9,15,84
38887,12,24,137
38888,3,7,40
38889,7,10,44
38890,7,14,77
38891,4,8,49
38892,4,9,45
38893,3,11,78
38894,3,6,36
38895,7,11,55
38896,2,8,58
38897,1,3,21
38898,8,15,81
38899,2,3,15
38900,1,5,36
38901,5,10,56
38902,4,10,69
38903,2,8,47
38904,6,13,70
38905,3,10,65
38906,14,24,142
38907,6,13,86
38908,3,6,36
38909,2,4,28
38910,6,12,65
38911,9,17,89
38912,1,4,34
38913,1,3,16
38914,1,3,24
38915,3,4,24
38916,2,3,21
38917,4,9,54
38918,5,9,60
38919,0,1,13
38920,0,1,13
38921,6,10,55
38922,4,9,50
38923,6,11,67
38924,2,4,27
38925,2,3,23
38926,3,4,22
38927,4,7,32
38928,2,4,22
38929,3,10,56
38930,0,1,20
38931,1,3,21
38932,3,6,46
38933,0,1,9
38934,0,1,8
38935,0,1,8
38936,1,3,20
38937,6,11,52
38938,0,1,8
38939,3,7,34
38940,3,9,65
38941,6,14,81
38942,0,1,8
38943,6,10,47
38944,0,1,8
38945,3,7,42
38946,0,1,8
38947,2,5,28
38948,0,2,15
38949,3,5,21
38950,5,8,42
38951,2,9,61
38952,4,9,55
38953,4,8,46
38954,6,13,68
38955,4,8,47
38956,2,5,37
38957,5,11,69
38958,8,19,123
38959,2,5,32
38960,2,7,43
38961,6,17,109
38962,4,8,37
38963,5,11,62
38964,7,15,87
38965,3,9,57
38966,7,19,106
38967,5,15,97
38968,3,8,52
38969,14,23,130
38970,8,20,122
38971,9,22,131
38972,10,22,130
38973,3,9,48
38974,3,5,30
38975,9,21,157
38976,17,33,186
38977,7,18,138
38978,11,24,130
38979,15,40,251
38980,3,11,89
38981,3,7,53
38982,2,3,23
38983,5,14,94
38984,18,39,236
38985,11,20,112
38986,1,7,42
38987,5,12,82
38988,3,11,81
38989,1,4,23
38990,6,11,59
38991,10,19,127
38992,3,4,30
38993,4,10,64
38994,5,7,42
38995,3,3,23
38996,0,2,15
38997,2,2,16
38998,5,9,50
38999,6,11,59
39000,2,3,16
39001,3,7,43
39002,2,3,21
39003,1,2,22
39004,1,4,24
39005,4,8,34
39006,8,20,103
39007,3,7,48
39008,8,16,106
39009,5,10,58
39010,10,19,89
39011,11,25,152
39012,4,8,58
39013,6,14,83
39014,0,4,25
39015,7,15,83
39016,8,18,115
39017,4,9,50
39018,6,13,62
39019,7,12,67
39020,4,9,52
39021,11,19,101
39022,7,16,91
39023,4,7,32
39024,5,10,51
39025,3,6,27
39026,6,12,68
39027,3,8,53
39028,9,17,94
39029,1,5,30
39030,4,11,51
39031,4,12,85
39032,5,10,47
39033,3,10,67
39034,3,5,28
39035,4,6,31
39036,9,13,68
39037,4,7,29
39038,2,4,24
39039,4,13,82
39040,6,14,81
39041,7,16,82
39042,4,7,36
39043,5,10,57
39044,3,4,17
39045,4,8,44
39046,0,2,19
39047,7,16,102
39048,4,9,61
39049,2,4,20
39050,5,13,77
39051,2,5,33
39052,8,15,77
39053,2,4,34
39054,5,8,43
39055,3,4,29
39056,2,4,19
39057,8,16,73
39058,6,14,91
39059,3,5,38
39060,6,15,84
39061,6,18,115
39062,6,12,88
39063,7,16,97
39064,6,11,59
39065,1,2,11
39066,3,7,43
39067,7,17,93
39068,1,3,20
39069,2,4,24
39070,0,3,30
39071,7,14,85
39072,3,5,25
39073,6,13,71
39074,0,4,27
39075,8,19,98
39076,5,14,89
39077,4,13,89
39078,1,3,19
39079,1,2,14
39080,9,19,110
39081,6,15,98
39082,3,10,61
39083,2,5,26
39084,5,10,46
39085,5,15,91
39086,9,23,137
39087,7,18,97
39088,3,5,27
39089,11,17,84
39090,0,2,21
39091,1,3,17
39092,11,23,138
39093,5,10,64
39094,2,13,83
39095,2,6,37
39096,4,5,25
39097,2,5,33
39098,2,6,35
39099,0,2,14
39100,2,7,38
39101,3,13,79
39102,4,7,35
39103,6,9,43
39104,3,5,21
39105,2,4,23
39106,3,10,64
39107,2,6,33
39108,4,9,46
39109,7,13,69
39110,2,5,32
39111,2,3,26
39112,2,4,24
39113,2,3,16
39114,5,8,46
39115,0,3,24
39116,6,7,30
39117,10,18,93
39118,3,8,44
39119,2,4,17
39120,3,6,37
39121,7,15,81
39122,1,2,12
39123,8,13,76
39124,5,10,49
39125,2,6,30
39126,13,27,161
39127,11,21,99
39128,1,3,14
39129,3,6,38
39130,8,14,65
39131,3,5,28
39132,7,13,68
39133,3,7,38
39134,1,3,17
39135,3,7,37
39136,6,8,42
39137,2,4,20
39138,3,4,21
39139,6,11,51
39140,4,7,35
39141,6,12,73
39142,0,1,9
39143,3,7,46
39144,10,20,111
39145,3,8,39
39146,2,6,44
39147,15,32,175
39148,15,28,147
39149,9,15,91
39150,13,23,125
39151,7,14,72
39152,30,49,250
39153,10,15,84
39154,5,13,72
39155,9,15,73
39156,7,10,55
39157,5,12,73
39158,0,1,8
39159,2,7,54
39160,2,4,26
39161,3,5,24
39162,2,4,24
39163,4,7,48
39164,5,8,50
39165,12,24,154
39166,20,41,220
39167,1,2,12
39168,3,7,47
39169,1,5,42
39170,9,19,112
39171,15,24,125
39172,2,7,53
39173,1,4,30
39174,2,4,24
39175,4,8,55
39176,7,8,31
39177,3,7,51
39178,2,5,31
39179,3,9,57
39180,5,13,69
39181,3,5,23
39182,3,5,28
39183,3,4,21
39184,2,3,19
39185,0,4,33
39186,9,15,74
39187,9,19,113
39188,3,3,15
39189,2,4,21
39190,1,5,27
39191,3,5,27
39192,2,9,68
39193,1,3,14
39194,1,3,14
39195,3,7,43
39196,11,23,139
39197,2,3,12
39198,0,2,11
39199,2,3,14
39200,0,1,9
39201,3,7,35
39202,10,10,43
39203,13,20,101
39204,2,4,18
39205,2,4,21
39206,1,3,16
39207,5,9,47
39208,5,8,49
39209,9,15,80
39210,3,4,20
39211,4,11,88
39212,5,10,52
39213,7,10,57
39214,2,2,10
39215,5,8,50
39216,1,2,14
39217,11,19,94
39218,6,10,49
39219,5,8,36
39220,5,7,31
39221,3,4,18
39222,0,2,12
39223,1,3,21
39224,6,11,57
39225,4,6,31
39226,3,6,35
39227,4,7,42
39228,2,8,64
39229,3,6,36
39230,2,6,35
39231,0,1,13
39232,1,2,13
39233,3,9,55
39234,0,1,9
39235,18,34,174
39236,2,5,29
39237,6,12,80
39238,4,10,58
39239,3,5,28
39240,0,2,9
39241,0,3,16
39242,4,14,89
39243,2,4,27
39244,4,9,55
39245,2,3,17
39246,3,3,14
39247,2,8,56
39248,4,9,64
39249,4,11,84
39250,2,7,59
39251,1,4,20
39252,1,3,16
39253,2,4,22
39254,1,2,12
39255,4,12,72
39256,6,9,39
39257,0,3,24
39258,11,16,88
39259,5,10,53
39260,3,5,26
39261,2,4,32
39262,8,12,59
39263,0,1,10
39264,2,5,38
39265,1,4,19
39266,4,9,51
39267,2,8,55
39268,4,6,32
39269,2,3,19
39270,4,6,25
39271,18,30,176
39272,1,2,19
39273,1,8,69
39274,1,3,28
39275,5,12,75
39276,1,3,18
39277,7,11,50
39278,3,5,26
39279,1,3,21
39280,2,6,35
39281,8,12,61
39282,3,5,28
39283,7,8,34
39284,3,5,27
39285,6,9,46
39286,1,1,7
39287,10,17,95
39288,3,3,23
39289,2,3,13
39290,3,4,20
39291,2,3,16
39292,3,8,49
39293,3,5,29
39294,1,3,23
39295,1,3,27
39296,1,3,17
39297,2,4,34
39298,1,2,13
39299,0,1,17
39300,0,0,2
39301,2,3,13
39302,3,6,28
39303,1,7,60
39304,2,5,31
39305,3,6,28
39306,2,2,11
39307,1,4,19
39308,2,4,18
39309,4,9,52
39310,3,5,28
39311,1,2,7
39312,3,4,19
39313,0,1,9
39314,0,1,11
39315,6,15,76
39316,12,19,93
39317,9,13,52
39318,6,13,61
39319,3,11,61
39320,1,2,11
39321,7,13,66
39322,3,5,30
39323,0,2,17
39324,10,17,81
39325,7,12,60
39326,2,4,22
39327,4,4,16
39328,2,2,11
39329,8,12,69
39330,11,17,82
39331,7,13,65
39332,6,8,41
39333,7,9,36
39334,4,5,30
39335,9,16,97
39336,25,40,216
39337,7,14,76
39338,1,3,23
39339,3,6,31
39340,1,3,25
39341,4,6,30
39342,4,6,42
39343,1,2,9
39344,5,13,81
39345,7,16,103
39346,16,29,160
39347,6,16,105
39348,22,35,183
39349,13,28,159
39350,2,10,76
39351,3,7,40
39352,6,11,57
39353,24,48,293
39354,1,2,13
39355,5,7,41
39356,24,47,264
39357,15,33,207
39358,3,5,25
39359,2,3,15
39360,14,28,149
39361,6,9,46
39362,6,13,78
39363,2,4,22
39364,2,6,37
39365,19,37,206
39366,8,16,96
39367,5,9,54
39368,7,14,89
39369,3,4,24
39370,1,3,26
39371,7,12,63
39372,0,2,23
39373,3,7,43
39374,5,9,51
39375,8,12,72
39376,5,8,43
39377,30,45,229
39378,4,7,35
39379,4,6,29
39380,11,18,94
39381,14,27,171
39382,3,4,21
39383,1,1,4
39384,3,5,26
39385,4,7,42
39386,8,14,75
39387,13,19,97
39388,10,29,179
39389,2,2,8
39390,5,7,38
39391,7,11,60
39392,17,27,143
39393,4,9,58
39394,6,12,61
39395,25,46,274
39396,10,23,139
39397,4,8,61
39398,1,2,19
39399,4,8,48
39400,11,20,103
39401,19,40,240
39402,10,19,91
39403,6,12,79
39404,8,18,93
39405,2,6,42
39406,0,2,17
39407,12,22,131
39408,13,26,166
39409,2,5,37
39410,4,8,37
39411,6,11,68
39412,2,5,32
39413,6,10,50
39414,2,5,30
39415,6,10,55
39416,33,59,309
39417,6,10,60
39418,16,34,209
39419,36,68,404
39420,3,5,27
39421,3,4,30
39422,1,7,53
39423,1,4,31
39424,3,5,27
39425,2,7,43
39426,6,12,62
39427,4,7,38
39428,4,5,32
39429,20,28,153
39430,8,13,77
39431,5,7,45
39432,15,37,232
39433,10,20,106
39434,11,23,132
39435,22,36,191
39436,20,33,194
39437,25,51,310
39438,12,18,94
39439,20,30,153
39440,8,15,81
39441,22,42,233
39442,3,6,34
39443,1,2,12
39444,2,2,17
39445,0,3,20
39446,4,6,33
39447,4,6,46
39448,4,5,25
39449,4,8,50
39450,1,4,32
39451,2,5,35
39452,6,7,35
39453,1,3,18
39454,1,4,28
39455,11,15,82
39456,2,4,24
39457,3,5,30
39458,4,6,40
39459,4,5,35
39460,0,2,16
39461,8,12,66
39462,6,11,59
39463,5,12,58
39464,8,14,79
39465,8,15,79
39466,1,3,20
39467,4,7,35
39468,2,6,38
39469,9,14,75
39470,7,12,62
39471,3,7,40
39472,12,24,134
39473,10,19,106
39474,6,10,47
39475,3,4,27
39476,2,3,19
39477,7,14,69
39478,6,10,48
39479,7,16,94
39480,1,1,23
39481,4,5,43
39482,12,18,89
39483,7,12,74
39484,10,19,98
39485,24,37,174
39486,3,7,56
39487,15,29,152
39488,7,12,57
39489,20,43,226
39490,13,19,86
39491,16,29,167
39492,10,17,103
39493,15,24,129
39494,19,28,136
39495,5,10,51
39496,21,36,171
39497,14,24,124
39498,8,19,108
39499,14,23,128
39500,18,31,156
39501,8,14,64
39502,6,10,57
39503,11,27,161
39504,18,38,223
39505,6,12,65
39506,8,12,66
39507,11,21,118
39508,15,24,111
39509,5,12,75
39510,13,24,136
39511,22,38,220
39512,14,23,114
39513,12,18,87
39514,6,16,96
39515,9,17,88
39516,8,16,95
39517,16,24,113
39518,1,4,36
39519,1,3,21
39520,19,37,206
39521,14,27,146
39522,15,29,152
39523,5,9,44
39524,17,33,184
39525,8,20,122
39526,13,27,154
39527,7,10,48
39528,6,7,30
39529,18,29,146
39530,26,45,239
39531,17,29,153
39532,11,21,121
39533,1,4,27
39534,7,13,74
39535,8,14,71
39536,11,23,120
39537,37,63,333
39538,7,16,83
39539,15,30,158
39540,11,23,129
39541,27,43,198
39542,23,35,178
39543,7,11,61
39544,18,30,143
39545,11,22,138
39546,12,21,105
39547,18,38,230
39548,14,24,121
39549,10,17,98
39550,23,46,251
39551,17,31,166
39552,32,51,259
39553,0,3,23
39554,1,3,19
39555,21,36,185
39556,7,12,62
39557,15,32,167
39558,13,20,104
39559,11,22,126
39560,4,6,35
39561,12,23,117
39562,12,23,127
39563,16,32,164
39564,2,5,27
39565,13,19,104
39566,6,13,71
39567,8,14,75
39568,0,3,23
39569,15,28,147
39570,6,15,113
39571,4,8,48
39572,5,9,58
39573,3,6,29
39574,2,5,37
39575,14,36,217
39576,9,15,89
39577,3,8,54
39578,8,16,91
39579,7,13,62
39580,10,18,96
39581,19,35,188
39582,8,14,82
39583,4,7,46
39584,1,4,25
39585,10,18,101
39586,6,11,56
39587,3,8,44
39588,3,11,84
39589,4,11,61
39590,6,10,43
39591,2,6,36
39592,6,11,61
39593,5,14,81
39594,6,13,77
39595,7,13,70
39596,3,9,66
39597,4,6,36
39598,6,12,66
39599,1,4,28
39600,7,10,61
39601,12,26,150
39602,11,25,170
39603,2,10,70
39604,10,20,111
39605,6,15,96
39606,18,33,170
39607,18,32,165
39608,9,23,136
39609,14,27,141
39610,8,12,74
39611,1,3,21
39612,4,6,32
39613,21,43,253
39614,5,7,32
39615,9,17,91
39616,3,9,64
39617,4,14,96
39618,5,11,69
39619,14,29,156
39620,9,18,99
39621,7,16,84
39622,3,9,56
39623,5,7,35
39624,6,12,69
39625,5,12,73
39626,6,16,94
39627,11,32,184
39628,1,6,39
39629,10,20,104
39630,3,9,75
39631,4,9,50
39632,13,21,114
39633,2,4,25
39634,1,2,12
39635,9,15,71
39636,2,5,32
39637,1,3,25
39638,1,4,32
39639,7,26,169
39640,8,20,131
39641,2,8,60
39642,6,10,54
39643,8,20,113
39644,5,10,52
39645,8,13,67
39646,5,11,57
39647,18,34,185
39648,8,16,103
39649,3,14,110
39650,6,14,83
39651,10,23,148
39652,14,28,178
39653,9,17,102
39654,3,4,33
39655,4,11,65
39656,5,12,72
39657,9,22,140
39658,9,18,94
39659,6,13,74
39660,0,2,15
39661,0,2,14
39662,7,8,38
39663,11,19,110
39664,0,1,11
39665,3,3,15
39666,5,8,35
39667,3,7,39
39668,2,2,12
39669,13,32,165
39670,0,1,14
39671,0,3,20
39672,3,7,40
39673,8,12,58
39674,9,17,103
39675,5,6,20
39676,10,17,99
39677,4,5,34
39678,8,14,83
39679,2,6,30
39680,6,14,81
39681,9,16,87
39682,16,28,146
39683,4,7,37
39684,21,40,228
39685,9,17,95
39686,0,2,13
39687,7,14,83
39688,5,6,36
39689,9,17,99
39690,13,25,142
39691,4,7,43
39692,4,9,66
39693,1,6,38
39694,6,9,47
39695,3,11,73
39696,13,24,158
39697,5,6,37
39698,8,16,96
39699,11,23,126
39700,5,10,51
39701,10,15,66
39702,3,8,49
39703,7,15,89
39704,6,10,58
39705,1,4,26
39706,0,1,18
39707,5,10,42
39708,0,1,17
39709,2,6,34
39710,7,12,71
39711,2,5,26
39712,1,4,25
39713,3,6,33
39714,7,15,78
39715,3,8,49
39716,1,2,13
39717,3,4,24
39718,2,10,81
39719,4,6,35
39720,4,11,61
39721,3,7,44
39722,9,15,74
39723,7,12,61
39724,6,15,95
39725,7,17,99
39726,16,39,229
39727,5,10,62
39728,22,37,208
39729,14,36,216
39730,2,4,27
39731,2,4,21
39732,11,26,160
39733,10,19,99
39734,14,22,109
39735,5,6,26
39736,8,13,73
39737,6,13,69
39738,13,21,110
39739,6,11,52
39740,8,12,70
39741,3,4,25
39742,20,32,179
39743,2,3,19
39744,6,10,49
39745,5,10,57
39746,21,53,308
39747,10,18,94
39748,6,12,64
39749,16,30,165
39750,5,13,74
39751,5,9,45
39752,4,7,37
39753,3,6,29
39754,10,24,124
39755,11,21,143
39756,11,22,122
39757,26,55,314
39758,16,38,214
39759,13,26,128
39760,2,6,34
39761,15,26,145
39762,12,23,113
39763,2,4,24
39764,7,14,80
39765,7,13,74
39766,19,39,213
39767,6,13,61
39768,11,20,94
39769,4,9,52
39770,12,24,138
39771,3,8,48
39772,3,10,57
39773,7,18,112
39774,10,21,120
39775,3,5,28
39776,7,11,61
39777,10,20,122
39778,7,12,66
39779,8,17,91
39780,7,13,70
39781,2,8,49
39782,14,26,125
39783,3,9,52
39784,9,16,82
39785,10,19,103
39786,7,16,90
39787,3,5,26
39788,10,17,82
39789,2,3,18
39790,1,4,26
39791,20,31,158
39792,0,3,32
39793,4,7,38
39794,0,2,25
39795,2,4,21
39796,4,8,49
39797,12,21,116
39798,10,15,76
39799,3,7,43
39800,8,17,90
39801,10,20,116
39802,5,10,57
39803,2,5,28
39804,4,5,25
39805,5,9,53
39806,2,6,35
39807,3,5,35
39808,2,4,22
39809,8,15,78
39810,3,6,40
39811,1,2,13
39812,18,39,204
39813,13,27,147
39814,2,2,10
39815,2,2,13
39816,3,4,17
39817,8,16,85
39818,5,12,70
39819,6,13,67
39820,1,2,12
39821,2,4,21
39822,8,16,84
39823,4,11,56
39824,0,0,2
39825,5,8,38
39826,12,22,132
39827,9,19,104
39828,9,17,98
39829,4,8,43
39830,3,4,19
39831,11,23,129
39832,8,20,129
39833,6,11,67
39834,11,26,151
39835,21,39,201
39836,4,10,58
39837,7,13,74
39838,6,10,51
39839,9,12,57
39840,6,9,46
39841,8,19,108
39842,7,12,58
39843,7,14,78
39844,7,13,66
39845,4,10,54
39846,6,13,71
39847,4,7,32
39848,2,7,45
39849,0,3,19
39850,0,2,13
39851,0,4,38
39852,3,7,34
39853,2,5,24
39854,3,3,20
39855,1,2,10
39856,2,8,62
39857,0,5,36
39858,3,5,26
39859,1,2,16
39860,5,11,52
39861,3,5,29
39862,0,2,14
39863,1,3,23
39864,7,10,44
39865,4,6,29
39866,2,4,17
39867,3,6,30
39868,11,19,98
39869,13,18,81
39870,6,13,74
39871,3,8,61
39872,4,8,50
39873,1,6,41
39874,1,2,13
39875,5,9,44
39876,1,4,21
39877,0,3,27
39878,11,19,97
39879,11,20,125
39880,13,32,200
39881,3,6,36
39882,4,11,58
39883,8,19,129
39884,1,6,42
39885,3,8,51
39886,2,9,58
39887,8,14,83
39888,10,21,137
39889,6,10,61
39890,4,11,66
39891,18,36,210
39892,23,37,182
39893,8,24,156
39894,13,27,180
39895,14,32,194
39896,2,3,16
39897,2,3,17
39898,4,7,40
39899,4,9,58
39900,5,11,66
39901,3,5,38
39902,5,7,35
39903,1,4,24
39904,1,4,27
39905,3,3,18
39906,0,1,7
39907,2,5,33
39908,10,27,176
39909,7,16,100
39910,5,11,60
39911,9,16,118
39912,15,33,215
39913,6,13,95
39914,4,8,48
39915,5,11,72
39916,4,7,48
39917,0,3,26
39918,7,14,77
39919,3,6,41
39920,6,18,121
39921,10,24,133
39922,14,31,212
39923,15,34,234
39924,8,15,90
39925,3,8,51
39926,9,26,178
39927,8,16,95
39928,2,8,59
39929,2,5,41
39930,4,6,33
39931,3,7,39
39932,8,18,111
39933,4,9,56
39934,3,8,58
39935,10,17,84
39936,0,2,20
39937,1,2,10
39938,3,5,27
39939,4,9,57
39940,12,17,78
39941,2,5,35
39942,2,4,24
39943,3,6,43
39944,1,5,39
39945,4,9,61
39946,6,7,32
39947,5,8,44
39948,9,16,92
39949,11,21,111
39950,6,9,43
39951,13,25,166
39952,17,43,271
39953,0,3,26
39954,0,3,19
39955,13,32,224
39956,6,15,86
39957,6,9,50
39958,17,30,175
39959,8,19,110
39960,12,26,153
39961,11,22,120
39962,3,7,48
39963,4,10,66
39964,9,18,103
39965,5,13,75
39966,13,23,122
39967,2,10,78
39968,4,8,44
39969,4,10,72
39970,9,17,91
39971,13,33,197
39972,1,3,29
39973,11,22,135
39974,18,41,237
39975,7,16,93
39976,11,23,146
39977,10,17,89
39978,5,12,77
39979,6,11,60
39980,17,37,240
39981,3,6,39
39982,4,7,43
39983,4,7,38
39984,7,14,78
39985,3,9,71
39986,4,12,80
39987,8,18,104
39988,12,30,189
39989,18,33,188
39990,3,9,68
39991,4,10,73
39992,7,18,103
39993,9,21,126
39994,6,11,58
39995,3,4,23
39996,1,4,26
39997,8,18,117
39998,14,21,104
39999,5,15,98
40000,2,6,36
40001,7,18,130
40002,7,15,97
40003,1,3,25
40004,5,10,71
40005,2,5,35
40006,10,21,97
40007,12,23,147
40008,0,3,25
40009,12,22,117
40010,7,16,98
40011,7,14,84
40012,10,22,116
40013,4,8,51
40014,5,7,33
40015,3,5,31
40016,12,27,152
40017,12,22,123
40018,4,6,34
40019,8,14,67
40020,2,7,35
40021,2,4,26
40022,7,12,63
40023,3,8,44
40024,0,1,10
40025,0,1,7
40026,2,5,20
40027,14,28,156
40028,13,27,155
40029,6,10,57
40030,3,6,36
40031,23,37,196
40032,1,4,25
40033,6,17,117
40034,14,24,170
40035,23,46,274
40036,8,17,89
40037,10,17,99
40038,9,13,69
40039,12,25,134
40040,1,3,19
40041,4,11,65
40042,14,31,184
40043,21,36,192
40044,7,18,117
40045,8,16,94
40046,3,7,40
40047,5,11,82
40048,3,8,49
40049,12,23,126
40050,4,8,42
40051,12,24,128
40052,9,17,94
40053,6,13,73
40054,8,11,57
40055,16,33,177
40056,8,13,67
40057,29,50,275
40058,14,21,108
40059,1,4,23
40060,2,8,53
40061,7,12,72
40062,14,23,127
40063,17,33,192
40064,9,19,107
40065,6,9,59
40066,11,21,122
40067,4,11,60
40068,3,7,38
40069,6,17,104
40070,2,7,54
40071,1,2,15
40072,7,18,127
40073,10,17,82
40074,2,5,34
40075,9,18,98
40076,14,27,156
40077,13,22,129
40078,9,20,122
40079,7,15,86
40080,12,18,96
40081,9,25,155
40082,8,15,92
40083,5,12,71
40084,3,7,38
40085,2,6,50
40086,2,5,34
40087,4,7,36
40088,0,1,8
40089,5,18,142
40090,1,2,11
40091,1,2,11
40092,11,18,91
40093,15,26,139
40094,9,13,73
40095,22,45,258
40096,12,18,98
40097,12,16,89
40098,2,5,38
40099,1,2,15
40100,7,14,95
40101,12,27,151
40102,5,14,69
40103,2,4,23
40104,1,3,22
40105,2,9,67
40106,10,25,155
40107,17,29,144
40108,15,23,110
40109,9,15,80
40110,10,19,111
40111,10,13,62
40112,6,10,52
40113,6,9,51
40114,3,9,52
40115,1,5,37
40116,4,6,41
40117,6,9,54
40118,3,7,52
40119,5,8,44
40120,26,50,275
40121,5,9,48
40122,22,38,272
40123,5,11,62
40124,15,29,150
40125,2,3,14
40126,2,3,16
40127,8,16,79
40128,0,2,11
40129,6,12,75
40130,3,3,20
40131,2,6,41
40132,4,8,46
40133,10,10,41
40134,4,8,44
40135,3,6,35
40136,1,2,19
40137,9,21,117
40138,10,15,66
40139,4,6,31
40140,3,7,43
40141,8,10,50
40142,9,13,75
40143,6,11,59
40144,6,9,43
40145,4,7,46
40146,5,7,42
40147,4,4,26
40148,2,3,17
40149,3,4,14
40150,1,4,24
40151,6,9,51
40152,18,30,162
40153,16,31,192
40154,13,25,141
40155,7,13,71
40156,9,15,86
40157,7,12,85
40158,6,10,48
40159,5,17,118
40160,12,24,122
40161,10,24,178
40162,5,10,51
40163,7,14,71
40164,8,14,69
40165,19,39,229
40166,6,14,81
40167,3,7,42
40168,4,7,37
40169,4,10,55
40170,8,16,92
40171,3,6,43
40172,2,4,18
40173,15,28,157
40174,12,21,117
40175,4,7,33
40176,2,8,54
40177,3,8,50
40178,3,5,26
40179,7,12,60
40180,11,22,120
40181,12,26,152
40182,17,32,181
40183,8,18,99
40184,5,9,66
40185,16,31,180
40186,16,32,208
40187,8,19,118
40188,24,48,282
40189,16,37,222
40190,8,14,77
40191,8,19,126
40192,0,2,22
40193,11,23,134
40194,6,11,59
40195,11,25,143
40196,8,17,93
40197,7,15,91
40198,11,19,121
40199,6,14,96
40200,17,28,141
40201,7,14,75
40202,13,31,167
40203,9,14,74
40204,4,11,75
40205,6,13,65
40206,9,16,97
40207,5,12,78
40208,3,3,15
40209,4,6,37
40210,4,9,51
40211,3,8,39
40212,7,10,53
40213,8,17,98
40214,5,9,49
40215,2,5,30
40216,3,7,46
40217,0,1,12
40218,2,2,23
40219,2,6,37
40220,1,2,19
40221,1,2,20
40222,4,11,62
40223,2,4,26
40224,7,11,54
40225,8,23,157
40226,3,9,62
40227,1,5,39
40228,5,11,70
40229,2,6,33
40230,18,34,187
40231,15,25,135
40232,1,7,54
40233,6,10,60
40234,20,37,222
40235,7,14,65
40236,1,6,42
40237,16,34,209
40238,13,21,102
40239,2,8,54
40240,14,28,154
40241,10,20,113
40242,8,13,68
40243,8,15,76
40244,10,27,153
40245,12,26,138
40246,6,17,114
40247,6,11,65
40248,7,15,89
40249,6,14,86
40250,10,19,107
40251,10,21,145
40252,8,18,103
40253,6,13,67
40254,5,12,65
40255,1,5,37
40256,4,8,55
40257,11,21,108
40258,6,10,51
40259,3,6,38
40260,1,3,20
40261,0,0,4
40262,9,20,136
40263,17,30,178
40264,7,19,108
40265,8,18,122
40266,2,3,21
40267,3,6,30
40268,0,2,18
40269,1,4,35
40270,0,2,14
40271,1,2,13
40272,2,3,17
40273,4,9,54
40274,0,2,25
40275,10,17,89
40276,6,14,92
40277,11,20,109
40278,8,15,74
40279,4,10,66
40280,2,6,33
40281,9,17,82
40282,17,29,157
40283,3,9,53
40284,11,27,145
40285,5,10,69
40286,4,8,44
40287,3,5,23
40288,3,15,104
40289,3,8,49
40290,12,21,100
40291,2,7,39
40292,2,8,55
40293,3,8,44
40294,11,26,136
40295,8,18,92
40296,5,12,64
40297,7,21,128
40298,2,9,53
40299,2,4,20
40300,7,18,115
40301,0,0,2
40302,6,15,86
40303,9,23,139
40304,9,16,88
40305,5,11,70
40306,3,8,54
40307,2,6,41
40308,9,21,118
40309,7,13,81
40310,6,11,55
40311,5,9,53
40312,3,8,49
40313,13,25,148
40314,11,21,122
40315,9,20,122
40316,8,13,59
40317,10,22,118
40318,5,13,70
40319,9,19,102
40320,6,10,55
40321,16,37,210
40322,13,34,220
40323,6,14,83
40324,10,19,112
40325,9,19,123
40326,12,26,162
40327,4,11,62
40328,8,14,82
40329,6,11,52
40330,4,7,38
40331,8,15,85
40332,4,7,35
40333,15,30,179
40334,4,7,39
40335,5,16,94
40336,2,7,50
40337,5,13,74
40338,7,15,74
40339,1,6,43
40340,5,10,75
40341,3,12,87
40342,11,20,103
40343,20,42,229
40344,8,25,151
40345,10,25,145
40346,11,23,164
40347,6,11,52
40348,9,17,87
40349,19,36,189
40350,9,27,170
40351,9,14,78
40352,7,14,84
40353,8,13,58
40354,9,30,190
40355,3,8,40
40356,12,32,188
40357,4,11,62
40358,10,18,103
40359,6,13,86
40360,10,23,134
40361,8,17,91
40362,18,35,209
40363,14,27,158
40364,5,9,55
40365,4,11,74
40366,7,16,97
40367,5,14,91
40368,6,15,77
40369,4,9,54
40370,2,6,33
40371,19,45,264
40372,5,12,82
40373,9,25,152
40374,5,12,61
40375,9,18,106
40376,12,22,110
40377,6,10,48
40378,8,12,63
40379,12,17,78
40380,2,7,51
40381,8,19,100
40382,16,31,163
40383,9,20,121
40384,15,30,166
40385,6,10,56
40386,8,12,71
40387,5,12,87
40388,11,23,127
40389,5,12,67
40390,12,28,150
40391,4,10,64
40392,4,7,52
40393,10,18,109
40394,11,19,103
40395,4,8,43
40396,15,29,165
40397,6,9,63
40398,2,8,50
40399,4,9,63
40400,13,20,96
40401,7,10,47
40402,4,5,31
40403,3,7,47
40404,5,11,68
40405,0,1,13
40406,8,16,99
40407,8,14,78
40408,8,15,80
40409,4,12,74
40410,10,23,118
40411,14,28,147
40412,3,8,51
40413,6,11,59
40414,5,6,32
40415,4,10,58
40416,3,5,24
40417,8,11,54
40418,4,5,20
40419,3,3,12
40420,12,25,159
40421,4,5,31
40422,5,11,72
40423,7,12,52
40424,19,32,156
40425,9,18,107
40426,18,41,253
40427,7,18,129
40428,10,19,106
40429,11,20,113
40430,6,24,164
40431,7,14,86
40432,3,5,27
40433,4,8,40
40434,10,17,82
40435,2,3,24
40436,3,5,29
40437,4,9,62
40438,13,26,130
40439,11,23,131
40440,3,5,26
40441,4,8,51
40442,11,24,136
40443,6,11,74
40444,10,23,122
40445,4,11,65
40446,8,13,67
40447,18,41,225
40448,16,38,215
40449,17,31,146
40450,4,10,66
40451,7,12,65
40452,6,13,83
40453,6,16,100
40454,9,17,90
40455,13,32,190
40456,9,17,91
40457,6,11,63
40458,7,13,69
40459,6,9,41
40460,5,13,71
40461,4,10,48
40462,7,13,70
40463,7,16,98
40464,2,4,22
40465,2,4,22
40466,3,7,35
40467,5,11,63
40468,3,7,32
40469,6,17,96
40470,7,19,110
40471,3,4,18
40472,3,6,31
40473,3,5,27
40474,0,1,10
40475,10,28,159
40476,15,37,235
40477,11,25,169
40478,9,25,137
40479,3,10,62
40480,5,9,51
40481,10,23,130
40482,5,10,76
40483,9,26,163
40484,14,32,186
40485,1,5,36
40486,6,15,88
40487,13,24,137
40488,13,26,144
40489,4,11,65
40490,12,27,165
40491,5,10,71
40492,6,15,99
40493,15,34,187
40494,4,10,59
40495,4,8,41
40496,8,26,160
40497,19,45,281
40498,1,8,51
40499,5,10,47
40500,6,16,94
40501,11,18,112
40502,8,23,129
40503,8,20,125
40504,6,11,62
40505,10,30,192
40506,15,31,178
40507,1,4,36
40508,7,13,72
40509,6,6,26
40510,7,13,82
40511,2,4,40
40512,8,20,116
40513,18,38,189
40514,4,6,40
40515,13,21,106
40516,12,24,126
40517,9,18,115
40518,7,11,52
40519,4,5,23
40520,2,5,32
40521,7,12,66
40522,6,10,51
40523,5,12,73
40524,4,12,83
40525,2,8,53
40526,1,5,36
40527,3,8,43
40528,2,4,29
40529,11,19,106
40530,4,11,63
40531,8,16,80
40532,8,14,72
40533,3,8,44
40534,2,8,50
40535,17,38,216
40536,3,11,70
40537,8,14,74
40538,5,15,91
40539,6,10,43
40540,10,15,81
40541,2,5,38
40542,3,8,69
40543,4,7,36
40544,7,18,103
40545,1,4,27
40546,8,11,50
40547,7,16,82
40548,3,6,33
40549,31,55,309
40550,6,21,126
40551,0,3,25
40552,12,26,155
40553,1,7,47
40554,12,25,166
40555,4,9,65
40556,6,11,70
40557,4,7,37
40558,2,3,19
40559,7,14,69
40560,7,16,93
40561,7,14,78
40562,17,26,155
40563,3,10,63
40564,14,24,109
40565,9,18,104
40566,9,21,116
40567,3,5,27
40568,7,11,63
40569,6,9,45
40570,18,38,213
40571,3,8,55
40572,8,12,59
40573,7,11,50
40574,10,19,103
40575,9,16,79
40576,3,7,37
40577,16,25,117
40578,0,1,10
40579,15,27,133
40580,7,17,88
40581,11,21,129
40582,0,1,10
40583,0,1,10
40584,0,2,13
40585,3,4,15
40586,5,15,84
40587,2,5,30
40588,4,7,36
40589,6,10,59
40590,4,6,27
40591,4,10,60
40592,2,3,20
40593,3,5,27
40594,9,15,83
40595,16,33,179
40596,6,12,67
40597,0,1,11
40598,0,1,6
40599,2,6,36
40600,3,4,21
40601,6,9,57
40602,7,14,75
40603,6,11,60
40604,3,5,29
40605,9,15,73
40606,5,11,63
40607,3,6,33
40608,4,10,68
40609,6,15,107
40610,16,27,141
40611,1,4,40
40612,7,14,82
40613,6,16,116
40614,4,13,85
40615,2,10,70
40616,4,10,63
40617,25,50,259
40618,0,7,81
40619,0,9,72
40620,8,19,163
40621,2,4,24
40622,4,9,58
40623,8,16,113
40624,12,23,130
40625,15,23,124
40626,3,5,34
40627,8,16,104
40628,6,11,69
40629,5,15,95
40630,4,8,39
40631,6,12,62
40632,7,14,82
40633,6,16,103
40634,0,2,27
40635,9,19,107
40636,3,9,52
40637,6,13,72
40638,5,10,50
40639,4,7,42
40640,1,4,27
40641,2,5,28
40642,7,14,81
40643,7,14,79
40644,2,7,45
40645,3,9,57
40646,13,21,105
40647,5,9,54
40648,1,4,27
40649,8,19,98
40650,7,12,51
40651,2,4,16
40652,4,7,48
40653,3,5,23
40654,6,12,54
40655,1,2,17
40656,6,12,56
40657,6,12,65
40658,1,2,20
40659,2,5,27
40660,4,7,48
40661,0,2,14
40662,10,17,93
40663,3,5,29
40664,16,28,137
40665,1,2,20
40666,0,3,27
40667,3,4,27
40668,9,13,76
40669,0,3,24
40670,1,7,46
40671,4,9,62
40672,1,3,28
40673,4,6,37
40674,2,3,17
40675,6,13,71
40676,8,14,78
40677,3,6,42
40678,4,5,28
40679,1,5,29
40680,4,6,31
40681,3,7,36
40682,11,19,102
40683,5,8,34
40684,9,13,60
40685,10,15,71
40686,0,2,12
40687,6,12,63
40688,8,15,88
40689,0,2,15
40690,13,26,139
40691,1,1,10
40692,8,15,72
40693,4,7,40
40694,5,11,62
40695,6,8,40
40696,4,8,44
40697,9,14,58
40698,1,4,25
40699,8,16,87
40700,6,9,40
40701,11,17,93
40702,1,4,32
40703,1,5,39
40704,5,10,55
40705,4,7,40
40706,5,14,86
40707,6,16,123
40708,8,15,82
40709,5,14,79
40710,4,7,34
40711,6,10,62
40712,0,1,14
40713,0,2,17
40714,4,7,36
40715,3,7,39
40716,3,7,40
40717,3,6,29
40718,4,6,25
40719,8,14,61
40720,8,12,51
40721,10,18,101
40722,5,11,56
40723,4,12,89
40724,2,5,33
40725,1,1,10
40726,2,4,27
40727,0,2,17
40728,1,4,29
40729,3,5,38
40730,1,5,49
40731,2,7,38
40732,5,16,112
40733,1,3,25
40734,6,10,56
40735,4,10,63
40736,2,5,30
40737,2,5,31
40738,11,19,119
40739,5,9,46
40740,7,15,82
40741,11,17,90
40742,3,4,23
40743,11,19,108
40744,32,54,269
40745,9,14,70
40746,7,8,38
40747,6,9,39
40748,6,11,56
40749,4,8,48
40750,4,6,29
40751,38,72,375
40752,11,21,98
40753,9,20,110
40754,7,11,53
40755,2,3,11
40756,2,3,14
40757,6,10,41
40758,5,8,35
40759,13,19,91
40760,9,15,68
40761,5,13,75
40762,2,3,30
40763,6,9,39
40764,0,1,13
40765,3,3,21
40766,4,7,47
40767,4,8,53
40768,4,5,28
40769,3,8,43
40770,5,7,38
40771,3,5,28
40772,1,3,18
40773,7,10,47
40774,2,5,34
40775,2,4,20
40776,9,15,78
40777,5,8,39
40778,3,5,25
40779,2,4,24
40780,15,24,121
40781,3,4,23
40782,5,10,60
40783,10,19,112
40784,10,23,132
40785,4,7,42
40786,1,2,13
40787,13,25,109
40788,5,9,48
40789,14,28,148
40790,0,4,31
40791,3,8,46
40792,9,16,86
40793,0,7,54
40794,0,3,31
40795,3,8,42
40796,8,12,67
40797,6,10,51
40798,3,5,32
40799,1,2,14
40800,3,6,37
40801,9,16,91
40802,3,6,28
40803,5,10,46
40804,18,32,174
40805,4,7,41
40806,8,12,59
40807,16,27,131
40808,7,15,75
40809,20,31,157
40810,4,9,47
40811,6,11,64
40812,5,12,71
40813,10,24,135
40814,3,5,30
40815,6,11,58
40816,9,17,91
40817,7,14,99
40818,14,21,88
40819,6,10,53
40820,7,12,56
40821,4,7,37
40822,13,20,104
40823,11,16,72
40824,8,15,79
40825,7,12,68
40826,9,18,76
40827,2,4,25
40828,6,8,41
40829,9,13,61
40830,11,19,108
40831,3,9,44
40832,9,16,82
40833,5,9,46
40834,5,9,46
40835,8,15,91
40836,5,9,50
40837,7,16,97
40838,5,13,86
40839,4,9,48
40840,16,31,168
40841,7,12,53
40842,15,30,152
40843,5,11,67
40844,3,4,26
40845,5,13,73
40846,3,7,36
40847,4,7,34
40848,2,6,37
40849,9,17,87
40850,4,9,52
40851,17,28,142
40852,8,15,73
40853,1,7,39
40854,13,23,120
40855,3,8,38
40856,13,23,119
40857,8,17,110
40858,16,30,140
40859,1,5,37
40860,3,9,57
40861,10,15,66
40862,7,16,85
40863,12,21,104
40864,6,11,52
40865,8,17,94
40866,14,21,103
40867,15,31,171
40868,13,26,137
40869,3,7,48
40870,1,5,35
40871,10,19,102
40872,5,10,54
40873,7,19,110
40874,10,16,66
40875,4,8,46
40876,6,13,85
40877,9,20,130
40878,4,6,31
40879,9,18,103
40880,8,10,52
40881,8,17,99
40882,8,20,109
40883,12,26,138
40884,4,6,42
40885,3,7,39
40886,6,15,96
40887,6,9,38
40888,7,16,88
40889,18,33,180
40890,17,34,178
40891,18,29,142
40892,10,18,100
40893,31,51,274
40894,24,38,194
40895,16,31,196
40896,14,28,155
40897,1,2,11
40898,10,18,89
40899,16,32,193
40900,8,15,68
40901,24,47,260
40902,22,38,191
40903,3,6,33
40904,18,35,180
40905,11,23,130
40906,5,8,42
40907,5,8,37
40908,6,11,55
40909,7,21,136
40910,18,34,200
40911,8,18,95
40912,21,39,206
40913,4,7,42
40914,16,26,153
40915,5,12,63
40916,10,22,143
40917,7,15,91
40918,20,42,240
40919,19,42,250
40920,34,58,323
40921,1,4,28
40922,4,9,49
40923,10,16,85
40924,12,29,187
40925,30,54,297
40926,8,14,77
40927,6,11,63
40928,13,26,164
40929,8,13,71
40930,0,1,12
40931,0,2,13
40932,5,7,33
40933,6,11,61
40934,2,5,43
40935,10,14,73
40936,1,4,31
40937,4,5,32
40938,12,21,113
40939,4,6,30
40940,8,14,72
40941,1,4,32
40942,22,37,215
40943,0,2,25
40944,6,13,82
40945,5,11,62
40946,18,33,185
40947,14,30,164
40948,12,22,120
40949,13,23,133
40950,26,51,282
40951,5,12,59
40952,6,10,50
40953,4,9,60
40954,3,8,50
40955,7,14,83
40956,5,8,48
40957,0,2,13
40958,4,9,61
40959,1,1,13
40960,15,31,178
40961,10,20,122
40962,7,17,106
40963,6,13,78
40964,7,12,66
40965,8,11,51
40966,4,8,53
40967,1,2,9
40968,2,6,39
40969,1,3,26
40970,2,3,23
40971,4,9,40
40972,3,6,30
40973,7,18,107
40974,6,12,64
40975,5,7,37
40976,0,2,14
40977,1,2,16
40978,10,20,113
40979,15,30,166
40980,13,20,96
40981,9,16,84
40982,0,3,29
40983,6,9,48
40984,7,12,51
40985,3,6,42
40986,1,2,9
40987,1,4,31
40988,5,9,68
40989,8,18,93
40990,2,4,22
40991,4,8,44
40992,8,10,48
40993,3,9,61
40994,7,10,43
40995,0,2,16
40996,4,6,24
40997,8,16,93
40998,20,35,188
40999,15,23,112
41000,19,32,182
41001,19,33,174
41002,10,21,124
41003,20,40,202
41004,14,28,143
41005,13,25,133
41006,7,14,82
41007,2,5,24
41008,17,31,166
41009,13,21,114
41010,19,30,154
41011,6,14,89
41012,14,23,120
41013,3,7,35
41014,14,24,145
41015,9,20,119
41016,5,8,48
41017,11,23,116
41018,4,7,38
41019,3,6,35
41020,18,30,190
41021,4,9,57
41022,4,7,35
41023,1,3,19
41024,11,16,89
41025,15,26,130
41026,7,14,90
41027,2,5,27
41028,5,10,64
41029,8,15,88
41030,18,36,209
41031,12,26,142
41032,17,32,191
41033,10,16,105
41034,12,26,156
41035,5,12,77
41036,9,19,121
41037,4,10,85
41038,4,8,46
41039,20,41,229
41040,6,13,85
41041,2,5,33
41042,7,11,59
41043,4,7,41
41044,5,10,57
41045,7,12,67
41046,8,16,97
41047,6,13,75
41048,3,5,31
41049,4,8,45
41050,4,9,46
41051,12,24,147
41052,14,26,157
41053,4,8,42
41054,3,4,32
41055,0,2,16
41056,12,22,113
41057,14,24,132
41058,12,16,80
41059,7,18,107
41060,5,10,48
41061,18,42,257
41062,14,24,136
41063,2,5,35
41064,10,21,120
41065,10,18,102
41066,3,10,68
41067,7,17,98
41068,3,6,35
41069,3,5,32
41070,0,2,15
41071,6,9,56
41072,9,13,76
41073,2,4,26
41074,8,12,72
41075,2,4,27
41076,18,33,176
41077,5,8,56
41078,8,13,65
41079,3,6,33
41080,8,20,116
41081,12,26,156
41082,10,19,103
41083,7,13,64
41084,3,8,46
41085,0,1,15
41086,7,18,108
41087,8,16,91
41088,18,30,163
41089,6,12,72
41090,5,9,47
41091,8,20,108
41092,2,6,39
41093,3,5,29
41094,4,7,33
41095,14,26,153
41096,7,15,93
41097,11,23,136
41098,14,24,139
41099,15,26,138
41100,4,9,51
41101,4,7,43
41102,5,15,107
41103,4,5,30
41104,0,2,15
41105,4,10,64
41106,7,10,65
41107,4,5,33
41108,0,1,9
41109,7,13,66
41110,12,20,113
41111,7,15,92
41112,13,25,153
41113,17,37,204
41114,4,10,77
41115,5,13,74
41116,1,4,31
41117,4,8,56
41118,1,3,27
41119,8,13,71
41120,7,12,70
41121,12,22,119
41122,2,7,49
41123,5,7,35
41124,8,12,70
41125,4,5,25
41126,3,6,44
41127,5,7,32
41128,7,12,78
41129,3,4,32
41130,4,10,68
41131,5,13,87
41132,6,12,74
41133,11,28,176
41134,3,6,39
41135,6,12,72
41136,6,10,51
41137,8,15,99
41138,16,29,193
41139,17,32,173
41140,14,21,110
41141,7,14,85
41142,8,17,102
41143,12,24,133
41144,3,7,42
41145,20,36,200
41146,8,17,92
41147,5,13,83
41148,0,1,14
41149,0,1,10
41150,7,17,98
41151,1,5,32
41152,2,3,17
41153,4,8,38
41154,2,4,18
41155,3,6,23
41156,3,6,39
41157,0,2,10
41158,0,2,14
41159,1,4,25
41160,4,10,62
41161,1,3,17
41162,6,15,99
41163,5,11,81
41164,6,11,53
41165,10,17,84
41166,4,9,43
41167,2,9,55
41168,3,12,77
41169,2,8,51
41170,6,13,71
41171,14,30,165
41172,6,10,51
41173,5,15,87
41174,2,5,29
41175,7,17,113
41176,9,15,86
41177,8,13,61
41178,10,21,112
41179,12,23,122
41180,6,11,62
41181,6,11,58
41182,5,10,61
41183,4,9,53
41184,6,14,85
41185,6,9,51
41186,8,17,88
41187,12,21,108
41188,10,15,78
41189,4,12,74
41190,7,16,88
41191,5,15,92
41192,4,5,25
41193,6,11,47
41194,4,12,76
41195,6,15,76
41196,0,2,14
41197,3,5,29
41198,4,8,45
41199,5,11,63
41200,3,10,67
41201,9,21,116
41202,2,4,23
41203,3,8,50
41204,5,14,84
41205,10,19,111
41206,13,21,100
41207,11,21,119
41208,7,12,64
41209,5,9,50
41210,6,8,46
41211,2,5,37
41212,5,7,39
41213,5,10,51
41214,8,15,78
41215,2,2,12
41216,5,10,54
41217,4,11,68
41218,2,6,39
41219,0,1,11
41220,4,9,63
41221,4,10,66
41222,1,2,20
41223,3,5,26
41224,10,22,109
41225,6,14,73
41226,5,10,64
41227,4,9,41
41228,2,9,62
41229,2,5,33
41230,5,13,88
41231,3,10,59
41232,5,16,82
41233,4,11,77
41234,6,11,58
41235,4,10,58
41236,7,19,125
41237,4,9,47
41238,3,5,22
41239,7,17,101
41240,10,21,118
41241,2,7,45
41242,4,11,62
41243,3,12,76
41244,9,18,106
41245,11,21,117
41246,10,20,124
41247,2,6,34
41248,3,7,43
41249,6,11,65
41250,5,7,32
41251,3,8,55
41252,4,11,54
41253,4,6,30
41254,1,5,36
41255,2,5,30
41256,4,7,32
41257,9,11,52
41258,11,24,126
41259,2,7,39
41260,6,13,86
41261,2,6,39
41262,8,17,91
41263,6,14,73
41264,4,10,58
41265,3,8,49
41266,4,7,37
41267,0,3,28
41268,3,9,44
41269,5,9,44
41270,7,16,99
41271,3,10,66
41272,6,12,63
41273,5,12,64
41274,4,10,54
41275,2,6,38
41276,3,11,64
41277,4,14,86
41278,3,8,47
41279,6,12,60
41280,2,4,21
41281,1,1,7
41282,2,3,20
41283,2,3,13
41284,6,15,80
41285,5,11,59
41286,1,2,12
41287,1,3,18
41288,1,4,20
41289,3,7,36
41290,1,2,14
41291,0,1,8
41292,2,3,15
41293,2,3,16
41294,3,4,23
41295,2,5,22
41296,2,5,31
41297,3,9,57
41298,5,7,32
41299,1,4,26
41300,3,12,80
41301,2,7,43
41302,0,2,16
41303,3,5,22
41304,3,5,24
41305,0,1,9
41306,2,3,20
41307,11,22,112
41308,6,14,72
41309,3,11,65
41310,2,6,36
41311,0,1,12
41312,3,4,25
41313,2,4,24
41314,1,5,31
41315,4,6,27
41316,5,8,37
41317,4,10,56
41318,3,10,76
41319,1,2,18
41320,6,6,26
41321,2,5,39
41322,2,4,25
41323,6,8,43
41324,2,3,16
41325,4,6,51
41326,15,26,141
41327,0,1,5
41328,3,3,13
41329,4,5,19
41330,4,11,57
41331,8,11,51
41332,2,4,21
41333,3,4,22
41334,5,8,38
41335,3,8,41
41336,3,5,30
41337,7,13,73
41338,12,23,123
41339,5,18,110
41340,6,13,77
41341,4,8,52
41342,2,5,36
41343,2,4,19
41344,8,25,159
41345,0,3,18
41346,3,7,40
41347,2,5,27
41348,2,4,25
41349,5,11,70
41350,9,14,76
41351,23,49,304
41352,12,22,104
41353,13,21,112
41354,7,10,45
41355,10,17,91
41356,12,27,159
41357,4,6,29
41358,3,5,22
41359,7,15,102
41360,12,26,127
41361,11,24,143
41362,11,23,136
41363,14,27,180
41364,11,23,121
41365,11,25,149
41366,8,18,100
41367,0,2,15
41368,5,13,75
41369,9,22,153
41370,13,21,123
41371,10,21,116
41372,9,18,90
41373,7,15,100
41374,7,15,78
41375,3,13,89
41376,5,9,52
41377,7,16,101
41378,7,13,68
41379,13,21,102
41380,7,17,101
41381,2,5,35
41382,1,5,33
41383,2,5,37
41384,6,11,64
41385,7,16,136
41386,10,28,182
41387,9,20,132
41388,3,4,22
41389,3,4,17
41390,11,21,123
41391,12,17,100
41392,5,12,82
41393,8,13,64
41394,19,31,167
41395,7,9,71
41396,12,22,107
41397,9,18,103
41398,8,12,66
41399,10,19,100
41400,4,9,62
41401,4,9,52
41402,15,29,154
41403,13,23,126
41404,3,5,29
41405,9,15,70
41406,9,15,87
41407,7,14,81
41408,15,28,145
41409,1,5,50
41410,12,23,127
41411,2,6,38
41412,3,7,40
41413,5,8,35
41414,22,38,191
41415,5,15,98
41416,26,35,160
41417,6,10,62
41418,16,27,154
41419,3,5,39
41420,2,6,35
41421,1,4,33
41422,1,3,19
41423,15,27,146
41424,12,21,123
41425,2,4,30
41426,4,7,51
41427,2,5,40
41428,1,3,19
41429,3,7,46
41430,0,0,2
41431,9,11,61
41432,5,8,43
41433,7,14,86
41434,5,9,44
41435,5,7,34
41436,4,7,60
41437,0,5,54
41438,4,6,33
41439,3,5,27
41440,15,29,154
41441,13,27,151
41442,5,12,68
41443,3,4,23
41444,3,5,25
41445,6,13,91
41446,8,14,80
41447,0,0,2
41448,11,21,121
41449,9,17,94
41450,7,13,67
41451,14,27,142
41452,28,48,250
41453,9,15,93
41454,5,10,57
41455,7,14,84
41456,8,16,110
41457,8,16,103
41458,4,11,80
41459,6,12,83
41460,9,21,132
41461,4,4,29
41462,3,7,44
41463,2,3,25
41464,5,7,41
41465,5,7,37
41466,1,4,33
41467,8,17,83
41468,1,2,19
41469,1,2,12
41470,3,7,46
41471,1,4,27
41472,4,7,36
41473,5,11,60
41474,2,3,15
41475,9,13,60
41476,18,37,217
41477,14,24,142
41478,11,18,91
41479,6,12,66
41480,19,37,215
41481,14,32,152
41482,6,14,85
41483,10,21,134
41484,19,31,172
41485,20,37,200
41486,18,40,243
41487,3,5,32
41488,9,14,72
41489,6,17,93
41490,12,24,151
41491,7,18,98
41492,16,31,188
41493,15,33,187
41494,14,25,167
41495,8,14,73
41496,8,13,77
41497,20,38,188
41498,3,8,48
41499,10,20,111
41500,10,19,99
41501,13,26,160
41502,8,14,81
41503,28,46,254
41504,9,18,89
41505,5,12,74
41506,7,10,62
41507,12,26,144
41508,6,13,70
41509,3,5,39
41510,5,9,63
41511,2,6,37
41512,3,10,65
41513,6,11,56
41514,5,11,71
41515,7,13,64
41516,0,1,11
41517,4,10,64
41518,5,13,80
41519,2,5,29
41520,5,12,71
41521,9,24,159
41522,6,11,55
41523,5,8,42
41524,10,25,158
41525,11,22,159
41526,18,39,236
41527,5,11,62
41528,5,9,49
41529,17,32,181
41530,9,18,92
41531,18,37,210
41532,1,2,9
41533,18,33,186
41534,13,27,152
41535,15,26,148
41536,15,30,178
41537,3,7,46
41538,8,13,75
41539,5,9,46
41540,7,14,87
41541,24,48,276
41542,17,33,201
41543,11,19,93
41544,5,15,85
41545,1,3,19
41546,16,35,198
41547,6,13,72
41548,11,16,94
41549,10,13,72
41550,6,8,45
41551,0,3,22
41552,7,18,111
41553,5,11,68
41554,4,11,75
41555,6,12,75
41556,2,6,36
41557,7,17,103
41558,2,7,39
41559,16,24,136
41560,14,30,172
41561,19,34,181
41562,5,10,49
41563,16,34,178
41564,7,18,101
41565,3,12,91
41566,5,11,70
41567,5,14,93
41568,5,12,90
41569,2,5,30
41570,3,8,55
41571,4,7,32
41572,12,25,133
41573,6,16,88
41574,2,6,54
41575,1,2,11
41576,5,9,51
41577,4,8,45
41578,9,18,98
41579,8,22,131
41580,21,46,271
41581,16,37,219
41582,1,3,28
41583,18,37,198
41584,1,4,32
41585,17,38,220
41586,22,37,209
41587,15,24,131
41588,10,24,143
41589,16,25,119
41590,7,11,53
41591,2,6,37
41592,7,15,107
41593,13,31,188
41594,21,36,193
41595,12,25,131
41596,26,53,284
41597,4,8,41
41598,18,32,148
41599,5,10,48
41600,9,15,75
41601,7,10,47
41602,4,8,45
41603,11,20,99
41604,26,50,260
41605,5,8,40
41606,3,5,28
41607,5,10,49
41608,1,2,32
41609,4,6,28
41610,1,3,15
41611,9,15,67
41612,2,4,17
41613,3,4,16
41614,9,15,85
41615,16,27,124
41616,13,22,103
41617,4,6,32
41618,7,14,75
41619,7,12,51
41620,4,7,38
41621,4,6,30
41622,4,6,32
41623,1,4,21
41624,4,6,27
41625,2,6,27
41626,3,4,20
41627,4,8,45
41628,2,4,24
41629,2,5,25
41630,3,5,26
41631,1,4,25
41632,3,6,31
41633,4,6,32
41634,0,1,18
41635,1,2,12
41636,2,4,23
41637,1,2,12
41638,3,6,38
41639,1,3,22
41640,4,5,25
41641,1,4,22
41642,5,8,44
41643,0,2,12
41644,3,7,39
41645,2,4,30
41646,1,3,18
41647,1,2,13
41648,1,4,33
41649,10,18,96
41650,1,4,30
41651,4,8,39
41652,1,2,11
41653,3,3,16
41654,4,6,30
41655,0,3,18
41656,2,4,21
41657,1,3,20
41658,2,3,15
41659,3,4,19
41660,0,1,10
41661,1,2,11
41662,1,3,17
41663,1,1,5
41664,1,1,8
41665,7,13,71
41666,4,8,38
41667,4,8,47
41668,1,5,26
41669,0,3,19
41670,2,6,27
41671,5,8,39
41672,0,2,13
41673,5,8,44
41674,1,1,5
41675,4,7,33
41676,9,13,57
41677,7,11,49
41678,2,4,22
41679,7,12,62
41680,3,5,33
41681,1,4,17
41682,11,19,99
41683,10,19,93
41684,6,14,66
41685,18,29,139
41686,3,8,43
41687,4,11,64
41688,5,10,48
41689,19,34,174
41690,3,6,35
41691,3,4,28
41692,4,6,32
41693,1,3,20
41694,3,5,29
41695,3,8,38
41696,2,3,19
41697,5,7,39
41698,0,1,12
41699,0,1,14
41700,3,8,38
41701,2,3,19
41702,3,5,28
41703,2,6,36
41704,2,5,34
41705,1,2,11
41706,1,3,14
41707,2,6,32
41708,6,10,59
41709,1,4,22
41710,7,11,50
41711,3,6,27
41712,2,2,10
41713,3,8,43
41714,3,6,35
41715,0,1,13
41716,2,3,18
41717,9,15,71
41718,10,14,63
41719,3,5,29
41720,9,14,65
41721,2,5,39
41722,5,8,41
41723,0,1,9
41724,1,4,28
41725,1,2,11
41726,2,4,24
41727,3,6,38
41728,2,6,29
41729,15,24,115
41730,7,13,60
41731,3,3,14
41732,2,3,15
41733,22,42,209
41734,20,34,175
41735,3,6,36
41736,3,7,48
41737,5,12,57
41738,8,13,57
41739,3,9,50
41740,3,6,35
41741,7,12,54
41742,4,6,28
41743,6,11,60
41744,37,60,307
41745,14,25,127
41746,26,43,236
41747,4,7,34
41748,4,8,44
41749,6,10,49
41750,13,22,124
41751,12,19,91
41752,4,10,53
41753,11,16,84
41754,3,8,40
41755,24,45,220
41756,3,6,27
41757,6,9,43
41758,3,3,12
41759,17,30,159
41760,3,6,25
41761,25,37,192
41762,9,12,59
41763,4,8,36
41764,6,10,46
41765,3,6,29
41766,6,7,29
41767,4,8,40
41768,5,7,34
41769,12,16,71
41770,3,6,31
41771,5,8,45
41772,1,1,10
41773,2,2,14
41774,6,11,67
41775,3,5,30
41776,1,4,26
41777,6,11,53
41778,2,5,23
41779,3,5,27
41780,3,6,30
41781,4,8,39
41782,7,8,44
41783,14,29,153
41784,4,6,31
41785,2,6,30
41786,24,38,174
41787,1,3,23
41788,1,2,17
41789,1,4,31
41790,1,2,26
41791,4,6,29
41792,1,4,23
41793,1,4,21
41794,4,7,32
41795,3,5,23
41796,2,4,21
41797,1,2,16
41798,2,4,25
41799,1,3,22
41800,1,2,16
41801,1,3,26
41802,2,4,24
41803,1,2,15
41804,3,5,29
41805,2,5,29
41806,0,2,18
41807,3,5,23
41808,3,7,35
41809,4,8,41
41810,3,5,32
41811,1,2,12
41812,4,7,34
41813,4,7,33
41814,4,7,30
41815,22,35,187
41816,8,13,73
41817,5,8,48
41818,53,93,545
41819,12,33,226
41820,12,22,128
41821,18,46,306
41822,13,28,159
41823,5,9,56
41824,35,77,439
41825,7,17,94
41826,17,38,254
41827,28,54,281
41828,15,32,185
41829,11,25,156
41830,20,38,218
41831,14,28,170
41832,6,7,31
41833,18,31,160
41834,18,30,166
41835,8,19,102
41836,12,27,151
41837,8,11,49
41838,7,10,51
41839,37,64,353
41840,17,30,177
41841,11,20,106
41842,6,10,57
41843,9,17,83
41844,4,9,62
41845,5,9,48
41846,7,9,45
41847,38,59,275
41848,21,37,213
41849,11,28,154
41850,21,40,242
41851,22,41,226
41852,38,74,409
41853,13,23,126
41854,2,6,46
41855,5,12,75
41856,10,16,101
41857,21,34,161
41858,8,17,93
41859,13,18,92
41860,16,32,177
41861,39,64,354
41862,12,23,134
41863,20,30,171
41864,9,20,127
41865,11,17,83
41866,18,36,202
41867,13,26,134
41868,11,21,108
41869,2,4,34
41870,25,48,261
41871,16,26,145
41872,31,61,324
41873,22,46,253
41874,17,28,141
41875,46,87,491
41876,19,36,199
41877,6,11,65
41878,9,13,72
41879,5,10,62
41880,10,16,109
41881,17,34,192
41882,6,9,49
41883,5,7,38
41884,16,31,164
41885,11,19,110
41886,6,11,58
41887,4,10,57
41888,3,7,47
41889,16,29,164
41890,17,31,160
41891,15,20,101
41892,8,16,87
41893,9,17,88
41894,19,34,166
41895,16,23,110
41896,7,9,47
41897,9,19,104
41898,9,11,50
41899,6,15,79
41900,5,12,65
41901,7,17,96
41902,9,17,85
41903,10,20,104
41904,7,13,73
41905,3,5,32
41906,9,21,109
41907,13,17,91
41908,3,11,65
41909,5,7,30
41910,16,30,147
41911,4,7,49
41912,13,29,152
41913,12,24,131
41914,9,18,102
41915,7,15,87
41916,14,24,120
41917,9,19,109
41918,15,35,196
41919,7,18,98
41920,18,32,166
41921,12,23,131
41922,2,6,44
41923,0,2,17
41924,0,2,18
41925,0,2,21
41926,0,2,23
41927,4,4,24
41928,6,7,46
41929,15,24,142
41930,18,33,184
41931,5,8,35
41932,16,33,199
41933,7,13,64
41934,19,39,220
41935,17,33,182
41936,4,8,57
41937,17,29,143
41938,4,4,25
41939,5,8,40
41940,0,8,55
41941,3,9,58
41942,0,5,35
41943,4,8,50
41944,0,4,29
41945,2,6,39
41946,4,7,38
41947,5,8,43
41948,9,15,78
41949,3,10,71
41950,2,4,32
41951,2,6,32
41952,2,4,33
41953,3,7,41
41954,8,14,72
41955,3,4,23
41956,2,4,24
41957,1,2,23
41958,4,7,47
41959,6,9,44
41960,3,5,28
41961,2,7,45
41962,8,15,93
41963,7,10,55
41964,5,10,54
41965,12,18,97
41966,7,10,50
41967,0,3,17
41968,1,1,13
41969,0,1,14
41970,2,4,24
41971,6,8,38
41972,10,20,97
41973,5,12,76
41974,5,16,104
41975,8,16,85
41976,2,8,63
41977,14,23,140
41978,9,17,127
41979,10,25,160
41980,13,18,88
41981,6,13,68
41982,16,30,146
41983,0,2,15
41984,2,5,32
41985,6,12,63
41986,4,7,38
41987,16,31,159
41988,3,7,41
41989,19,31,160
41990,7,19,87
41991,1,4,31
41992,1,2,15
41993,5,10,59
41994,2,5,25
41995,1,3,19
41996,8,13,63
41997,17,28,151
41998,4,11,55
41999,16,26,118
42000,10,23,123
42001,6,11,72
42002,8,18,94
42003,19,26,131
42004,6,14,89
42005,20,39,225
42006,9,17,96
42007,20,36,190
42008,16,30,158
42009,8,16,110
42010,5,10,58
42011,14,29,158
42012,17,23,111
42013,7,11,58
42014,9,14,67
42015,9,14,71
42016,5,13,63
42017,5,12,69
42018,7,12,74
42019,0,2,12
42020,8,14,97
42021,15,26,128
42022,10,21,127
42023,8,19,120
42024,9,25,171
42025,4,9,53
42026,4,9,62
42027,12,25,133
42028,3,6,28
42029,7,12,66
42030,7,11,62
42031,15,28,182
42032,8,18,111
42033,24,57,337
42034,11,19,130
42035,19,35,179
42036,22,47,287
42037,5,13,75
42038,13,22,123
42039,22,38,227
42040,17,28,146
42041,21,36,213
42042,10,23,141
42043,13,24,128
42044,27,60,350
42045,2,4,24
42046,3,5,23
42047,17,30,172
42048,4,9,72
42049,7,19,111
42050,11,27,161
42051,14,27,150
42052,10,21,123
42053,16,28,162
42054,2,9,78
42055,16,33,192
42056,0,9,62
42057,1,3,24
42058,17,28,153
42059,16,32,205
42060,11,27,176
42061,0,1,17
42062,21,41,245
42063,7,12,70
42064,9,23,130
42065,12,19,114
42066,15,22,109
42067,21,44,277
42068,4,11,82
42069,1,3,23
42070,11,23,143
42071,9,18,86
42072,17,32,172
42073,25,49,269
42074,10,21,117
42075,3,5,37
42076,1,4,28
42077,8,15,82
42078,1,5,39
42079,5,11,60
42080,4,9,50
42081,7,14,69
42082,3,6,37
42083,2,4,26
42084,1,2,14
42085,6,10,52
42086,3,7,40
42087,8,17,106
42088,3,6,32
42089,4,10,57
42090,27,45,246
42091,6,18,108
42092,19,33,174
42093,5,9,59
42094,10,18,94
42095,6,17,113
42096,4,13,85
42097,11,19,109
42098,15,29,167
42099,9,18,111
42100,15,29,157
42101,21,44,253
42102,16,29,177
42103,6,17,99
42104,10,21,141
42105,12,25,143
42106,4,9,47
42107,22,45,232
42108,13,27,147
42109,19,32,184
42110,14,29,179
42111,14,25,140
42112,19,31,173
42113,23,46,242
42114,17,30,165
42115,15,32,173
42116,5,8,43
42117,10,15,87
42118,9,13,61
42119,5,13,80
42120,7,14,63
42121,4,10,81
42122,8,21,119
42123,1,5,35
42124,2,5,32
42125,7,11,59
42126,14,28,160
42127,0,1,12
42128,4,7,35
42129,2,5,31
42130,6,11,65
42131,2,5,27
42132,0,4,29
42133,3,6,32
42134,2,10,57
42135,6,10,49
42136,6,12,62
42137,0,2,11
42138,5,15,100
42139,3,8,48
42140,3,8,40
42141,3,8,49
42142,1,1,12
42143,2,5,30
42144,3,7,47
42145,4,9,45
42146,4,7,44
42147,3,4,26
42148,2,6,40
42149,6,11,54
42150,5,10,64
42151,5,8,46
42152,9,13,70
42153,3,8,46
42154,2,5,28
42155,5,7,36
42156,2,4,24
42157,3,7,44
42158,10,20,99
42159,5,9,49
42160,4,6,27
42161,3,7,49
42162,0,2,20
42163,1,2,12
42164,1,5,36
42165,12,21,119
42166,7,13,73
42167,5,10,54
42168,5,8,48
42169,8,17,96
42170,7,11,59
42171,1,3,16
42172,5,8,47
42173,5,10,59
42174,20,34,171
42175,7,12,58
42176,12,19,96
42177,6,7,36
42178,3,6,33
42179,0,1,17
42180,5,8,45
42181,2,6,43
42182,5,9,65
42183,6,11,61
42184,10,19,90
42185,10,14,80
42186,2,7,39
42187,7,10,49
42188,6,12,66
42189,2,5,38
42190,7,14,79
42191,0,1,13
42192,6,12,65
42193,2,8,50
42194,8,15,80
42195,2,6,40
42196,3,6,32
42197,14,25,132
42198,11,23,122
42199,8,20,129
42200,3,10,73
42201,3,5,35
42202,5,10,55
42203,4,9,56
42204,4,11,68
42205,10,16,73
42206,13,26,132
42207,6,10,47
42208,5,10,51
42209,20,36,181
42210,20,33,157
42211,6,12,60
42212,12,23,122
42213,5,12,64
42214,12,21,106
42215,6,8,44
42216,9,20,114
42217,8,13,68
42218,8,13,71
42219,12,23,128
42220,4,8,41
42221,4,11,64
42222,4,6,38
42223,11,26,139
42224,11,18,82
42225,5,8,44
42226,3,9,57
42227,3,7,41
42228,5,8,36
42229,4,11,77
42230,4,7,35
42231,10,19,92
42232,5,7,35
42233,4,9,68
42234,4,10,52
42235,7,10,45
42236,1,5,29
42237,5,10,59
42238,4,11,70
42239,5,10,53
42240,6,12,73
42241,1,6,38
42242,0,3,21
42243,1,4,22
42244,1,3,27
42245,7,21,152
42246,3,6,36
42247,13,31,186
42248,7,14,73
42249,6,10,50
42250,5,12,66
42251,7,13,75
42252,1,6,43
42253,2,5,29
42254,5,9,48
42255,2,4,27
42256,4,6,31
42257,3,8,52
42258,3,6,31
42259,2,5,35
42260,0,2,21
42261,5,7,34
42262,5,7,31
42263,1,3,24
42264,5,7,37
42265,11,20,117
42266,10,21,132
42267,5,8,45
42268,6,10,65
42269,0,1,14
42270,3,5,29
42271,3,5,31
42272,7,10,59
42273,8,15,78
42274,5,13,79
42275,3,5,29
42276,6,15,79
42277,4,5,28
42278,2,3,15
42279,3,9,60
42280,3,4,30
42281,2,3,20
42282,12,24,121
42283,2,6,38
42284,8,16,86
42285,7,13,78
42286,4,6,31
42287,11,22,115
42288,1,4,22
42289,4,7,43
42290,2,5,37
42291,5,8,38
42292,3,8,43
42293,1,5,26
42294,14,25,123
42295,6,14,86
42296,1,1,7
42297,7,10,45
42298,7,10,42
42299,6,12,64
42300,5,12,72
42301,2,3,15
42302,6,7,28
42303,22,43,255
42304,28,51,259
42305,8,19,110
42306,1,8,70
42307,36,67,384
42308,4,8,49
42309,20,35,173
42310,20,43,288
42311,23,47,287
42312,10,18,87
42313,19,43,282
42314,28,56,329
42315,29,64,386
42316,27,52,294
42317,22,46,254
42318,9,19,119
42319,20,37,191
42320,6,11,60
42321,9,17,107
42322,8,13,62
42323,37,63,358
42324,6,17,104
42325,9,22,134
42326,16,23,112
42327,15,30,168
42328,13,22,111
42329,10,18,95
42330,20,38,223
42331,13,29,181
42332,12,21,128
42333,7,13,65
42334,4,11,56
42335,2,4,26
42336,8,20,135
42337,9,16,84
42338,9,17,81
42339,18,31,164
42340,6,11,53
42341,8,12,56
42342,13,18,85
42343,6,8,43
42344,16,23,108
42345,16,32,161
42346,21,31,176
42347,2,5,28
42348,3,5,33
42349,4,9,47
42350,17,29,157
42351,11,24,132
42352,5,9,41
42353,11,22,115
42354,6,19,117
42355,8,19,126
42356,15,30,161
42357,27,49,289
42358,28,54,331
42359,8,21,161
42360,4,10,48
42361,17,34,205
42362,12,32,225
42363,13,30,161
42364,3,5,30
42365,4,7,40
42366,3,5,25
42367,5,6,34
42368,7,13,62
42369,20,32,182
42370,11,18,91
42371,1,3,15
42372,21,39,209
42373,4,8,45
42374,10,17,87
42375,2,7,47
42376,3,5,22
42377,2,6,43
42378,10,20,99
42379,7,14,76
42380,10,18,96
42381,1,3,15
42382,12,33,221
42383,9,23,138
42384,31,66,410
42385,1,5,33
42386,11,18,119
42387,6,12,62
42388,7,18,96
42389,21,40,225
42390,13,32,194
42391,5,12,67
42392,13,26,164
42393,20,34,177
42394,6,13,72
42395,21,29,138
42396,3,4,22
42397,6,10,63
42398,15,23,122
42399,4,5,29
42400,1,2,9
42401,11,18,87
42402,0,1,12
42403,5,11,59
42404,3,5,28
42405,4,7,35
42406,5,7,38
42407,7,12,67
42408,2,6,34
42409,8,12,68
42410,4,10,58
42411,5,9,48
42412,2,4,30
42413,15,26,187
42414,7,11,62
42415,2,3,21
42416,4,10,68
42417,8,14,82
42418,3,3,19
42419,4,8,44
42420,6,10,52
42421,12,21,114
42422,6,9,49
42423,4,9,47
42424,10,15,63
42425,4,7,37
42426,3,3,24
42427,1,2,9
42428,4,6,37
42429,1,4,26
42430,5,9,58
42431,4,8,46
42432,6,9,44
42433,3,6,32
42434,5,13,75
42435,10,17,99
42436,2,5,45
42437,3,8,38
42438,3,6,26
42439,22,37,177
42440,4,6,34
42441,1,2,9
42442,5,11,74
42443,13,18,102
42444,6,13,67
42445,2,4,22
42446,5,10,53
42447,7,9,44
42448,12,25,139
42449,2,4,28
42450,6,9,47
42451,3,5,31
42452,4,5,31
42453,7,16,95
42454,6,11,61
42455,4,6,30
42456,4,11,60
42457,23,33,159
42458,9,16,91
42459,3,8,50
42460,14,21,100
42461,3,3,21
42462,15,21,96
42463,16,29,175
42464,7,10,55
42465,18,31,178
42466,24,38,189
42467,6,12,62
42468,10,16,76
42469,7,13,74
42470,2,7,44
42471,6,12,68
42472,3,5,27
42473,3,6,38
42474,5,11,64
42475,7,11,66
42476,2,3,13
42477,15,25,139
42478,12,26,153
42479,13,21,107
42480,3,5,26
42481,11,22,121
42482,7,17,92
42483,16,24,113
42484,17,38,197
42485,14,24,139
42486,5,11,71
42487,2,6,42
42488,0,1,4
42489,7,18,99
42490,13,29,167
42491,8,16,83
42492,18,36,187
42493,2,5,42
42494,2,6,50
42495,7,14,84
42496,4,9,53
42497,8,17,96
42498,13,22,112
42499,5,13,69
42500,7,14,70
42501,9,16,85
42502,18,31,158
42503,10,21,109
42504,10,15,70
42505,16,31,159
42506,23,35,174
42507,16,28,131
42508,1,3,20
42509,11,20,116
42510,2,4,26
42511,7,9,52
42512,2,5,33
42513,1,2,14
42514,3,6,34
42515,0,1,9
42516,5,10,69
42517,4,8,48
42518,6,11,54
42519,1,2,10
42520,3,5,49
42521,1,4,36
42522,6,13,71
42523,14,27,146
42524,5,8,41
42525,8,15,89
42526,9,16,76
42527,11,17,83
42528,4,5,22
42529,1,2,24
42530,1,2,10
42531,0,2,20
42532,5,10,64
42533,7,10,52
42534,10,18,107
42535,7,20,121
42536,4,7,44
42537,5,12,73
42538,12,21,115
42539,5,8,40
42540,7,12,53
42541,3,6,27
42542,8,15,83
42543,8,17,93
42544,7,11,56
42545,2,5,33
42546,10,21,120
42547,4,6,32
42548,2,4,25
42549,9,21,112
42550,4,8,32
42551,19,33,168
42552,16,34,197
42553,3,5,27
42554,15,32,184
42555,12,23,132
42556,15,27,157
42557,3,5,22
42558,2,8,46
42559,8,15,85
42560,7,15,74
42561,2,4,19
42562,10,17,85
42563,11,15,92
42564,5,9,46
42565,2,3,20
42566,7,9,43
42567,5,14,80
42568,6,13,93
42569,5,10,43
42570,2,4,25
42571,4,6,28
42572,4,6,25
42573,4,6,30
42574,6,10,50
42575,4,7,40
42576,3,6,38
42577,7,9,49
42578,1,2,9
42579,2,6,39
42580,4,6,33
42581,4,7,40
42582,7,12,55
42583,8,11,64
42584,20,31,158
42585,16,29,139
42586,6,12,48
42587,6,9,37
42588,1,4,26
42589,7,14,70
42590,4,10,49
42591,8,22,117
42592,5,11,64
42593,20,39,218
42594,6,12,54
42595,13,22,101
42596,10,15,68
42597,2,5,34
42598,10,20,95
42599,6,15,71
42600,5,10,52
42601,5,10,55
42602,4,6,26
42603,13,21,106
42604,10,17,92
42605,9,14,84
42606,11,18,83
42607,9,15,84
42608,7,13,62
42609,9,19,130
42610,11,25,120
42611,7,15,78
42612,4,8,43
42613,15,23,105
42614,9,15,74
42615,14,25,137
42616,12,24,125
42617,12,24,150
42618,22,34,181
42619,16,34,185
42620,2,5,31
42621,7,12,65
42622,11,21,134
42623,3,6,50
42624,0,2,20
42625,4,8,52
42626,3,4,24
42627,10,16,91
42628,3,5,32
42629,3,5,36
42630,1,2,9
42631,4,6,37
42632,1,5,32
42633,10,17,80
42634,12,21,131
42635,3,8,38
42636,3,5,30
42637,15,30,158
42638,2,5,41
42639,21,37,210
42640,8,16,80
42641,12,29,152
42642,8,14,73
42643,3,5,24
42644,4,5,29
42645,8,14,77
42646,25,46,254
42647,8,12,60
42648,10,22,114
42649,20,36,201
42650,14,27,158
42651,32,51,279
42652,3,6,42
42653,1,2,11
42654,3,5,34
42655,7,10,47
42656,1,5,30
42657,5,9,48
42658,7,15,80
42659,2,5,37
42660,5,6,47
42661,1,2,15
42662,1,2,18
42663,3,5,29
42664,3,7,57
42665,8,16,88
42666,4,5,25
42667,5,10,63
42668,19,35,188
42669,5,7,34
42670,5,9,46
42671,10,15,82
42672,2,3,19
42673,4,5,27
42674,4,6,27
42675,15,23,117
42676,3,7,45
42677,3,5,36
42678,7,12,71
42679,3,5,32
42680,7,16,99
42681,10,21,111
42682,13,23,108
42683,6,13,66
42684,1,3,15
42685,1,4,38
42686,2,5,39
42687,3,7,43
42688,10,17,80
42689,3,9,48
42690,3,7,34
42691,2,6,41
42692,7,12,68
42693,4,8,46
42694,1,2,15
42695,14,25,152
42696,5,10,49
42697,3,6,35
42698,12,19,90
42699,14,24,126
42700,3,5,24
42701,12,23,141
42702,13,23,108
42703,10,20,103
42704,2,6,29
42705,14,29,148
42706,8,17,98
42707,4,8,41
42708,5,7,41
42709,10,18,100
42710,10,19,95
42711,4,10,48
42712,2,4,22
42713,18,35,183
42714,8,19,104
42715,2,4,22
42716,9,19,101
42717,5,12,61
42718,4,7,46
42719,0,1,7
42720,50,90,482
42721,1,2,13
42722,8,13,68
42723,2,7,39
42724,0,1,6
42725,6,14,69
42726,1,3,23
42727,7,13,71
42728,2,5,32
42729,2,3,17
42730,9,13,73
42731,1,3,22
42732,6,11,64
42733,1,4,23
42734,9,12,59
42735,0,2,13
42736,4,11,71
42737,6,14,82
42738,22,44,242
42739,8,9,38
42740,18,28,126
42741,10,24,139
42742,5,10,55
42743,6,11,56
42744,6,14,84
42745,0,3,23
42746,6,8,50
42747,5,12,62
42748,1,3,19
42749,6,11,73
42750,11,19,97
42751,4,8,48
42752,2,5,27
42753,13,25,119
42754,6,14,85
42755,1,3,21
42756,4,7,43
42757,4,7,42
42758,3,5,31
42759,1,5,28
42760,1,2,14
42761,3,7,41
42762,3,7,45
42763,0,3,32
42764,1,3,19
42765,4,8,45
42766,1,4,20
42767,6,11,60
42768,6,11,58
42769,5,13,68
42770,8,13,67
42771,6,16,93
42772,6,9,47
42773,1,4,25
42774,8,10,45
42775,3,8,40
42776,10,13,59
42777,6,12,73
42778,1,3,18
42779,1,3,23
42780,2,5,27
42781,9,18,98
42782,6,11,59
42783,1,3,19
42784,2,5,30
42785,5,10,50
42786,1,3,21
42787,4,9,49
42788,1,4,26
42789,3,3,20
42790,0,1,13
42791,7,13,71
42792,8,16,77
42793,1,4,29
42794,3,6,38
42795,4,7,36
42796,5,12,61
42797,3,8,51
42798,6,9,51
42799,19,35,200
42800,5,7,38
42801,4,6,32
42802,16,33,179
42803,4,8,35
42804,2,5,35
42805,12,22,123
42806,3,5,25
42807,13,26,147
42808,4,8,42
42809,3,5,30
42810,6,12,58
42811,3,7,38
42812,3,6,27
42813,5,8,42
42814,11,18,96
42815,1,4,34
42816,6,9,49
42817,6,9,55
42818,1,3,17
42819,7,12,60
42820,3,8,45
42821,5,11,56
42822,2,7,38
42823,4,8,51
42824,9,16,82
42825,4,5,22
42826,4,6,34
42827,0,3,30
42828,6,9,34
42829,6,10,49
42830,5,11,54
42831,7,13,66
42832,8,12,65
42833,2,5,36
42834,7,13,72
42835,7,12,58
42836,4,9,51
42837,0,1,9
42838,8,13,67
42839,11,20,116
42840,3,6,38
42841,4,4,23
42842,9,18,102
42843,22,41,230
42844,6,10,55
42845,5,7,32
42846,6,9,48
42847,9,22,126
42848,5,9,48
42849,8,18,93
42850,2,7,54
42851,7,15,94
42852,0,1,9
42853,3,8,42
42854,7,11,61
42855,2,8,48
42856,4,8,37
42857,1,4,33
42858,5,9,58
42859,4,7,43
42860,1,5,27
42861,2,5,31
42862,2,6,34
42863,1,2,16
42864,1,3,22
42865,1,2,8
42866,0,1,6
42867,1,6,39
42868,8,13,63
42869,3,11,60
42870,12,18,87
42871,3,7,46
42872,4,9,49
42873,1,8,62
42874,10,20,106
42875,6,16,87
42876,1,4,26
42877,7,14,76
42878,4,9,53
42879,8,15,85
42880,5,8,43
42881,4,11,59
42882,2,5,29
42883,3,4,19
42884,6,14,84
42885,2,5,31
42886,2,6,37
42887,6,12,71
42888,6,10,55
42889,5,7,35
42890,6,13,64
42891,6,10,50
42892,6,12,63
42893,3,6,37
42894,10,21,127
42895,4,9,53
42896,5,9,43
42897,5,12,70
42898,3,11,72
42899,3,11,62
42900,5,9,44
42901,6,16,95
42902,4,10,61
42903,1,7,47
42904,5,10,43
42905,2,5,25
42906,6,10,53
42907,3,5,36
42908,7,13,65
42909,7,10,56
42910,6,8,52
42911,1,5,32
42912,2,5,30
42913,3,6,41
42914,6,14,85
42915,5,8,40
42916,11,21,114
42917,5,13,69
42918,14,22,127
42919,7,18,115
42920,8,21,136
42921,6,10,57
42922,11,19,104
42923,8,12,62
42924,7,13,63
42925,5,9,49
42926,12,20,102
42927,3,9,57
42928,10,20,99
42929,4,5,28
42930,5,9,48
42931,3,7,38
42932,6,10,46
42933,5,11,60
42934,7,11,64
42935,19,34,193
42936,2,10,60
42937,3,6,35
42938,12,26,139
42939,5,10,53
42940,9,15,74
42941,3,5,26
42942,4,6,26
42943,4,9,52
42944,14,24,121
42945,0,4,29
42946,2,6,40
42947,10,14,64
42948,7,11,57
42949,9,20,99
42950,3,5,30
42951,7,14,77
42952,6,10,52
42953,2,6,44
42954,5,13,64
42955,6,11,72
42956,10,19,110
42957,4,5,23
42958,6,11,58
42959,5,10,50
42960,6,11,85
42961,13,33,202
42962,5,11,66
42963,6,10,54
42964,7,13,77
42965,9,16,81
42966,9,14,78
42967,8,13,66
42968,8,19,112
42969,3,7,32
42970,9,26,179
42971,4,7,36
42972,8,14,75
42973,14,23,118
42974,9,15,77
42975,4,8,40
42976,13,22,108
42977,8,13,71
42978,6,10,43
42979,9,14,68
42980,17,30,160
42981,5,11,61
42982,3,6,35
42983,11,16,85
42984,22,41,219
42985,9,15,82
42986,3,6,30
42987,11,18,92
42988,15,24,133
42989,4,10,68
42990,3,6,33
42991,4,5,27
42992,7,13,68
42993,2,5,35
42994,4,5,24
42995,4,5,21
42996,9,15,79
42997,4,7,36
42998,5,10,57
42999,1,2,24
43000,14,25,127
43001,10,18,100
43002,7,14,73
43003,6,11,61
43004,3,4,23
43005,8,15,75
43006,9,15,82
43007,4,7,40
43008,9,13,56
43009,8,14,72
43010,9,15,73
43011,7,16,97
43012,6,9,41
43013,4,6,23
43014,3,9,56
43015,3,6,34
43016,6,9,43
43017,13,21,95
43018,4,7,43
43019,3,4,25
43020,7,15,79
43021,5,7,29
43022,9,18,99
43023,5,9,48
43024,4,8,43
43025,1,6,45
43026,5,12,68
43027,5,8,45
43028,3,6,36
43029,6,14,88
43030,7,9,45
43031,6,8,39
43032,8,16,84
43033,5,8,42
43034,4,9,47
43035,5,9,41
43036,7,14,81
43037,9,16,91
43038,2,4,25
43039,5,12,57
43040,12,22,120
43041,5,10,51
43042,2,4,25
43043,2,3,23
43044,5,9,52
43045,11,25,127
43046,4,7,37
43047,2,5,28
43048,9,17,95
43049,2,7,50
43050,3,3,18
43051,5,10,61
43052,6,11,72
43053,2,4,21
43054,0,0,2
43055,3,10,60
43056,5,11,59
43057,1,1,15
43058,4,6,38
43059,4,6,31
43060,2,4,28
43061,4,10,79
43062,10,17,105
43063,6,10,45
43064,9,18,83
43065,11,22,135
43066,1,2,11
43067,6,9,40
43068,7,13,64
43069,4,8,44
43070,10,25,153
43071,17,30,160
43072,9,19,105
43073,17,27,145
43074,15,31,208
43075,8,19,110
43076,9,17,104
43077,17,26,127
43078,6,14,99
43079,3,5,32
43080,20,34,189
43081,2,4,33
43082,2,10,68
43083,5,12,75
43084,7,12,58
43085,6,7,32
43086,4,11,71
43087,23,42,288
43088,7,20,125
43089,6,11,76
43090,16,33,182
43091,10,22,125
43092,2,3,17
43093,8,18,106
43094,6,13,73
43095,4,10,61
43096,3,4,22
43097,0,0,2
43098,3,7,41
43099,3,6,33
43100,4,9,54
43101,3,4,23
43102,3,5,28
43103,0,0,2
43104,3,6,33
43105,2,6,27
43106,6,12,51
43107,4,10,59
43108,2,6,33
43109,3,6,39
43110,1,4,25
43111,2,5,34
43112,0,0,2
43113,0,3,22
43114,8,15,93
43115,5,5,34
43116,2,3,28
43117,1,3,18
43118,7,13,70
43119,2,4,24
43120,2,4,16
43121,7,15,82
43122,7,13,67
43123,7,12,73
43124,2,5,28
43125,9,13,72
43126,6,11,58
43127,14,22,110
43128,5,10,52
43129,4,10,60
43130,4,7,39
43131,0,0,2
43132,0,2,17
43133,5,8,44
43134,2,3,24
43135,10,22,125
43136,11,23,112
43137,7,12,58
43138,7,16,107
43139,1,3,18
43140,10,18,102
43141,4,10,59
43142,3,6,32
43143,2,3,14
43144,5,15,91
43145,4,6,40
43146,14,24,115
43147,7,13,66
43148,5,6,34
43149,5,13,86
43150,7,14,66
43151,8,11,45
43152,7,11,61
43153,10,17,96
43154,2,3,21
43155,5,10,54
43156,14,26,126
43157,11,20,113
43158,9,21,115
43159,0,3,24
43160,10,25,144
43161,8,20,115
43162,14,25,140
43163,14,24,124
43164,15,28,151
43165,8,19,103
43166,14,26,143
43167,12,26,171
43168,11,23,122
43169,18,40,230
43170,20,41,225
43171,8,18,105
43172,9,17,74
43173,19,34,176
43174,2,3,16
43175,12,21,127
43176,17,33,176
43177,12,32,195
43178,8,23,159
43179,0,1,9
43180,4,8,41
43181,0,3,18
43182,3,4,29
43183,10,21,136
43184,5,9,55
43185,5,8,52
43186,10,21,102
43187,7,13,65
43188,0,6,35
43189,16,26,141
43190,17,30,165
43191,3,8,51
43192,9,18,108
43193,9,16,85
43194,10,16,74
43195,7,9,45
43196,6,15,79
43197,12,23,131
43198,11,23,139
43199,7,13,62
43200,9,14,82
43201,13,25,129
43202,16,26,140
43203,4,12,76
43204,10,18,93
43205,8,16,86
43206,7,18,106
43207,3,8,45
43208,6,11,63
43209,13,20,98
43210,5,10,54
43211,4,10,58
43212,2,4,25
43213,9,13,63
43214,7,14,75
43215,4,9,40
43216,11,22,119
43217,4,11,63
43218,1,5,31
43219,2,5,36
43220,8,13,63
43221,3,6,31
43222,5,13,74
43223,6,10,50
43224,5,11,60
43225,8,17,98
43226,4,10,65
43227,6,22,125
43228,5,15,85
43229,28,44,222
43230,3,8,46
43231,7,14,75
43232,5,12,67
43233,12,21,121
43234,6,18,112
43235,3,7,42
43236,4,14,83
43237,11,20,105
43238,10,18,84
43239,10,19,106
43240,7,9,42
43241,5,13,78
43242,3,6,34
43243,10,20,109
43244,9,17,97
43245,9,22,140
43246,6,13,82
43247,7,15,80
43248,5,13,87
43249,10,18,84
43250,3,4,22
43251,2,5,31
43252,4,7,36
43253,4,7,35
43254,0,0,2
43255,11,16,75
43256,12,19,95
43257,19,31,158
43258,8,18,93
43259,3,4,20
43260,6,10,51
43261,2,4,24
43262,6,6,27
43263,5,10,53
43264,4,7,33
43265,3,9,52
43266,2,2,9
43267,10,19,107
43268,3,5,22
43269,5,6,30
43270,2,4,23
43271,6,15,93
43272,11,22,125
43273,3,6,28
43274,8,13,61
43275,7,12,58
43276,5,15,91
43277,5,9,48
43278,6,14,94
43279,7,11,46
43280,9,17,81
43281,6,11,56
43282,6,12,61
43283,6,9,45
43284,9,15,67
43285,3,6,31
43286,5,8,46
43287,11,18,89
43288,15,28,148
43289,7,14,78
43290,2,6,47
43291,9,18,101
43292,5,14,73
43293,13,24,115
43294,19,34,192
43295,13,25,131
43296,7,15,72
43297,7,17,103
43298,3,6,38
43299,2,6,39
43300,1,4,22
43301,10,20,113
43302,15,26,125
43303,10,18,91
43304,5,10,52
43305,9,14,70
43306,4,8,32
43307,10,16,74
43308,6,8,37
43309,6,13,68
43310,6,10,42
43311,12,20,99
43312,6,12,67
43313,5,9,50
43314,7,15,77
43315,7,13,63
43316,8,18,94
43317,1,4,26
43318,5,12,73
43319,10,19,98
43320,6,12,65
43321,4,7,34
43322,4,8,34
43323,10,16,81
43324,8,15,79
43325,6,14,96
43326,9,16,77
43327,11,17,74
43328,13,20,98
43329,8,15,79
43330,14,21,108
43331,16,27,153
43332,9,22,134
43333,8,14,67
43334,10,24,132
43335,6,11,52
43336,5,11,56
43337,12,21,121
43338,4,10,60
43339,4,7,50
43340,6,9,56
43341,6,8,33
43342,8,16,93
43343,8,23,132
43344,4,8,44
43345,4,9,69
43346,17,38,249
43347,6,11,51
43348,17,36,204
43349,10,20,118
43350,10,19,110
43351,1,6,40
43352,13,23,118
43353,9,13,62
43354,5,7,35
43355,15,29,142
43356,15,26,140
43357,2,8,80
43358,1,3,19
43359,4,8,65
43360,7,17,104
43361,12,20,102
43362,1,2,11
43363,21,33,181
43364,7,12,68
43365,6,13,87
43366,3,8,48
43367,2,3,13
43368,11,20,98
43369,9,15,77
43370,7,16,103
43371,5,13,83
43372,14,28,168
43373,15,30,154
43374,11,20,101
43375,0,2,16
43376,2,5,26
43377,1,3,18
43378,1,6,35
43379,8,12,65
43380,3,8,57
43381,3,5,34
43382,11,20,116
43383,13,24,117
43384,7,11,65
43385,2,5,35
43386,5,8,47
43387,0,2,15
43388,4,5,18
43389,3,5,30
43390,5,10,60
43391,9,13,73
43392,5,7,32
43393,3,10,58
43394,4,6,29
43395,4,7,53
43396,5,9,47
43397,6,14,84
43398,9,15,83
43399,6,11,70
43400,7,12,66
43401,9,22,130
43402,3,9,69
43403,2,6,44
43404,9,15,82
43405,0,3,25
43406,3,6,34
43407,8,13,63
43408,7,16,85
43409,2,4,19
43410,3,5,29
43411,3,5,27
43412,10,22,120
43413,5,10,56
43414,13,24,138
43415,10,23,143
43416,4,10,51
43417,5,8,61
43418,9,15,85
43419,5,9,53
43420,5,11,76
43421,8,14,74
43422,4,9,53
43423,13,27,161
43424,0,2,16
43425,10,22,125
43426,6,12,63
43427,5,8,48
43428,2,5,37
43429,7,16,88
43430,7,14,72
43431,6,13,65
43432,12,21,114
43433,6,9,47
43434,10,19,121
43435,10,21,115
43436,6,10,45
43437,14,24,141
43438,8,14,77
43439,21,41,283
43440,6,15,75
43441,2,5,27
43442,3,9,56
43443,8,16,97
43444,4,7,40
43445,15,29,170
43446,5,8,38
43447,12,23,122
43448,16,31,175
43449,10,17,91
43450,15,31,205
43451,8,17,87
43452,5,12,65
43453,5,12,80
43454,8,11,48
43455,3,7,43
43456,5,12,62
43457,4,8,40
43458,4,7,40
43459,1,2,21
43460,11,21,120
43461,3,7,38
43462,1,5,36
43463,13,28,160
43464,5,10,55
43465,10,22,140
43466,14,25,125
43467,14,23,124
43468,2,2,11
43469,4,7,35
43470,9,19,104
43471,6,10,49
43472,5,11,63
43473,8,17,103
43474,8,15,90
43475,12,22,124
43476,10,16,80
43477,9,20,157
43478,9,20,108
43479,0,3,31
43480,5,9,45
43481,3,5,31
43482,7,13,73
43483,0,3,32
43484,3,6,31
43485,1,3,17
43486,5,12,75
43487,8,15,88
43488,15,25,121
43489,1,2,12
43490,6,14,92
43491,3,12,77
43492,6,11,61
43493,3,8,45
43494,1,6,48
43495,1,6,38
43496,3,6,31
43497,2,5,25
43498,7,17,132
43499,3,9,56
43500,3,6,37
43501,4,9,52
43502,8,17,122
43503,4,6,33
43504,13,24,114
43505,12,23,138
43506,8,18,142
43507,6,12,73
43508,2,6,40
43509,22,38,208
43510,14,26,138
43511,5,9,48
43512,17,31,166
43513,2,6,40
43514,10,16,77
43515,6,10,44
43516,2,6,30
43517,29,54,314
43518,5,12,86
43519,4,10,66
43520,2,6,39
43521,6,13,69
43522,2,6,69
43523,9,18,104
43524,13,29,173
43525,4,5,31
43526,6,14,85
43527,3,6,38
43528,7,16,92
43529,2,7,38
43530,8,17,124
43531,4,8,49
43532,1,6,45
43533,6,11,59
43534,11,21,117
43535,2,5,31
43536,21,34,171
43537,11,18,88
43538,6,13,76
43539,16,23,109
43540,5,7,45
43541,6,20,159
43542,5,6,34
43543,0,1,6
43544,4,8,37
43545,13,21,95
43546,3,6,34
43547,6,11,52
43548,9,18,108
43549,5,10,65
43550,6,16,96
43551,0,3,25
43552,0,2,22
43553,3,6,33
43554,0,1,6
43555,4,11,55
43556,9,18,89
43557,0,3,31
43558,5,8,40
43559,7,12,78
43560,10,16,94
43561,6,7,29
43562,9,18,91
43563,6,16,93
43564,4,7,40
43565,7,12,65
43566,5,9,56
43567,2,4,18
43568,11,18,100
43569,11,27,154
43570,11,24,125
43571,11,21,110
43572,25,47,259
43573,5,9,51
43574,5,10,50
43575,2,6,36
43576,17,21,103
43577,2,4,18
43578,10,15,85
43579,4,8,41
43580,2,3,15
43581,2,6,34
43582,20,37,200
43583,4,7,39
43584,5,10,46
43585,8,9,43
43586,35,67,357
43587,20,37,194
43588,13,21,101
43589,12,25,133
43590,1,3,15
43591,0,1,8
43592,5,7,33
43593,21,33,170
43594,36,67,401
43595,3,7,44
43596,7,16,104
43597,4,10,67
43598,1,4,29
43599,3,8,49
43600,7,10,55
43601,3,6,55
43602,7,23,145
43603,2,4,20
43604,0,1,7
43605,2,5,46
43606,4,8,38
43607,2,7,47
43608,1,5,33
43609,16,34,209
43610,8,18,91
43611,10,19,100
43612,5,10,57
43613,10,24,156
43614,1,4,26
43615,2,2,19
43616,2,4,23
43617,24,44,233
43618,12,23,122
43619,24,37,196
43620,3,8,40
43621,9,16,93
43622,1,6,44
43623,4,6,33
43624,4,7,42
43625,1,7,44
43626,4,6,29
43627,9,16,77
43628,1,4,29
43629,1,3,15
43630,2,5,25
43631,4,10,54
43632,10,15,65
43633,7,16,85
43634,8,14,82
43635,1,3,23
43636,0,1,8
43637,1,2,20
43638,4,11,67
43639,3,7,45
43640,0,1,7
43641,7,10,46
43642,12,21,96
43643,7,15,80
43644,1,2,13
43645,4,7,37
43646,10,20,121
43647,2,4,28
43648,7,8,41
43649,2,4,27
43650,4,8,54
43651,2,4,15
43652,15,28,162
43653,17,33,172
43654,10,18,113
43655,6,12,69
43656,28,51,303
43657,6,12,60
43658,6,10,57
43659,10,17,85
43660,10,16,77
43661,6,11,59
43662,10,17,95
43663,6,15,91
43664,12,18,90
43665,7,12,58
43666,13,25,143
43667,6,8,40
43668,19,32,175
43669,5,9,69
43670,1,3,22
43671,3,8,53
43672,10,18,90
43673,17,38,196
43674,10,21,135
43675,3,5,32
43676,14,28,178
43677,10,18,85
43678,6,13,82
43679,3,7,37
43680,29,46,235
43681,1,1,4
43682,5,8,42
43683,4,10,55
43684,3,7,36
43685,4,6,37
43686,7,15,88
43687,14,28,148
43688,6,14,75
43689,2,5,25
43690,6,14,72
43691,3,8,49
43692,6,13,67
43693,3,7,37
43694,3,9,49
43695,4,8,43
43696,15,23,114
43697,15,23,122
43698,10,14,75
43699,17,36,218
43700,3,11,76
43701,3,10,65
43702,3,5,36
43703,0,2,15
43704,9,13,58
43705,3,8,43
43706,2,5,36
43707,6,10,53
43708,7,14,87
43709,0,1,9
43710,0,3,23
43711,11,18,88
43712,10,19,106
43713,3,8,59
43714,2,6,37
43715,3,5,34
43716,11,19,113
43717,3,9,49
43718,14,25,124
43719,4,7,30
43720,7,19,116
43721,11,22,130
43722,10,16,84
43723,14,27,172
43724,3,6,35
43725,4,7,39
43726,6,12,73
43727,1,3,16
43728,0,1,7
43729,6,13,70
43730,8,16,89
43731,6,13,73
43732,9,15,75
43733,4,9,51
43734,6,12,69
43735,7,16,113
43736,7,16,95
43737,3,10,55
43738,7,13,66
43739,14,25,127
43740,14,33,183
43741,2,7,45
43742,4,11,62
43743,5,10,54
43744,2,5,26
43745,4,17,109
43746,9,17,90
43747,2,6,46
43748,3,6,27
43749,2,5,33
43750,4,6,30
43751,17,31,174
43752,1,5,31
43753,2,5,29
43754,6,13,74
43755,3,9,56
43756,3,6,33
43757,1,6,44
43758,3,6,28
43759,7,16,104
43760,6,16,105
43761,2,6,30
43762,1,1,7
43763,2,2,9
43764,6,10,45
43765,0,1,14
43766,11,19,100
43767,6,6,25
43768,3,9,55
43769,4,8,48
43770,5,10,63
43771,7,13,65
43772,10,18,96
43773,5,8,45
43774,2,4,19
43775,13,25,149
43776,20,40,238
43777,1,4,22
43778,3,8,43
43779,2,5,29
43780,9,19,115
43781,6,17,116
43782,8,14,83
43783,16,30,161
43784,1,4,25
43785,6,8,43
43786,2,3,22
43787,3,5,27
43788,6,12,69
43789,9,17,84
43790,4,8,41
43791,14,19,108
43792,4,8,53
43793,0,1,9
43794,3,8,45
43795,4,5,31
43796,2,6,43
43797,1,5,38
43798,1,2,14
43799,3,6,38
43800,2,3,15
43801,5,9,42
43802,0,2,26
43803,2,2,12
43804,4,6,40
43805,2,4,27
43806,8,13,81
43807,0,2,20
43808,7,12,65
43809,2,5,23
43810,4,10,74
43811,0,1,10
43812,2,4,23
43813,3,7,42
43814,6,10,53
43815,11,23,139
43816,5,10,57
43817,5,13,85
43818,3,5,24
43819,3,6,34
43820,9,16,88
43821,6,15,91
43822,4,7,33
43823,9,22,126
43824,3,7,51
43825,6,10,59
43826,10,23,148
43827,4,7,34
43828,1,2,10
43829,2,2,12
43830,5,10,53
43831,4,7,47
43832,12,22,150
43833,14,24,134
43834,4,8,54
43835,5,7,46
43836,5,8,44
43837,0,5,41
43838,4,7,37
43839,4,8,39
43840,3,3,11
43841,3,4,18
43842,8,8,40
43843,15,25,134
43844,10,21,118
43845,4,15,128
43846,2,7,44
43847,6,8,39
43848,6,9,43
43849,19,27,159
43850,4,6,30
43851,1,2,12
43852,4,6,34
43853,4,11,68
43854,12,21,127
43855,3,7,49
43856,3,7,42
43857,9,15,75
43858,5,7,41
43859,4,6,33
43860,9,12,68
43861,3,5,32
43862,7,18,98
43863,7,14,85
43864,1,1,7
43865,7,13,69
43866,1,1,7
43867,8,11,63
43868,4,7,37
43869,1,1,7
43870,12,18,113
43871,7,9,45
43872,1,1,7
43873,5,8,44
43874,5,9,44
43875,3,6,36
43876,4,10,52
43877,3,7,37
43878,3,6,35
43879,3,5,23
43880,4,7,31
43881,5,7,28
43882,6,12,69
43883,2,7,50
43884,14,23,137
43885,1,1,7
43886,3,6,29
43887,3,6,31
43888,4,11,69
43889,4,8,37
43890,7,15,84
43891,3,11,72
43892,5,14,91
43893,7,14,76
43894,9,15,88
43895,21,35,181
43896,1,6,41
43897,11,17,90
43898,11,17,81
43899,2,2,11
43900,8,13,75
43901,3,4,24
43902,2,9,65
43903,15,24,133
43904,1,5,38
43905,6,10,52
43906,4,7,34
43907,2,6,39
43908,4,7,37
43909,4,9,45
43910,5,7,35
43911,16,23,118
43912,5,11,65
43913,14,23,129
43914,12,24,145
43915,3,4,26
43916,6,11,55
43917,2,4,26
43918,7,16,86
43919,2,5,29
43920,9,14,78
43921,4,7,34
43922,9,15,72
43923,6,11,73
43924,7,13,75
43925,19,28,148
43926,3,5,35
43927,4,10,74
43928,18,38,228
43929,7,13,73
43930,9,17,88
43931,8,18,99
43932,5,8,38
43933,14,24,134
43934,8,19,99
43935,6,12,71
43936,0,4,40
43937,3,7,57
43938,12,22,114
43939,11,17,95
43940,8,22,136
43941,3,8,41
43942,12,21,112
43943,8,19,124
43944,18,32,177
43945,11,24,144
43946,6,12,59
43947,4,7,34
43948,5,11,70
43949,12,21,116
43950,6,19,123
43951,3,4,26
43952,8,19,111
43953,4,12,87
43954,7,13,68
43955,16,36,215
43956,6,12,64
43957,5,11,70
43958,11,25,143
43959,2,6,30
43960,5,11,59
43961,2,5,28
43962,5,10,59
43963,10,16,86
43964,1,5,40
43965,10,19,120
43966,7,16,108
43967,11,20,106
43968,10,26,144
43969,14,25,148
43970,4,10,57
43971,9,17,88
43972,9,16,81
43973,17,37,211
43974,4,9,53
43975,31,62,341
43976,2,4,25
43977,11,21,106
43978,6,12,71
43979,6,12,82
43980,8,14,102
43981,23,38,197
43982,13,24,138
43983,5,9,49
43984,2,5,44
43985,12,20,103
43986,15,29,171
43987,25,43,230
43988,13,21,116
43989,15,29,172
43990,5,11,60
43991,14,26,177
43992,2,7,48
43993,13,20,98
43994,5,9,51
43995,9,16,84
43996,2,6,41
43997,1,2,14
43998,4,5,23
43999,4,6,27
44000,3,5,26
44001,2,5,39
44002,29,53,309
44003,10,16,81
44004,14,26,130
44005,9,19,114
44006,11,20,132
44007,11,19,112
44008,5,10,53
44009,15,27,143
44010,3,8,44
44011,7,20,107
44012,5,7,26
44013,3,3,53
44014,14,25,152
44015,11,21,117
44016,9,14,62
44017,8,13,59
44018,5,8,37
44019,6,10,46
44020,9,13,54
44021,12,26,137
44022,8,14,67
44023,7,10,45
44024,10,19,98
44025,6,15,88
44026,0,13,89
44027,2,4,21
44028,19,30,157
44029,2,4,18
44030,1,3,24
44031,0,1,15
44032,0,2,12
44033,2,4,28
44034,2,4,26
44035,2,8,54
44036,5,13,82
44037,1,5,35
44038,7,15,82
44039,4,8,51
44040,2,5,34
44041,3,6,38
44042,3,4,18
44043,4,5,26
44044,3,4,28
44045,8,18,112
44046,3,5,33
44047,2,5,41
44048,2,3,19
44049,8,11,54
44050,3,6,54
44051,2,5,37
44052,3,6,36
44053,3,5,32
44054,14,33,191
44055,2,8,47
44056,4,5,24
44057,2,3,16
44058,2,5,41
44059,2,4,32
44060,0,3,18
44061,1,3,24
44062,6,13,72
44063,1,4,23
44064,6,10,64
44065,1,4,31
44066,6,12,68
44067,1,2,24
44068,0,2,13
44069,1,2,22
44070,0,3,31
44071,0,2,21
44072,2,6,40
44073,0,3,28
44074,6,12,61
44075,5,12,70
44076,1,5,36
44077,0,2,21
44078,1,2,13
44079,1,1,7
44080,3,5,28
44081,4,6,32
44082,14,24,146
44083,2,6,36
44084,14,24,133
44085,20,32,158
44086,4,6,31
44087,12,25,143
44088,28,40,209
44089,14,26,129
44090,24,48,268
44091,8,13,69
44092,2,6,31
44093,15,27,151
44094,16,28,153
44095,12,23,120
44096,10,19,110
44097,15,23,125
44098,3,6,37
44099,5,8,41
44100,23,43,227
44101,5,10,80
44102,7,13,70
44103,12,20,99
44104,7,11,61
44105,3,5,35
44106,5,10,57
44107,8,16,108
44108,6,9,50
44109,5,7,38
44110,3,9,53
44111,4,9,46
44112,10,18,109
44113,12,27,153
44114,7,16,92
44115,2,8,51
44116,8,16,93
44117,2,2,13
44118,8,15,77
44119,5,11,55
44120,5,9,52
44121,3,7,44
44122,0,2,23
44123,0,2,13
44124,3,8,46
44125,0,1,19
44126,2,3,19
44127,2,5,37
44128,2,5,29
44129,3,7,44
44130,1,2,14
44131,2,5,32
44132,0,2,16
44133,1,2,16
44134,2,6,39
44135,4,6,30
44136,3,4,29
44137,5,11,51
44138,8,13,72
44139,5,10,55
44140,6,8,40
44141,11,24,143
44142,4,7,40
44143,12,25,142
44144,2,5,36
44145,11,24,139
44146,8,17,111
44147,6,16,103
44148,20,48,290
44149,11,22,118
44150,6,9,44
44151,6,19,109
44152,3,7,45
44153,4,7,31
44154,11,28,175
44155,13,20,112
44156,3,7,35
44157,3,10,75
44158,6,13,79
44159,5,11,63
44160,2,8,57
44161,7,14,98
44162,6,9,44
44163,1,6,51
44164,2,8,50
44165,5,10,54
44166,2,5,36
44167,3,8,61
44168,13,20,102
44169,5,8,41
44170,3,6,35
44171,8,17,87
44172,10,20,112
44173,5,9,58
44174,1,4,30
44175,4,8,42
44176,10,21,116
44177,9,16,89
44178,5,8,44
44179,1,2,13
44180,7,15,89
44181,6,11,63
44182,3,11,71
44183,5,9,47
44184,2,4,33
44185,5,10,56
44186,3,3,25
44187,4,7,38
44188,8,12,68
44189,6,16,113
44190,17,38,229
44191,8,19,121
44192,6,9,49
44193,0,2,13
44194,3,11,64
44195,7,10,62
44196,1,3,18
44197,4,6,31
44198,3,4,25
44199,4,8,46
44200,7,15,81
44201,8,14,80
44202,3,7,38
44203,7,11,56
44204,4,7,38
44205,3,10,66
44206,2,4,22
44207,9,11,63
44208,3,8,46
44209,7,12,62
44210,4,8,48
44211,4,9,53
44212,4,7,42
44213,8,17,105
44214,2,7,53
44215,7,15,98
44216,11,27,185
44217,0,2,13
44218,6,12,75
44219,5,12,78
44220,3,11,78
44221,2,3,22
44222,2,4,37
44223,0,2,12
44224,3,4,40
44225,1,1,7
44226,5,9,45
44227,4,10,55
44228,8,18,104
44229,3,10,56
44230,3,7,35
44231,8,15,85
44232,3,9,60
44233,5,8,49
44234,3,8,51
44235,2,6,27
44236,3,8,58
44237,1,2,15
44238,11,19,109
44239,2,3,17
44240,9,19,123
44241,7,14,79
44242,2,7,42
44243,6,10,48
44244,7,12,57
44245,7,11,58
44246,6,10,63
44247,3,9,67
44248,7,17,105
44249,7,12,88
44250,8,21,138
44251,2,5,36
44252,11,17,84
44253,3,6,27
44254,8,18,103
44255,7,20,136
44256,5,11,64
44257,2,8,46
44258,5,10,52
44259,1,5,34
44260,2,5,23
44261,10,22,132
44262,3,7,47
44263,5,12,69
44264,3,5,25
44265,10,24,153
44266,7,14,90
44267,1,3,26
44268,0,0,2
44269,1,3,17
44270,13,22,108
44271,4,9,50
44272,2,2,12
44273,2,6,46
44274,7,11,65
44275,1,6,50
44276,2,5,38
44277,10,21,107
44278,1,2,23
44279,2,4,28
44280,1,2,14
44281,4,6,30
44282,1,3,27
44283,5,6,33
44284,10,15,77
44285,3,4,24
44286,6,8,40
44287,1,6,41
44288,2,3,24
44289,1,4,26
44290,3,6,37
44291,2,6,40
44292,2,4,23
44293,9,17,96
44294,5,9,44
44295,1,3,23
44296,2,4,20
44297,4,7,30
44298,4,8,49
44299,15,23,116
44300,0,3,19
44301,2,4,29
44302,2,4,24
44303,8,13,71
44304,2,7,59
44305,5,8,35
44306,13,26,143
44307,10,18,92
44308,0,1,8
44309,0,2,15
44310,6,11,50
44311,5,13,65
44312,2,5,30
44313,5,9,57
44314,2,2,17
44315,4,10,48
44316,5,13,72
44317,2,3,22
44318,3,8,52
44319,6,12,69
44320,11,24,130
44321,3,5,30
44322,13,25,143
44323,8,14,66
44324,5,8,41
44325,3,6,36
44326,2,6,32
44327,7,15,93
44328,2,3,23
44329,6,12,78
44330,7,15,85
44331,6,12,63
44332,9,17,94
44333,2,6,46
44334,6,12,82
44335,3,7,49
44336,5,11,66
44337,8,14,88
44338,3,7,40
44339,15,32,165
44340,8,15,80
44341,7,10,46
44342,7,14,86
44343,8,16,87
44344,3,7,40
44345,2,4,24
44346,8,14,96
44347,2,3,17
44348,3,4,17
44349,7,13,70
44350,5,11,59
44351,8,10,54
44352,2,6,35
44353,3,10,61
44354,4,6,42
44355,5,9,49
44356,6,11,57
44357,5,6,32
44358,5,9,48
44359,11,15,75
44360,4,7,44
44361,1,1,14
44362,2,5,37
44363,3,5,38
44364,5,9,44
44365,3,4,19
44366,4,6,37
44367,3,6,39
44368,0,0,11
44369,0,4,25
44370,5,10,59
44371,3,6,40
44372,3,8,54
44373,3,5,24
44374,4,5,24
44375,9,15,74
44376,5,8,34
44377,26,40,194
44378,10,18,106
44379,10,20,101
44380,3,5,21
44381,11,28,175
44382,10,16,86
44383,28,47,234
44384,14,20,101
44385,5,7,34
44386,9,15,82
44387,3,5,30
44388,4,7,36
44389,5,9,51
44390,14,31,184
44391,15,29,150
44392,0,3,23
44393,1,2,12
44394,6,9,53
44395,13,27,158
44396,3,5,32
44397,6,10,56
44398,23,46,248
44399,3,8,45
44400,12,16,79
44401,3,4,23
44402,18,29,153
44403,2,4,27
44404,4,8,45
44405,6,10,57
44406,1,3,18
44407,10,19,112
44408,2,4,31
44409,7,12,68
44410,2,4,18
44411,7,10,48
44412,4,7,51
44413,3,3,13
44414,2,2,9
44415,17,33,184
44416,4,13,77
44417,14,27,150
44418,10,16,81
44419,4,5,31
44420,5,12,64
44421,3,7,40
44422,8,15,87
44423,3,5,24
44424,5,13,67
44425,9,17,99
44426,2,5,27
44427,3,7,36
44428,3,6,27
44429,31,53,299
44430,6,11,62
44431,6,10,50
44432,4,5,21
44433,21,29,153
44434,10,20,105
44435,4,6,27
44436,10,20,112
44437,17,26,138
44438,17,27,173
44439,2,5,31
44440,3,11,65
44441,0,0,10
44442,3,8,41
44443,2,5,20
44444,8,16,85
44445,5,7,34
44446,7,14,79
44447,7,12,55
44448,5,10,54
44449,10,20,106
44450,15,30,149
44451,0,1,12
44452,4,8,60
44453,7,12,69
44454,8,13,66
44455,5,7,38
44456,9,18,106
44457,1,1,7
44458,1,3,15
44459,3,3,17
44460,6,8,50
44461,9,14,64
44462,1,3,19
44463,10,14,66
44464,4,5,29
44465,5,7,44
44466,3,4,24
44467,3,5,30
44468,3,7,44
44469,2,4,30
44470,4,7,34
44471,4,4,21
44472,1,3,19
44473,3,6,28
44474,6,7,35
44475,2,4,20
44476,2,6,32
44477,12,25,136
44478,6,9,48
44479,8,13,68
44480,6,10,59
44481,2,6,45
44482,13,26,160
44483,2,6,43
44484,19,40,199
44485,5,7,41
44486,15,28,145
44487,4,9,49
44488,2,5,35
44489,2,4,29
44490,21,38,188
44491,6,14,77
44492,6,15,104
44493,9,17,118
44494,14,24,145
44495,3,6,41
44496,7,10,45
44497,13,23,127
44498,12,21,156
44499,2,8,58
44500,1,4,22
44501,2,7,51
44502,10,15,85
44503,2,3,16
44504,3,4,25
44505,3,13,80
44506,11,26,158
44507,11,30,202
44508,4,9,52
44509,4,11,87
44510,2,4,28
44511,16,27,162
44512,4,12,68
44513,16,25,131
44514,7,13,67
44515,5,9,61
44516,4,9,52
44517,10,20,108
44518,5,14,102
44519,7,12,64
44520,9,25,167
44521,2,8,53
44522,0,3,22
44523,3,7,42
44524,3,8,52
44525,1,2,16
44526,3,9,62
44527,1,5,41
44528,2,5,26
44529,2,5,28
44530,3,5,27
44531,5,6,25
44532,0,2,17
44533,2,3,19
44534,1,3,17
44535,6,14,92
44536,9,18,103
44537,2,6,33
44538,2,4,18
44539,1,3,17
44540,1,2,8
44541,0,0,1
44542,2,4,27
44543,7,14,74
44544,6,12,63
44545,11,23,127
44546,11,19,103
44547,8,16,100
44548,1,3,17
44549,7,15,92
44550,3,8,46
44551,1,4,23
44552,3,9,48
44553,4,8,39
44554,3,7,46
44555,2,5,27
44556,2,5,24
44557,3,7,37
44558,0,2,22
44559,14,27,155
44560,1,2,14
44561,0,4,41
44562,1,5,44
44563,12,17,90
44564,0,3,23
44565,4,6,33
44566,3,5,24
44567,8,16,77
44568,1,4,38
44569,2,8,61
44570,0,4,37
44571,1,3,26
44572,3,8,56
44573,6,16,97
44574,13,26,149
44575,9,15,82
44576,9,15,86
44577,4,5,27
44578,0,2,17
44579,4,7,31
44580,3,8,69
44581,5,11,53
44582,5,11,65
44583,5,9,47
44584,1,4,21
44585,9,17,80
44586,1,2,18
44587,4,9,52
44588,5,9,50
44589,5,10,74
44590,2,5,30
44591,5,8,42
44592,1,4,35
44593,0,3,33
44594,4,9,46
44595,6,14,95
44596,1,4,28
44597,1,3,18
44598,5,10,65
44599,4,7,39
44600,5,7,36
44601,8,16,86
44602,5,8,58
44603,7,12,73
44604,4,9,50
44605,1,3,25
44606,0,1,8
44607,6,12,59
44608,5,11,72
44609,2,4,29
44610,16,29,163
44611,7,14,77
44612,2,5,32
44613,0,2,13
44614,9,18,95
44615,0,1,15
44616,1,3,18
44617,4,14,98
44618,9,14,71
44619,11,19,101
44620,4,8,44
44621,7,11,59
44622,9,19,121
44623,11,21,119
44624,2,5,28
44625,7,16,102
44626,5,8,43
44627,0,1,11
44628,6,10,47
44629,11,21,110
44630,8,16,85
44631,1,6,34
44632,0,2,11
44633,8,17,99
44634,10,27,148
44635,9,13,68
44636,7,18,102
44637,3,10,57
44638,1,4,28
44639,3,5,34
44640,4,11,73
44641,6,12,73
44642,6,15,89
44643,3,8,58
44644,3,11,64
44645,5,9,46
44646,0,4,30
44647,2,4,19
44648,6,9,45
44649,10,24,139
44650,10,15,80
44651,11,20,114
44652,6,13,91
44653,8,12,58
44654,14,29,160
44655,3,4,32
44656,3,5,28
44657,3,6,32
44658,3,4,17
44659,2,7,38
44660,13,22,113
44661,1,3,21
44662,1,3,20
44663,6,11,66
44664,3,6,34
44665,4,8,48
44666,2,4,21
44667,1,2,15
44668,2,3,17
44669,2,3,24
44670,3,4,21
44671,1,1,11
44672,4,6,27
44673,7,14,71
44674,2,6,33
44675,5,8,51
44676,4,5,25
44677,2,3,29
44678,3,4,26
44679,2,3,21
44680,3,9,55
44681,2,7,66
44682,2,7,46
44683,4,8,48
44684,1,7,43
44685,15,26,149
44686,6,12,56
44687,2,7,41
44688,8,16,98
44689,14,28,159
44690,0,1,9
44691,5,8,39
44692,2,4,31
44693,8,17,116
44694,5,8,41
44695,13,26,150
44696,4,10,64
44697,14,22,111
44698,2,3,12
44699,2,5,35
44700,6,13,98
44701,2,5,29
44702,2,6,43
44703,5,10,56
44704,8,18,102
44705,3,6,34
44706,2,7,44
44707,2,7,52
44708,6,13,80
44709,1,2,11
44710,2,3,20
44711,2,5,24
44712,13,31,222
44713,2,10,63
44714,1,3,22
44715,5,6,32
44716,9,15,92
44717,2,4,33
44718,7,12,72
44719,10,19,118
44720,12,26,165
44721,4,8,49
44722,7,11,62
44723,7,13,74
44724,2,4,32
44725,4,8,41
44726,10,17,95
44727,10,17,100
44728,0,2,25
44729,0,3,25
44730,6,13,86
44731,15,30,146
44732,7,18,100
44733,7,12,78
44734,11,21,131
44735,4,8,62
44736,3,5,27
44737,5,16,124
44738,13,31,188
44739,15,30,175
44740,6,14,85
44741,5,10,56
44742,9,15,81
44743,7,15,95
44744,10,22,120
44745,26,44,257
44746,6,13,72
44747,5,9,46
44748,1,4,23
44749,2,8,70
44750,1,4,35
44751,5,9,50
44752,1,2,10
44753,6,13,74
44754,2,5,35
44755,10,18,103
44756,1,4,35
44757,16,29,163
44758,0,2,17
44759,4,9,63
44760,5,8,39
44761,7,18,105
44762,3,6,35
44763,7,13,84
44764,2,5,38
44765,6,14,87
44766,6,11,65
44767,5,9,53
44768,3,7,38
44769,15,33,207
44770,38,74,452
44771,3,9,60
44772,1,2,14
44773,3,4,19
44774,7,14,74
44775,14,26,174
44776,3,9,53
44777,3,6,36
44778,17,31,165
44779,4,10,82
44780,4,9,54
44781,0,0,1
44782,1,4,26
44783,2,7,44
44784,1,7,51
44785,4,7,45
44786,3,9,59
44787,25,38,193
44788,6,11,60
44789,2,5,44
44790,5,11,56
44791,7,13,78
44792,14,26,172
44793,9,24,159
44794,6,10,59
44795,4,10,62
44796,4,8,48
44797,4,8,51
44798,3,9,66
44799,3,8,46
44800,2,8,48
44801,17,37,219
44802,17,32,176
44803,3,8,46
44804,11,22,130
44805,5,10,52
44806,12,26,156
44807,9,17,88
44808,3,10,67
44809,14,24,144
44810,0,1,10
44811,0,1,29
44812,8,14,68
44813,9,16,92
44814,6,11,62
44815,4,12,80
44816,2,6,37
44817,13,28,155
44818,7,15,98
44819,5,14,97
44820,7,16,113
44821,4,12,62
44822,10,21,126
44823,6,11,51
44824,6,15,87
44825,5,10,61
44826,4,8,41
44827,1,3,24
44828,16,27,140
44829,1,4,23
44830,5,6,33
44831,3,4,20
44832,4,7,44
44833,9,15,85
44834,4,9,56
44835,7,11,82
44836,11,21,147
44837,14,24,123
44838,4,8,46
44839,3,6,30
44840,3,3,18
44841,1,6,36
44842,3,4,31
44843,5,10,59
44844,4,5,26
44845,7,15,90
44846,7,11,57
44847,3,6,35
44848,5,6,29
44849,5,9,62
44850,3,7,61
44851,3,3,19
44852,2,4,22
44853,3,7,38
44854,6,9,47
44855,3,5,29
44856,3,5,33
44857,3,5,30
44858,4,9,53
44859,3,5,36
44860,3,5,29
44861,4,5,27
44862,4,7,39
44863,2,5,29
44864,3,6,35
44865,2,3,22
44866,15,27,135
44867,6,12,77
44868,0,4,38
44869,1,3,29
44870,1,3,30
44871,0,1,18
44872,7,14,77
44873,5,7,36
44874,4,9,55
44875,1,3,24
44876,3,4,27
44877,0,3,23
44878,3,3,24
44879,2,5,36
44880,0,2,21
44881,3,3,23
44882,1,5,31
44883,2,7,34
44884,5,9,43
44885,7,9,40
44886,3,6,35
44887,2,4,25
44888,13,25,134
44889,3,5,22
44890,6,7,32
44891,0,4,33
44892,2,4,24
44893,3,4,18
44894,3,4,18
44895,9,19,99
44896,10,19,107
44897,11,25,150
44898,7,12,55
44899,5,11,71
44900,4,9,57
44901,3,4,26
44902,1,2,10
44903,1,4,31
44904,11,19,91
44905,3,8,58
44906,3,5,31
44907,0,1,14
44908,7,14,85
44909,7,14,92
44910,2,5,47
44911,4,6,27
44912,2,2,17
44913,5,9,54
44914,2,6,40
44915,7,14,82
44916,2,4,29
44917,5,9,50
44918,8,13,68
44919,21,33,164
44920,12,21,108
44921,6,13,73
44922,5,7,36
44923,2,7,54
44924,1,2,10
44925,2,4,38
44926,4,7,41
44927,4,6,28
44928,7,18,109
44929,8,15,88
44930,12,21,115
44931,12,24,142
44932,7,9,42
44933,2,2,12
44934,10,19,88
44935,7,14,80
44936,3,5,35
44937,5,9,45
44938,14,23,112
44939,7,14,76
44940,2,12,74
44941,6,13,69
44942,2,7,40
44943,5,11,57
44944,6,11,60
44945,2,5,32
44946,7,15,86
44947,9,16,85
44948,5,11,62
44949,2,9,58
44950,9,23,135
44951,1,5,30
44952,3,8,41
44953,2,6,41
44954,13,21,118
44955,0,2,13
44956,2,4,27
44957,4,7,43
44958,5,15,94
44959,4,6,36
44960,5,13,74
44961,4,10,63
44962,7,16,90
44963,3,7,35
44964,3,8,41
44965,4,7,35
44966,8,15,79
44967,22,39,218
44968,4,13,86
44969,8,16,100
44970,10,19,110
44971,4,6,30
44972,8,16,97
44973,6,11,64
44974,2,11,66
44975,8,14,72
44976,3,5,28
44977,20,35,213
44978,10,19,90
44979,10,20,112
44980,6,12,57
44981,2,4,27
44982,2,2,12
44983,5,9,49
44984,8,11,55
44985,4,6,37
44986,7,14,80
44987,11,20,110
44988,3,6,38
44989,4,8,47
44990,2,5,28
44991,9,18,111
44992,16,33,194
44993,13,25,130
44994,8,14,80
44995,4,10,55
44996,7,10,52
44997,8,14,68
44998,6,6,25
44999,5,8,47
45000,17,30,173
45001,5,9,39
45002,8,14,65
45003,2,3,18
45004,11,18,92
45005,9,25,143
45006,9,16,76
45007,21,38,214
45008,8,18,99
45009,5,13,71
45010,11,26,147
45011,3,7,33
45012,6,11,63
45013,7,18,113
45014,6,11,57
45015,6,14,83
45016,21,46,269
45017,16,41,259
45018,12,33,224
45019,12,33,207
45020,9,16,83
45021,17,38,221
45022,7,15,91
45023,1,3,27
45024,3,9,55
45025,9,24,153
45026,14,33,196
45027,12,26,155
45028,1,5,30
45029,3,10,63
45030,2,4,20
45031,12,20,96
45032,5,9,49
45033,9,17,126
45034,5,13,69
45035,13,28,164
45036,22,41,233
45037,7,21,122
45038,11,18,94
45039,13,25,136
45040,0,2,12
45041,6,18,103
45042,7,18,121
45043,1,2,16
45044,2,4,29
45045,2,3,15
45046,2,5,39
45047,6,16,92
45048,7,12,73
45049,2,4,23
45050,1,4,24
45051,5,14,91
45052,9,13,69
45053,1,2,16
45054,1,3,22
45055,10,22,109
45056,7,18,136
45057,4,12,86
45058,10,14,72
45059,0,3,29
45060,4,6,51
45061,2,6,38
45062,8,12,66
45063,4,12,73
45064,2,3,18
45065,6,12,66
45066,4,6,40
45067,1,2,16
45068,8,10,56
45069,0,3,27
45070,8,14,72
45071,3,10,76
45072,5,10,50
45073,6,9,51
45074,5,7,39
45075,0,2,13
45076,3,4,20
45077,7,13,66
45078,22,35,188
45079,5,11,66
45080,4,9,51
45081,6,15,115
45082,9,16,89
45083,15,26,142
45084,69,157,1026
45085,6,8,46
45086,9,18,95
45087,0,1,14
45088,3,10,66
45089,1,4,26
45090,3,8,76
45091,4,9,67
45092,0,2,27
45093,11,21,112
45094,0,1,8
45095,14,29,153
45096,17,32,163
45097,12,23,116
45098,3,12,88
45099,11,17,99
45100,4,10,59
45101,6,11,56
45102,10,20,111
45103,3,14,96
45104,6,12,77
45105,5,16,113
45106,0,3,35
45107,0,2,20
45108,4,7,37
45109,5,6,36
45110,4,10,51
45111,3,5,36
45112,25,42,220
45113,12,20,97
45114,20,39,227
45115,11,21,125
45116,6,8,38
45117,17,35,182
45118,12,17,117
45119,16,28,168
45120,7,15,71
45121,16,31,170
45122,1,2,9
45123,16,34,180
45124,15,31,171
45125,1,1,4
45126,2,11,76
45127,13,28,167
45128,10,22,131
45129,11,26,171
45130,2,5,34
45131,12,24,149
45132,26,48,305
45133,12,22,134
45134,15,27,137
45135,8,15,102
45136,3,5,23
45137,4,7,34
45138,4,7,47
45139,5,8,42
45140,1,2,13
45141,15,25,129
45142,7,14,74
45143,8,14,72
45144,7,15,94
45145,13,30,167
45146,17,29,161
45147,10,17,93
45148,16,26,140
45149,8,15,80
45150,15,24,122
45151,12,18,94
45152,13,26,140
45153,5,6,35
45154,4,7,41
45155,3,6,37
45156,2,3,28
45157,12,21,125
45158,6,14,81
45159,4,6,30
45160,2,5,28
45161,2,3,21
45162,15,30,165
45163,14,29,160
45164,9,16,79
45165,8,14,83
45166,6,9,51
45167,7,16,102
45168,7,10,45
45169,2,3,21
45170,12,26,154
45171,2,5,32
45172,4,8,40
45173,1,3,22
45174,7,14,84
45175,8,18,107
45176,23,41,201
45177,17,32,157
45178,15,28,148
45179,13,23,118
45180,13,21,114
45181,15,28,143
45182,12,23,131
45183,0,1,6
45184,2,4,25
45185,14,24,109
45186,11,22,118
45187,13,24,135
45188,11,21,137
45189,15,27,146
45190,10,16,86
45191,12,22,131
45192,5,9,54
45193,10,19,103
45194,3,5,24
45195,15,29,153
45196,10,21,126
45197,2,7,45
45198,9,17,81
45199,5,9,50
45200,4,5,22
45201,13,22,114
45202,8,16,84
45203,10,21,119
45204,14,26,151
45205,13,23,127
45206,1,3,22
45207,0,1,15
45208,0,1,12
45209,0,2,20
45210,16,29,159
45211,7,13,85
45212,8,17,89
45213,1,2,22
45214,1,2,13
45215,10,18,104
45216,2,3,21
45217,2,4,22
45218,1,4,26
45219,7,16,88
45220,1,1,12
45221,7,16,97
45222,4,7,45
45223,4,8,45
45224,11,20,112
45225,8,16,106
45226,17,32,175
45227,8,16,85
45228,1,3,22
45229,4,7,34
45230,2,3,11
45231,7,11,53
45232,6,12,65
45233,2,3,20
45234,2,8,56
45235,4,7,36
45236,18,29,136
45237,3,5,32
45238,4,10,54
45239,17,29,156
45240,8,20,119
45241,8,14,66
45242,8,14,74
45243,12,21,116
45244,9,14,60
45245,7,12,63
45246,8,10,44
45247,12,22,104
45248,13,20,108
45249,5,8,47
45250,2,2,11
45251,3,5,22
45252,2,2,11
45253,10,16,76
45254,6,9,44
45255,7,12,62
45256,8,14,69
45257,7,13,75
45258,10,15,72
45259,0,1,12
45260,6,8,34
45261,12,19,84
45262,4,9,54
45263,14,27,144
45264,6,10,52
45265,6,9,57
45266,8,12,62
45267,6,11,70
45268,12,21,99
45269,19,32,169
45270,18,32,163
45271,15,31,173
45272,24,40,217
45273,6,14,77
45274,20,40,210
45275,5,7,36
45276,2,6,40
45277,4,11,69
45278,1,1,13
45279,1,2,10
45280,1,4,34
45281,3,5,34
45282,9,19,107
45283,10,22,114
45284,7,15,89
45285,11,22,109
45286,16,31,161
45287,6,16,106
45288,3,9,54
45289,13,22,110
45290,5,11,63
45291,2,7,53
45292,8,10,45
45293,12,21,134
45294,7,14,78
45295,10,20,108
45296,7,12,75
45297,2,4,21
45298,2,4,19
45299,8,15,87
45300,3,5,25
45301,17,30,161
45302,7,11,65
45303,4,7,34
45304,8,11,53
45305,13,22,120
45306,0,3,21
45307,18,24,140
45308,10,18,89
45309,10,22,128
45310,15,34,189
45311,4,9,46
45312,0,1,19
45313,1,2,10
45314,0,2,15
45315,3,4,25
45316,4,10,57
45317,4,5,35
45318,6,12,76
45319,4,6,36
45320,2,7,53
45321,11,24,148
45322,14,30,170
45323,5,12,64
45324,12,21,116
45325,8,17,101
45326,3,14,94
45327,10,19,105
45328,5,12,64
45329,7,13,65
45330,2,7,49
45331,5,11,64
45332,7,16,93
45333,3,11,67
45334,4,14,77
45335,8,16,84
45336,4,6,34
45337,8,21,116
45338,7,19,109
45339,6,9,40
45340,8,21,122
45341,9,19,108
45342,9,21,111
45343,7,17,107
45344,6,10,51
45345,14,36,213
45346,12,25,137
45347,4,10,66
45348,8,15,94
45349,6,11,64
45350,7,13,72
45351,5,13,78
45352,17,29,152
45353,11,19,110
45354,4,15,101
45355,8,12,64
45356,1,2,18
45357,1,2,10
45358,5,12,64
45359,5,10,57
45360,12,27,149
45361,15,25,124
45362,1,2,18
45363,2,3,19
45364,6,11,60
45365,0,1,19
45366,7,14,75
45367,15,24,117
45368,7,13,71
45369,14,26,149
45370,0,0,19
45371,6,13,73
45372,0,4,26
45373,4,11,59
45374,0,1,8
45375,8,15,75
45376,1,3,19
45377,4,13,85
45378,3,6,35
45379,4,15,103
45380,5,8,44
45381,7,14,83
45382,8,13,68
45383,5,15,98
45384,3,5,31
45385,1,3,20
45386,1,4,21
45387,7,18,105
45388,4,9,57
45389,2,4,30
45390,2,7,51
45391,6,11,64
45392,1,3,16
45393,2,3,13
45394,7,19,112
45395,7,15,82
45396,8,20,98
45397,13,28,159
45398,14,26,140
45399,7,11,62
45400,14,26,140
45401,7,16,98
45402,6,18,112
45403,2,6,27
45404,5,17,117
45405,6,15,87
45406,10,26,151
45407,6,14,79
45408,8,18,109
45409,11,34,199
45410,6,16,102
45411,2,5,25
45412,2,7,39
45413,5,15,88
45414,12,22,123
45415,8,14,80
45416,10,18,102
45417,12,24,130
45418,6,15,92
45419,3,6,32
45420,6,15,76
45421,8,19,113
45422,14,26,126
45423,2,6,45
45424,4,8,50
45425,4,12,76
45426,5,11,64
45427,1,5,29
45428,3,9,60
45429,4,12,64
45430,2,6,40
45431,7,15,76
45432,6,12,70
45433,6,13,65
45434,7,14,76
45435,9,20,115
45436,9,18,84
45437,8,14,88
45438,3,7,36
45439,4,7,45
45440,11,25,130
45441,3,6,43
45442,1,5,31
45443,0,2,19
45444,1,3,23
45445,10,17,76
45446,7,12,69
45447,7,16,91
45448,3,11,58
45449,1,3,30
45450,8,18,113
45451,6,13,76
45452,11,23,123
45453,10,21,113
45454,2,5,27
45455,0,0,2
45456,0,1,15
45457,1,5,37
45458,4,11,85
45459,5,8,38
45460,7,14,82
45461,4,7,48
45462,4,8,39
45463,7,11,57
45464,7,11,55
45465,4,6,32
45466,6,12,69
45467,0,1,12
45468,2,5,36
45469,1,3,28
45470,5,12,77
45471,3,8,50
45472,11,21,110
45473,8,15,87
45474,5,7,34
45475,3,6,31
45476,5,12,64
45477,6,14,81
45478,3,10,61
45479,2,7,48
45480,6,12,63
45481,8,16,82
45482,1,3,20
45483,7,15,76
45484,4,11,69
45485,6,10,48
45486,6,12,59
45487,4,14,89
45488,2,5,31
45489,1,3,25
45490,6,17,87
45491,14,25,131
45492,4,8,43
45493,6,9,42
45494,11,19,91
45495,5,11,52
45496,0,1,12
45497,10,24,126
45498,4,15,93
45499,6,11,56
45500,5,10,45
45501,8,16,88
45502,10,22,138
45503,12,24,127
45504,5,14,115
45505,15,27,155
45506,7,18,99
45507,4,9,42
45508,4,8,44
45509,10,16,88
45510,7,14,73
45511,3,6,27
45512,11,18,88
45513,8,12,74
45514,0,2,19
45515,4,9,43
45516,23,39,198
45517,2,5,33
45518,1,2,11
45519,1,5,34
45520,5,9,47
45521,2,5,40
45522,1,1,13
45523,1,9,77
45524,1,4,21
45525,5,7,43
45526,7,11,68
45527,4,6,41
45528,5,8,40
45529,3,6,31
45530,7,10,49
45531,3,8,51
45532,3,4,24
45533,11,21,94
45534,1,3,19
45535,7,15,72
45536,6,14,72
45537,6,11,60
45538,12,25,161
45539,18,32,150
45540,3,6,46
45541,10,19,93
45542,3,5,27
45543,3,6,41
45544,1,2,9
45545,5,9,62
45546,5,13,87
45547,2,7,34
45548,6,10,42
45549,4,9,46
45550,7,12,49
45551,5,12,66
45552,4,6,38
45553,1,2,9
45554,1,6,32
45555,3,5,24
45556,8,14,85
45557,2,4,20
45558,3,5,22
45559,10,17,94
45560,6,12,60
45561,15,23,109
45562,2,5,24
45563,7,14,84
45564,0,1,8
45565,5,7,34
45566,6,12,57
45567,3,6,27
45568,1,6,39
45569,7,16,73
45570,10,20,110
45571,13,25,125
45572,3,7,34
45573,5,10,50
45574,7,17,116
45575,10,21,104
45576,7,16,93
45577,6,14,70
45578,2,4,22
45579,2,8,48
45580,5,10,57
45581,18,33,172
45582,6,9,48
45583,3,6,27
45584,10,20,106
45585,9,19,96
45586,6,9,39
45587,6,11,60
45588,8,14,74
45589,0,1,10
45590,9,17,95
45591,7,12,66
45592,5,8,56
45593,5,12,78
45594,1,2,15
45595,4,7,38
45596,9,18,100
45597,7,14,73
45598,6,10,59
45599,6,10,56
45600,2,2,14
45601,4,6,34
45602,7,12,74
45603,10,18,106
45604,4,8,44
45605,1,3,25
45606,2,6,40
45607,2,2,18
45608,4,7,42
45609,8,15,89
45610,5,9,52
45611,3,7,46
45612,4,12,87
45613,3,5,31
45614,4,9,63
45615,3,6,35
45616,1,4,21
45617,1,4,34
45618,9,17,113
45619,0,2,14
45620,2,6,42
45621,4,9,48
45622,6,11,70
45623,1,4,26
45624,1,3,17
45625,5,7,40
45626,5,8,44
45627,5,9,46
45628,14,32,196
45629,3,9,62
45630,3,10,49
45631,2,7,52
45632,9,15,76
45633,5,13,79
45634,10,21,116
45635,13,23,114
45636,12,22,113
45637,9,19,104
45638,3,8,54
45639,8,16,88
45640,1,5,24
45641,5,8,48
45642,8,14,65
45643,2,5,28
45644,6,12,83
45645,5,9,45
45646,3,4,16
45647,6,16,95
45648,3,7,45
45649,8,16,83
45650,7,16,102
45651,7,24,150
45652,5,11,59
45653,5,9,45
45654,0,2,23
45655,5,10,51
45656,3,5,34
45657,2,2,19
45658,1,4,29
45659,2,4,27
45660,7,19,100
45661,1,7,54
45662,1,5,36
45663,4,8,52
45664,2,4,32
45665,3,4,21
45666,2,7,42
45667,3,9,58
45668,3,5,30
45669,2,4,21
45670,3,6,50
45671,5,8,43
45672,4,11,69
45673,7,15,84
45674,4,8,49
45675,1,4,28
45676,2,3,23
45677,5,8,57
45678,1,1,12
45679,2,5,33
45680,5,7,58
45681,3,4,26
45682,5,11,61
45683,4,9,56
45684,5,7,36
45685,0,0,18
45686,3,7,52
45687,5,10,49
45688,5,8,40
45689,4,7,48
45690,0,1,12
45691,2,4,34
45692,6,14,85
45693,3,7,32
45694,10,17,91
45695,7,17,101
45696,1,7,49
45697,5,13,69
45698,4,7,32
45699,2,7,49
45700,6,14,71
45701,6,14,93
45702,3,8,45
45703,2,7,45
45704,6,9,45
45705,10,20,110
45706,3,8,46
45707,4,7,38
45708,4,13,85
45709,6,12,65
45710,3,8,45
45711,4,7,48
45712,0,0,12
45713,2,5,26
45714,6,12,71
45715,2,5,25
45716,0,2,20
45717,7,16,77
45718,4,8,45
45719,1,3,19
45720,3,4,27
45721,8,12,63
45722,8,11,42
45723,4,9,36
45724,1,5,33
45725,15,29,155
45726,7,16,79
45727,4,6,29
45728,13,26,130
45729,6,13,68
45730,2,9,59
45731,2,7,40
45732,2,5,32
45733,7,13,74
45734,5,10,55
45735,5,9,48
45736,9,19,99
45737,8,11,62
45738,3,8,43
45739,4,7,34
45740,2,4,32
45741,12,22,119
45742,4,10,62
45743,3,12,75
45744,6,12,81
45745,1,5,26
45746,7,13,67
45747,4,7,35
45748,3,10,64
45749,2,5,29
45750,3,11,81
45751,4,9,55
45752,6,11,60
45753,6,12,73
45754,16,27,150
45755,2,8,52
45756,4,7,42
45757,1,3,21
45758,6,12,65
45759,5,13,77
45760,8,14,69
45761,4,7,38
45762,5,10,52
45763,1,5,36
45764,11,17,85
45765,1,5,29
45766,7,13,77
45767,3,8,47
45768,2,6,33
45769,0,2,18
45770,4,7,38
45771,8,15,71
45772,4,9,45
45773,3,7,40
45774,9,23,140
45775,11,19,104
45776,6,12,70
45777,1,5,31
45778,4,6,32
45779,11,26,146
45780,6,8,38
45781,4,8,55
45782,10,17,88
45783,0,0,1
45784,17,32,162
45785,1,4,29
45786,2,4,20
45787,5,5,33
45788,0,2,15
45789,2,5,23
45790,2,4,21
45791,6,11,58
45792,2,5,38
45793,7,12,70
45794,4,7,36
45795,6,8,42
45796,3,7,42
45797,4,9,46
45798,5,11,71
45799,2,4,33
45800,2,6,32
45801,2,6,40
45802,1,5,29
45803,6,12,73
45804,8,21,119
45805,14,28,131
45806,13,25,133
45807,3,5,29
45808,5,13,84
45809,10,15,81
45810,1,5,39
45811,7,16,79
45812,7,8,40
45813,2,4,21
45814,13,22,113
45815,6,9,55
45816,6,9,40
45817,3,5,23
45818,3,11,63
45819,10,14,57
45820,16,24,116
45821,6,11,59
45822,2,4,22
45823,5,8,43
45824,13,17,90
45825,3,4,25
45826,0,2,19
45827,17,23,114
45828,15,27,151
45829,3,6,46
45830,0,2,13
45831,8,13,60
45832,12,23,118
45833,9,11,53
45834,11,21,112
45835,11,19,90
45836,3,5,39
45837,9,14,78
45838,22,45,236
45839,6,12,56
45840,8,15,78
45841,5,12,73
45842,8,12,60
45843,9,17,101
45844,19,42,239
45845,3,5,27
45846,6,9,44
45847,10,21,127
45848,7,13,80
45849,3,6,38
45850,11,23,131
45851,13,27,154
45852,3,7,42
45853,3,6,33
45854,3,6,32
45855,6,14,74
45856,11,21,105
45857,3,7,43
45858,6,12,65
45859,5,6,41
45860,2,2,12
45861,2,4,23
45862,10,24,144
45863,1,6,54
45864,11,23,120
45865,2,6,29
45866,5,7,37
45867,9,22,153
45868,2,7,47
45869,10,20,121
45870,3,10,59
45871,3,11,65
45872,12,18,92
45873,8,14,71
45874,5,12,73
45875,1,2,15
45876,9,19,121
45877,5,11,72
45878,6,12,66
45879,16,28,135
45880,4,6,29
45881,3,6,47
45882,8,16,89
45883,8,14,66
45884,6,16,85
45885,10,14,76
45886,6,11,53
45887,13,27,149
45888,4,10,61
45889,1,5,28
45890,3,7,40
45891,15,26,125
45892,3,8,46
45893,11,21,129
45894,5,13,74
45895,2,5,49
45896,5,8,35
45897,7,11,54
45898,4,8,53
45899,8,14,76
45900,22,37,206
45901,4,14,93
45902,1,3,24
45903,0,5,21
45904,1,3,18
45905,7,16,83
45906,8,11,68
45907,12,17,99
45908,2,7,48
45909,4,13,86
45910,13,22,115
45911,5,10,60
45912,4,7,38
45913,10,22,161
45914,45,87,449
45915,10,19,112
45916,13,27,151
45917,6,11,64
45918,13,31,185
45919,5,10,56
45920,13,20,106
45921,6,11,58
45922,0,1,9
45923,6,13,71
45924,2,5,27
45925,7,16,88
45926,9,19,126
45927,3,7,41
45928,4,8,43
45929,6,14,78
45930,11,21,116
45931,8,16,97
45932,7,10,50
45933,13,19,107
45934,7,10,50
45935,6,11,49
45936,4,7,37
45937,10,20,117
45938,2,7,40
45939,7,14,87
45940,8,20,126
45941,9,10,52
45942,10,13,61
45943,19,33,179
45944,3,6,30
45945,3,10,85
45946,9,15,76
45947,5,8,38
45948,10,20,115
45949,9,16,88
45950,8,19,107
45951,5,6,35
45952,4,6,26
45953,6,10,51
45954,4,6,37
45955,10,18,95
45956,12,26,157
45957,13,24,126
45958,8,18,113
45959,12,17,77
45960,14,28,153
45961,12,22,118
45962,16,23,119
45963,7,18,103
45964,9,18,101
45965,4,9,48
45966,13,22,114
45967,9,17,80
45968,6,12,64
45969,18,29,143
45970,9,21,120
45971,9,21,111
45972,2,4,20
45973,9,13,69
45974,6,13,73
45975,19,36,195
45976,1,5,28
45977,2,7,41
45978,0,2,18
45979,3,8,52
45980,4,8,50
45981,2,3,12
45982,4,7,39
45983,9,13,57
45984,2,5,31
45985,4,7,38
45986,4,7,33
45987,2,5,26
45988,1,5,34
45989,3,6,33
45990,7,14,65
45991,10,15,76
45992,8,16,99
45993,11,19,91
45994,6,10,57
45995,8,10,59
45996,3,7,36
45997,5,9,54
45998,0,1,9
45999,2,4,22
46000,3,6,28
46001,4,10,60
46002,4,10,50
46003,2,6,40
46004,5,9,52
46005,1,4,26
46006,0,1,18
46007,0,3,22
46008,4,7,36
46009,5,16,100
46010,10,27,152
46011,17,31,158
46012,12,24,136
46013,8,15,88
46014,9,15,88
46015,19,34,172
46016,2,5,31
46017,2,6,29
46018,3,7,43
46019,11,25,152
46020,8,19,103
46021,2,9,68
46022,9,18,105
46023,2,4,23
46024,10,18,105
46025,3,5,30
46026,9,21,138
46027,7,17,96
46028,9,16,103
46029,8,17,98
46030,11,19,103
46031,6,6,35
46032,8,14,90
46033,7,11,57
46034,7,15,75
46035,12,18,94
46036,7,13,68
46037,6,9,42
46038,7,15,81
46039,11,20,112
46040,4,8,41
46041,8,11,51
46042,13,23,120
46043,11,21,119
46044,8,18,112
46045,4,7,46
46046,4,7,42
46047,9,13,63
46048,2,5,30
46049,17,31,171
46050,13,26,153
46051,5,8,47
46052,0,1,8
46053,4,6,32
46054,7,15,74
46055,9,21,115
46056,12,19,106
46057,11,14,71
46058,9,12,60
46059,14,26,131
46060,12,24,135
46061,2,8,51
46062,9,21,120
46063,4,5,26
46064,5,13,81
46065,3,9,58
46066,23,43,236
46067,6,11,62
46068,3,5,28
46069,14,20,100
46070,0,2,15
46071,3,8,52
46072,5,8,45
46073,1,5,37
46074,10,14,64
46075,2,4,24
46076,0,3,29
46077,0,2,11
46078,2,3,11
46079,7,11,61
46080,4,6,27
46081,9,12,50
46082,7,8,45
46083,7,14,76
46084,4,10,59
46085,7,12,67
46086,8,14,71
46087,8,13,66
46088,10,17,88
46089,2,6,44
46090,5,7,42
46091,8,13,70
46092,5,7,38
46093,4,6,35
46094,1,3,22
46095,7,11,61
46096,1,4,28
46097,1,5,43
46098,3,7,41
46099,10,17,82
46100,2,5,24
46101,6,10,48
46102,1,3,19
46103,5,10,53
46104,7,23,134
46105,1,3,30
46106,4,9,59
46107,5,8,47
46108,1,5,30
46109,5,11,51
46110,3,5,28
46111,8,14,72
46112,7,15,73
46113,17,33,168
46114,7,12,59
46115,8,17,92
46116,13,22,105
46117,2,4,26
46118,3,6,29
46119,2,5,31
46120,4,13,69
46121,5,8,38
46122,5,10,54
46123,10,14,72
46124,9,15,102
46125,9,16,83
46126,9,14,66
46127,9,13,60
46128,3,5,48
46129,3,5,24
46130,6,12,77
46131,6,13,68
46132,3,8,56
46133,2,4,35
46134,6,14,65
46135,5,8,39
46136,5,8,33
46137,13,28,138
46138,6,12,72
46139,14,25,132
46140,14,34,198
46141,14,26,171
46142,4,9,47
46143,13,23,110
46144,3,6,31
46145,3,4,20
46146,5,12,76
46147,3,6,37
46148,3,7,38
46149,4,11,60
46150,9,14,69
46151,3,4,21
46152,12,19,88
46153,10,20,127
46154,6,13,73
46155,22,39,202
46156,3,6,26
46157,16,29,162
46158,3,5,26
46159,8,15,81
46160,10,21,113
46161,15,23,112
46162,7,11,49
46163,4,9,50
46164,4,7,37
46165,5,9,41
46166,9,15,77
46167,10,17,91
46168,0,1,10
46169,4,7,31
46170,1,3,15
46171,9,16,79
46172,5,12,66
46173,0,4,28
46174,5,6,30
46175,3,5,28
46176,5,8,41
46177,9,15,75
46178,2,4,21
46179,6,9,44
46180,3,5,33
46181,3,3,13
46182,3,4,25
46183,1,3,18
46184,2,4,25
46185,3,4,26
46186,0,1,12
46187,1,4,29
46188,13,22,102
46189,9,12,64
46190,2,5,36
46191,5,10,52
46192,2,4,26
46193,7,11,57
46194,6,15,82
46195,6,12,65
46196,12,16,76
46197,0,1,10
46198,10,13,63
46199,2,4,28
46200,3,5,41
46201,3,3,20
46202,1,1,9
46203,12,19,105
46204,5,9,45
46205,4,10,53
46206,7,17,94
46207,4,7,35
46208,9,17,97
46209,7,13,77
46210,2,3,18
46211,8,15,88
46212,10,19,120
46213,19,32,169
46214,13,21,98
46215,7,15,82
46216,4,10,57
46217,5,8,58
46218,18,28,141
46219,2,8,42
46220,8,15,84
46221,4,6,38
46222,6,18,100
46223,2,5,28
46224,8,14,90
46225,3,5,24
46226,5,10,50
46227,10,19,95
46228,4,10,55
46229,8,15,77
46230,6,8,35
46231,3,5,22
46232,6,15,85
46233,10,19,109
46234,6,14,73
46235,5,10,54
46236,11,21,117
46237,6,13,67
46238,15,26,127
46239,5,10,56
46240,13,22,118
46241,7,16,101
46242,2,6,35
46243,10,16,91
46244,12,27,161
46245,12,19,107
46246,6,11,54
46247,8,17,94
46248,5,12,54
46249,9,18,95
46250,2,6,40
46251,2,7,51
46252,9,15,71
46253,28,45,217
46254,1,2,11
46255,2,5,32
46256,8,16,78
46257,2,4,21
46258,12,24,122
46259,16,29,156
46260,1,3,22
46261,4,8,39
46262,3,6,34
46263,2,5,22
46264,16,26,132
46265,10,15,72
46266,4,8,42
46267,5,8,43
46268,4,7,40
46269,5,6,34
46270,5,11,63
46271,6,9,48
46272,11,21,105
46273,6,9,47
46274,24,47,288
46275,1,4,27
46276,42,79,427
46277,3,10,77
46278,21,33,183
46279,8,17,108
46280,33,59,375
46281,0,3,20
46282,13,23,135
46283,7,17,104
46284,10,18,97
46285,7,18,113
46286,3,4,21
46287,10,18,105
46288,7,15,82
46289,7,13,75
46290,0,1,12
46291,0,1,7
46292,0,2,14
46293,2,4,26
46294,1,3,18
46295,2,3,25
46296,0,1,11
46297,4,14,73
46298,0,1,10
46299,2,7,48
46300,3,7,39
46301,7,12,57
46302,2,3,21
46303,1,3,27
46304,5,11,67
46305,2,7,47
46306,1,4,26
46307,1,3,21
46308,1,5,33
46309,1,7,46
46310,3,5,30
46311,1,4,36
46312,2,4,27
46313,2,7,39
46314,19,29,165
46315,4,8,42
46316,14,28,171
46317,8,11,62
46318,18,32,179
46319,11,20,109
46320,1,4,25
46321,3,6,38
46322,4,6,32
46323,0,1,12
46324,4,8,50
46325,3,5,28
46326,8,15,77
46327,0,3,24
46328,4,5,25
46329,1,2,17
46330,2,3,18
46331,0,1,11
46332,5,6,34
46333,1,2,16
46334,5,10,59
46335,6,12,80
46336,3,6,36
46337,1,3,28
46338,1,2,14
46339,1,5,33
46340,3,4,19
46341,3,6,38
46342,5,11,58
46343,16,27,167
46344,1,2,12
46345,9,16,91
46346,4,7,33
46347,3,5,25
46348,5,7,33
46349,4,5,27
46350,2,9,65
46351,3,6,36
46352,2,3,22
46353,0,1,8
46354,5,8,42
46355,3,4,24
46356,0,2,16
46357,2,6,33
46358,1,2,15
46359,4,7,45
46360,2,4,27
46361,6,10,47
46362,5,6,28
46363,4,8,41
46364,3,8,57
46365,1,6,47
46366,1,2,14
46367,4,8,46
46368,4,6,40
46369,0,1,8
46370,0,2,12
46371,2,3,18
46372,3,10,60
46373,5,7,41
46374,1,2,11
46375,3,5,26
46376,2,4,23
46377,7,15,89
46378,2,4,20
46379,1,2,14
46380,3,13,93
46381,4,6,29
46382,9,22,135
46383,0,1,6
46384,0,3,19
46385,1,3,19
46386,0,0,4
46387,7,19,106
46388,5,10,62
46389,15,33,188
46390,3,9,54
46391,2,4,18
46392,5,15,99
46393,8,22,146
46394,8,18,120
46395,15,35,225
46396,9,28,198
46397,13,30,207
46398,2,5,32
46399,10,23,153
46400,3,7,55
46401,7,26,222
46402,14,33,201
46403,16,40,283
46404,4,7,42
46405,12,23,127
46406,9,20,131
46407,3,6,40
46408,7,10,53
46409,2,5,32
46410,8,14,72
46411,4,5,24
46412,6,9,49
46413,5,12,79
46414,2,7,42
46415,1,4,23
46416,2,4,24
46417,4,5,29
46418,11,18,88
46419,9,14,85
46420,13,20,109
46421,8,20,127
46422,9,16,81
46423,6,9,49
46424,6,7,34
46425,6,11,51
46426,2,6,41
46427,11,18,83
46428,4,10,67
46429,5,12,66
46430,0,3,25
46431,1,6,35
46432,1,3,21
46433,3,4,23
46434,16,24,143
46435,20,31,156
46436,4,7,41
46437,10,16,90
46438,7,14,75
46439,4,9,46
46440,19,42,215
46441,22,39,221
46442,7,13,66
46443,14,28,156
46444,2,7,54
46445,11,35,237
46446,3,7,48
46447,7,17,89
46448,4,12,76
46449,8,9,39
46450,3,11,65
46451,10,20,120
46452,8,14,77
46453,4,12,64
46454,3,4,26
46455,1,3,17
46456,1,5,42
46457,3,4,28
46458,11,19,99
46459,4,6,35
46460,8,16,101
46461,3,4,22
46462,0,2,13
46463,5,7,46
46464,11,22,117
46465,4,7,40
46466,1,1,7
46467,1,1,6
46468,10,14,67
46469,5,7,30
46470,11,18,90
46471,4,6,25
46472,6,10,59
46473,2,6,44
46474,11,15,79
46475,13,19,80
46476,7,10,41
46477,4,7,67
46478,2,7,54
46479,10,15,91
46480,6,13,85
46481,1,3,25
46482,9,13,71
46483,10,18,98
46484,17,28,142
46485,9,14,78
46486,3,5,28
46487,2,4,29
46488,0,2,10
46489,10,22,133
46490,9,14,99
46491,0,1,16
46492,2,7,49
46493,9,17,112
46494,0,1,12
46495,1,5,37
46496,5,8,41
46497,2,3,17
46498,3,6,40
46499,5,8,46
46500,8,13,73
46501,3,7,46
46502,5,12,85
46503,12,26,172
46504,10,17,98
46505,3,8,58
46506,12,23,128
46507,1,4,30
46508,2,4,33
46509,9,22,124
46510,9,21,143
46511,6,16,102
46512,8,20,137
46513,6,18,120
46514,0,3,25
46515,9,20,115
46516,5,16,107
46517,10,23,162
46518,11,25,139
46519,9,24,130
46520,14,23,149
46521,18,41,224
46522,8,21,125
46523,17,34,215
46524,12,24,160
46525,8,20,108
46526,5,9,60
46527,19,32,158
46528,12,22,120
46529,17,29,184
46530,9,16,76
46531,6,8,46
46532,17,32,200
46533,11,20,120
46534,6,12,63
46535,1,5,27
46536,14,23,111
46537,5,9,47
46538,9,14,67
46539,3,6,36
46540,12,24,142
46541,14,23,104
46542,7,17,116
46543,0,1,9
46544,2,8,45
46545,6,9,42
46546,6,11,61
46547,1,2,10
46548,0,1,9
46549,6,14,70
46550,0,2,20
46551,1,4,24
46552,2,9,61
46553,6,10,69
46554,3,10,70
46555,9,13,68
46556,3,5,26
46557,4,7,31
46558,3,6,38
46559,3,5,26
46560,3,9,64
46561,3,7,45
46562,7,11,59
46563,0,0,1
46564,10,23,165
46565,11,20,122
46566,4,10,59
46567,9,19,107
46568,12,25,153
46569,12,30,177
46570,9,22,145
46571,6,13,75
46572,6,13,97
46573,6,12,78
46574,5,10,59
46575,8,17,123
46576,9,18,88
46577,9,16,86
46578,5,9,50
46579,8,21,136
46580,5,9,57
46581,4,10,59
46582,1,5,35
46583,11,21,106
46584,10,19,105
46585,2,8,56
46586,6,15,96
46587,4,9,63
46588,8,15,106
46589,3,8,60
46590,1,4,27
46591,8,22,133
46592,8,20,161
46593,8,14,77
46594,13,27,164
46595,8,18,115
46596,3,9,59
46597,10,20,136
46598,16,27,161
46599,8,15,73
46600,19,32,202
46601,12,21,109
46602,6,16,105
46603,0,0,1
46604,10,21,111
46605,6,18,116
46606,5,8,40
46607,2,4,20
46608,1,4,23
46609,3,6,41
46610,12,20,106
46611,9,16,85
46612,12,20,115
46613,7,13,74
46614,7,13,72
46615,9,11,52
46616,6,12,71
46617,1,4,29
46618,13,25,173
46619,3,5,38
46620,5,8,48
46621,9,16,93
46622,18,26,140
46623,3,6,42
46624,9,18,99
46625,3,7,57
46626,8,14,73
46627,12,20,94
46628,2,7,52
46629,0,3,30
46630,1,3,30
46631,10,18,89
46632,4,9,64
46633,0,2,17
46634,5,8,37
46635,5,7,38
46636,1,2,16
46637,3,5,22
46638,4,8,53
46639,10,16,94
46640,10,17,86
46641,2,5,29
46642,8,13,77
46643,10,22,132
46644,20,31,162
46645,13,21,127
46646,4,6,31
46647,8,17,88
46648,16,33,190
46649,23,46,282
46650,8,19,114
46651,0,4,26
46652,16,36,221
46653,9,24,150
46654,7,20,134
46655,5,7,37
46656,5,11,89
46657,15,36,224
46658,9,20,125
46659,14,27,185
46660,8,18,132
46661,16,33,198
46662,4,7,38
46663,8,16,79
46664,4,7,37
46665,2,4,21
46666,5,7,30
46667,10,17,89
46668,7,18,119
46669,6,10,47
46670,6,13,77
46671,4,5,21
46672,3,5,26
46673,9,14,59
46674,7,13,71
46675,13,24,143
46676,7,14,90
46677,0,1,15
46678,2,4,24
46679,0,2,22
46680,3,5,34
46681,5,6,31
46682,1,1,12
46683,3,4,18
46684,3,5,36
46685,2,6,34
46686,6,8,41
46687,5,10,59
46688,0,1,9
46689,6,9,43
46690,3,6,35
46691,6,10,59
46692,12,24,130
46693,7,14,87
46694,13,24,124
46695,3,7,46
46696,9,15,92
46697,5,9,53
46698,16,28,159
46699,20,42,229
46700,3,7,46
46701,13,25,136
46702,6,17,100
46703,4,5,26
46704,12,19,101
46705,14,28,159
46706,9,16,87
46707,16,33,187
46708,8,16,83
46709,9,13,66
46710,0,2,14
46711,10,16,80
46712,2,4,24
46713,17,25,126
46714,11,20,106
46715,13,23,129
46716,13,23,125
46717,6,9,55
46718,5,10,66
46719,9,21,118
46720,11,17,94
46721,14,19,85
46722,14,25,131
46723,0,1,18
46724,0,1,17
46725,8,13,65
46726,4,8,35
46727,7,14,81
46728,6,8,45
46729,9,15,76
46730,8,15,85
46731,8,12,71
46732,14,20,103
46733,3,6,36
46734,7,15,89
46735,5,16,100
46736,4,8,47
46737,1,2,11
46738,3,4,23
46739,12,20,102
46740,9,19,109
46741,4,9,67
46742,5,11,55
46743,3,9,47
46744,1,5,42
46745,5,10,65
46746,4,7,37
46747,11,17,89
46748,4,12,63
46749,0,1,18
46750,0,2,15
46751,0,1,12
46752,4,10,72
46753,3,7,44
46754,5,12,67
46755,12,23,138
46756,4,10,50
46757,10,19,113
46758,8,21,121
46759,5,12,78
46760,11,15,80
46761,7,14,94
46762,23,48,267
46763,7,11,62
46764,0,2,12
46765,6,11,58
46766,5,10,62
46767,3,6,42
46768,0,2,16
46769,2,5,41
46770,5,7,41
46771,4,5,23
46772,5,13,64
46773,4,6,37
46774,2,6,43
46775,0,1,12
46776,1,3,18
46777,1,5,48
46778,2,7,59
46779,6,8,39
46780,1,5,44
46781,3,7,52
46782,6,10,57
46783,3,6,35
46784,1,3,17
46785,0,3,30
46786,14,25,144
46787,8,15,82
46788,12,18,108
46789,4,10,64
46790,6,15,83
46791,2,3,28
46792,5,8,37
46793,11,20,118
46794,5,15,84
46795,16,32,203
46796,6,13,74
46797,14,26,156
46798,8,15,87
46799,9,18,99
46800,3,6,32
46801,4,7,48
46802,0,2,30
46803,3,8,44
46804,3,5,25
46805,2,4,29
46806,9,20,109
46807,12,22,136
46808,3,7,45
46809,4,9,48
46810,1,4,29
46811,5,7,37
46812,1,2,17
46813,3,9,60
46814,2,4,26
46815,6,13,74
46816,2,5,26
46817,2,6,42
46818,3,5,37
46819,9,19,102
46820,8,15,87
46821,2,3,23
46822,5,9,53
46823,7,10,64
46824,0,1,19
46825,0,2,20
46826,12,22,128
46827,4,10,64
46828,4,5,28
46829,3,7,35
46830,12,23,136
46831,6,9,46
46832,2,5,32
46833,8,16,89
46834,1,4,36
46835,5,10,57
46836,3,8,58
46837,3,3,21
46838,5,9,51
46839,6,11,60
46840,6,9,45
46841,1,5,36
46842,5,11,58
46843,2,7,46
46844,15,29,169
46845,13,23,119
46846,10,19,105
46847,8,14,82
46848,8,13,67
46849,14,23,124
46850,8,15,87
46851,16,29,163
46852,2,4,25
46853,5,8,41
46854,9,16,79
46855,1,3,19
46856,5,8,38
46857,6,6,28
46858,4,5,28
46859,9,17,87
46860,4,11,61
46861,3,6,35
46862,0,3,22
46863,7,10,58
46864,8,14,82
46865,3,9,61
46866,6,13,79
46867,3,7,59
46868,2,4,20
46869,2,3,14
46870,4,8,53
46871,6,14,104
46872,4,5,19
46873,10,16,82
46874,3,7,46
46875,9,18,103
46876,11,18,96
46877,11,20,95
46878,3,6,33
46879,5,11,65
46880,6,8,40
46881,8,20,129
46882,13,28,184
46883,10,19,99
46884,9,21,136
46885,2,7,47
46886,9,15,78
46887,17,26,131
46888,3,7,46
46889,5,10,59
46890,6,6,32
46891,3,3,22
46892,1,3,22
46893,3,8,48
46894,4,6,40
46895,7,8,40
46896,2,3,17
46897,6,8,37
46898,0,1,14
46899,3,9,59
46900,4,7,37
46901,0,1,9
46902,3,9,53
46903,2,5,38
46904,3,5,30
46905,2,8,58
46906,4,6,37
46907,0,2,19
46908,4,6,33
46909,6,10,50
46910,5,8,49
46911,5,12,70
46912,7,11,59
46913,7,13,70
46914,5,8,58
46915,8,14,79
46916,2,3,18
46917,7,12,71
46918,5,9,50
46919,4,6,34
46920,19,28,138
46921,2,4,21
46922,7,13,70
46923,5,8,41
46924,1,1,4
46925,5,7,36
46926,7,11,76
46927,4,5,28
46928,12,22,112
46929,2,5,31
46930,1,4,21
46931,4,5,24
46932,3,8,46
46933,3,5,31
46934,0,2,18
46935,1,5,40
46936,6,12,59
46937,4,6,37
46938,7,13,66
46939,4,7,32
46940,0,1,7
46941,10,25,148
46942,10,17,94
46943,6,14,99
46944,8,19,118
46945,2,10,73
46946,3,9,72
46947,14,26,153
46948,14,27,144
46949,5,9,42
46950,5,14,100
46951,22,43,266
46952,6,21,146
46953,18,34,226
46954,12,26,132
46955,3,10,66
46956,9,23,162
46957,12,21,118
46958,12,28,187
46959,15,52,403
46960,16,27,159
46961,6,13,91
46962,5,17,152
46963,6,15,98
46964,16,35,212
46965,4,10,59
46966,12,21,148
46967,5,13,80
46968,10,23,131
46969,10,20,106
46970,5,9,46
46971,4,10,70
46972,6,17,112
46973,6,17,108
46974,7,13,76
46975,6,17,108
46976,3,7,37
46977,7,18,124
46978,5,14,89
46979,3,13,124
46980,2,4,25
46981,7,17,105
46982,4,8,55
46983,6,13,74
46984,1,2,14
46985,3,7,36
46986,0,3,24
46987,7,16,112
46988,0,1,14
46989,1,3,16
46990,7,13,73
46991,3,6,39
46992,4,12,80
46993,16,27,138
46994,2,6,44
46995,3,9,61
46996,5,8,44
46997,3,6,47
46998,8,18,115
46999,9,19,131
47000,14,29,162
47001,9,22,136
47002,12,26,153
47003,4,5,26
47004,10,20,131
47005,4,6,44
47006,1,2,17
47007,6,13,78
47008,8,15,98
47009,5,13,78
47010,10,24,152
47011,3,7,58
47012,23,62,432
47013,5,13,97
47014,7,17,104
47015,11,25,188
47016,11,20,123
47017,5,12,83
47018,8,17,126
47019,5,11,81
47020,8,21,136
47021,2,7,52
47022,15,27,175
47023,5,14,105
47024,14,33,216
47025,16,30,186
47026,7,16,100
47027,8,15,77
47028,14,27,155
47029,10,19,119
47030,8,13,85
47031,8,18,112
47032,11,21,128
47033,8,20,125
47034,4,11,74
47035,9,22,189
47036,5,7,35
47037,9,20,122
47038,14,30,179
47039,14,30,172
47040,8,14,78
47041,4,15,100
47042,19,35,210
47043,5,12,83
47044,3,7,39
47045,11,22,121
47046,14,26,156
47047,1,4,32
47048,0,2,20
47049,2,9,77
47050,3,4,28
47051,4,10,67
47052,7,10,57
47053,2,4,20
47054,9,15,95
47055,10,19,118
47056,10,16,93
47057,4,11,72
47058,19,35,211
47059,5,8,39
47060,5,6,34
47061,16,31,179
47062,2,8,47
47063,6,13,84
47064,9,18,97
47065,6,9,44
47066,2,5,35
47067,2,4,21
47068,2,3,25
47069,1,4,42
47070,5,6,28
47071,4,11,63
47072,2,6,41
47073,4,9,64
47074,4,6,33
47075,8,15,81
47076,4,8,42
47077,16,29,161
47078,6,8,36
47079,9,17,83
47080,6,13,69
47081,4,8,39
47082,5,9,47
47083,7,13,68
47084,6,12,65
47085,4,6,36
47086,13,26,129
47087,2,6,32
47088,1,5,37
47089,6,13,70
47090,3,5,32
47091,2,3,12
47092,0,3,27
47093,0,4,27
47094,5,10,48
47095,4,6,31
47096,4,7,44
47097,3,4,22
47098,3,4,22
47099,6,12,58
47100,7,12,61
47101,7,15,99
47102,2,5,37
47103,4,8,61
47104,5,11,74
47105,8,18,112
47106,4,9,55
47107,4,9,56
47108,9,15,89
47109,12,21,127
47110,6,18,102
47111,2,4,21
47112,4,8,48
47113,6,11,56
47114,6,11,55
47115,4,6,40
47116,2,2,8
47117,5,11,57
47118,4,8,47
47119,6,9,50
47120,18,28,131
47121,4,8,52
47122,10,21,127
47123,7,12,68
47124,6,16,132
47125,1,5,36
47126,4,11,76
47127,4,7,36
47128,3,5,22
47129,3,6,30
47130,3,6,36
47131,7,12,95
47132,4,8,53
47133,9,16,82
47134,3,9,63
47135,1,3,32
47136,3,6,29
47137,5,8,37
47138,6,9,40
47139,19,30,166
47140,6,12,56
47141,1,3,28
47142,0,2,14
47143,5,7,41
47144,3,8,57
47145,3,3,17
47146,4,7,38
47147,6,9,34
47148,19,41,211
47149,3,9,50
47150,7,10,67
47151,19,27,169
47152,8,19,132
47153,4,5,24
47154,12,25,156
47155,6,13,73
47156,3,6,33
47157,3,6,35
47158,4,9,54
47159,3,6,41
47160,14,34,202
47161,1,5,32
47162,12,24,135
47163,5,9,53
47164,9,23,148
47165,5,11,54
47166,6,9,49
47167,13,20,111
47168,2,4,21
47169,3,5,23
47170,8,14,67
47171,3,6,31
47172,6,10,64
47173,12,26,170
47174,7,16,92
47175,3,12,81
47176,11,22,147
47177,7,16,96
47178,6,13,73
47179,8,10,55
47180,19,35,199
47181,12,20,111
47182,7,12,69
47183,22,46,265
47184,16,29,164
47185,1,14,110
47186,0,3,23
47187,0,3,20
47188,8,19,118
47189,4,7,50
47190,2,5,47
47191,20,34,182
47192,5,13,80
47193,3,5,26
47194,6,14,76
47195,10,14,67
47196,3,6,32
47197,13,25,126
47198,10,21,129
47199,0,0,3
47200,5,8,42
47201,4,7,35
47202,6,16,92
47203,7,13,73
47204,10,18,97
47205,18,34,182
47206,0,4,33
47207,8,13,68
47208,21,30,158
47209,6,9,47
47210,11,28,171
47211,8,16,82
47212,4,6,31
47213,14,21,97
47214,3,4,19
47215,5,10,57
47216,18,34,175
47217,6,14,72
47218,9,16,72
47219,11,14,61
47220,2,9,52
47221,4,6,24
47222,6,11,55
47223,8,11,59
47224,5,6,37
47225,11,21,104
47226,15,23,108
47227,16,27,137
47228,7,14,89
47229,13,23,116
47230,4,10,56
47231,5,12,64
47232,5,7,29
47233,8,18,108
47234,8,14,73
47235,14,26,130
47236,5,11,50
47237,23,35,181
47238,12,25,149
47239,15,34,174
47240,6,11,52
47241,12,24,106
47242,3,9,53
47243,12,18,87
47244,8,16,103
47245,8,17,106
47246,16,27,145
47247,8,14,79
47248,16,25,134
47249,15,26,140
47250,6,12,58
47251,14,25,120
47252,8,14,74
47253,8,12,66
47254,2,6,29
47255,4,7,42
47256,2,8,46
47257,3,5,32
47258,8,14,79
47259,1,2,11
47260,2,5,31
47261,3,6,33
47262,8,13,60
47263,9,14,70
47264,15,27,130
47265,13,25,147
47266,14,26,132
47267,13,21,118
47268,11,18,97
47269,8,15,84
47270,7,15,63
47271,5,9,51
47272,14,24,120
47273,2,8,48
47274,8,16,88
47275,14,31,165
47276,6,12,78
47277,11,18,101
47278,20,34,168
47279,3,6,31
47280,17,32,176
47281,9,15,79
47282,7,8,46
47283,1,2,10
47284,2,6,42
47285,1,4,26
47286,7,12,58
47287,5,5,33
47288,3,4,27
47289,0,2,15
47290,3,7,42
47291,2,5,29
47292,8,13,78
47293,6,12,83
47294,0,2,17
47295,6,10,58
47296,4,5,30
47297,2,7,45
47298,3,8,52
47299,4,10,58
47300,6,10,60
47301,4,6,33
47302,2,6,32
47303,0,1,11
47304,0,2,15
47305,19,37,185
47306,8,14,74
47307,4,6,38
47308,2,6,34
47309,5,7,32
47310,5,7,33
47311,6,16,105
47312,8,10,48
47313,3,5,34
47314,11,17,86
47315,6,16,95
47316,5,9,46
47317,4,9,54
47318,11,18,80
47319,3,6,39
47320,1,4,33
47321,1,4,30
47322,5,9,41
47323,2,5,34
47324,1,5,38
47325,6,15,84
47326,10,20,100
47327,3,7,44
47328,8,15,79
47329,6,10,60
47330,3,3,18
47331,4,5,26
47332,1,3,19
47333,3,5,23
47334,9,13,60
47335,7,11,50
47336,0,1,10
47337,10,15,75
47338,4,7,54
47339,7,10,48
47340,6,12,66
47341,4,7,41
47342,1,2,17
47343,4,9,51
47344,8,12,57
47345,5,9,46
47346,1,3,27
47347,5,10,60
47348,2,4,28
47349,1,2,13
47350,8,11,50
47351,3,5,28
47352,1,3,16
47353,3,7,58
47354,5,12,58
47355,6,15,90
47356,6,12,67
47357,10,15,75
47358,6,13,83
47359,0,2,16
47360,3,3,23
47361,3,5,38
47362,3,5,30
47363,12,19,99
47364,12,19,85
47365,7,12,61
47366,3,7,41
47367,6,10,45
47368,4,8,53
47369,14,24,112
47370,1,4,31
47371,4,8,47
47372,1,3,16
47373,4,7,38
47374,6,13,83
47375,3,6,34
47376,6,9,39
47377,1,4,28
47378,6,11,66
47379,2,6,43
47380,4,8,40
47381,1,2,13
47382,3,5,32
47383,2,4,19
47384,1,3,23
47385,5,12,70
47386,11,16,89
47387,3,7,44
47388,9,16,91
47389,14,25,146
47390,1,5,33
47391,4,5,30
47392,7,15,76
47393,0,3,22
47394,4,6,32
47395,7,10,50
47396,2,5,28
47397,6,11,56
47398,15,22,111
47399,9,13,59
47400,9,27,158
47401,6,13,61
47402,5,9,51
47403,6,10,53
47404,6,13,68
47405,2,5,37
47406,1,2,14
47407,5,7,37
47408,8,15,95
47409,5,11,59
47410,7,14,69
47411,2,3,16
47412,4,14,76
47413,4,6,27
47414,2,3,18
47415,3,5,32
47416,4,5,27
47417,2,4,22
47418,9,17,87
47419,9,17,105
47420,0,1,11
47421,5,6,36
47422,2,7,56
47423,1,2,17
47424,5,13,70
47425,4,11,65
47426,4,7,42
47427,1,2,9
47428,4,8,39
47429,10,14,57
47430,3,6,31
47431,10,18,82
47432,0,1,6
47433,4,8,40
47434,3,6,31
47435,8,16,81
47436,1,3,22
47437,4,9,57
47438,2,5,33
47439,1,2,15
47440,2,4,23
47441,4,8,45
47442,1,3,16
47443,7,14,71
47444,13,27,162
47445,9,13,59
47446,8,18,97
47447,9,19,96
47448,2,5,26
47449,2,7,50
47450,4,5,29
47451,4,8,43
47452,3,8,42
47453,13,22,110
47454,6,11,57
47455,4,7,50
47456,4,6,29
47457,4,7,37
47458,4,8,42
47459,3,6,33
47460,5,6,26
47461,4,6,39
47462,0,1,18
47463,1,4,20
47464,1,4,22
47465,3,7,31
47466,8,21,112
47467,4,12,68
47468,2,6,35
47469,5,8,49
47470,5,8,37
47471,3,5,21
47472,2,4,29
47473,6,13,74
47474,2,4,22
47475,4,8,38
47476,4,10,58
47477,3,8,46
47478,3,4,28
47479,2,4,22
47480,4,6,43
47481,3,7,50
47482,4,10,59
47483,2,5,26
47484,5,8,42
47485,5,6,25
47486,4,6,29
47487,4,10,63
47488,12,24,127
47489,0,0,11
47490,5,9,49
47491,5,11,55
47492,19,36,201
47493,31,57,284
47494,0,3,23
47495,7,13,75
47496,8,14,75
47497,13,24,133
47498,19,37,191
47499,5,12,72
47500,4,8,45
47501,12,27,141
47502,11,25,144
47503,19,38,194
47504,10,20,120
47505,7,15,87
47506,4,7,42
47507,7,13,76
47508,3,10,67
47509,13,24,120
47510,1,2,16
47511,4,6,37
47512,7,10,51
47513,1,2,15
47514,3,6,41
47515,4,7,45
47516,7,13,61
47517,1,7,41
47518,16,27,129
47519,4,10,72
47520,8,15,75
47521,7,13,66
47522,5,9,50
47523,4,7,33
47524,8,12,49
47525,14,24,130
47526,7,12,61
47527,2,7,48
47528,2,4,21
47529,7,15,80
47530,4,8,37
47531,4,7,35
47532,7,12,63
47533,5,10,54
47534,12,20,99
47535,13,22,109
47536,1,6,45
47537,1,4,21
47538,4,7,49
47539,18,33,164
47540,23,42,227
47541,4,9,51
47542,6,13,70
47543,0,0,10
47544,11,24,118
47545,16,37,206
47546,12,23,116
47547,11,24,135
47548,8,18,94
47549,6,11,61
47550,2,6,35
47551,3,7,32
47552,11,20,101
47553,2,6,44
47554,3,5,24
47555,10,20,105
47556,18,27,133
47557,5,7,34
47558,9,15,81
47559,11,17,83
47560,14,26,137
47561,17,29,154
47562,3,6,36
47563,1,5,33
47564,16,27,138
47565,3,5,25
47566,4,8,46
47567,6,12,80
47568,3,7,35
47569,5,10,55
47570,5,8,46
47571,8,16,80
47572,3,6,38
47573,3,7,42
47574,3,7,44
47575,2,3,22
47576,1,2,14
47577,3,9,56
47578,6,10,48
47579,3,6,37
47580,3,4,26
47581,1,3,20
47582,1,3,21
47583,5,8,41
47584,1,5,37
47585,9,14,81
47586,4,13,76
47587,6,10,49
47588,3,4,18
47589,9,13,60
47590,1,5,39
47591,3,10,59
47592,3,6,37
47593,4,9,49
47594,8,18,100
47595,8,14,83
47596,3,7,38
47597,7,13,68
47598,2,4,28
47599,3,5,26
47600,6,10,49
47601,14,21,119
47602,5,10,51
47603,2,6,34
47604,8,12,61
47605,0,3,18
47606,15,21,105
47607,1,4,27
47608,4,11,59
47609,4,8,47
47610,3,5,23
47611,3,6,33
47612,2,4,27
47613,1,4,30
47614,1,3,29
47615,0,3,21
47616,3,5,34
47617,1,2,12
47618,6,14,85
47619,1,3,15
47620,5,8,47
47621,3,7,38
47622,3,6,36
47623,15,28,154
47624,6,11,53
47625,5,10,51
47626,3,7,38
47627,9,17,94
47628,9,20,103
47629,6,13,75
47630,5,11,51
47631,0,4,21
47632,5,12,65
47633,3,8,51
47634,1,3,28
47635,1,2,20
47636,2,4,24
47637,3,4,28
47638,2,4,20
47639,10,17,87
47640,6,19,116
47641,4,8,43
47642,7,11,55
47643,4,9,57
47644,5,12,60
47645,6,14,81
47646,1,4,22
47647,3,8,44
47648,5,11,66
47649,13,23,126
47650,3,8,52
47651,1,4,22
47652,2,3,21
47653,1,2,13
47654,5,7,40
47655,0,2,11
47656,5,10,52
47657,4,6,32
47658,5,15,91
47659,4,12,68
47660,2,3,19
47661,1,2,9
47662,0,1,14
47663,3,10,59
47664,3,3,21
47665,1,2,14
47666,0,1,16
47667,0,3,23
47668,3,4,27
47669,4,5,26
47670,2,5,24
47671,10,17,72
47672,3,8,48
47673,8,19,107
47674,4,9,55
47675,4,10,57
47676,4,8,46
47677,1,3,17
47678,2,4,19
47679,10,15,72
47680,7,12,67
47681,7,14,69
47682,11,21,113
47683,7,9,36
47684,4,11,65
47685,2,6,34
47686,3,6,35
47687,5,10,58
47688,5,9,53
47689,5,11,72
47690,8,14,82
47691,0,1,17
47692,0,2,13
47693,2,3,36
47694,15,28,144
47695,2,3,19
47696,5,8,42
47697,10,20,116
47698,11,16,91
47699,3,8,47
47700,4,6,33
47701,6,10,60
47702,3,8,47
47703,10,20,120
47704,5,11,53
47705,7,17,103
47706,2,4,23
47707,21,42,213
47708,4,8,40
47709,3,7,40
47710,3,8,42
47711,5,12,70
47712,6,15,91
47713,2,11,88
47714,16,28,129
47715,4,8,46
47716,11,21,111
47717,7,15,83
47718,3,5,24
47719,9,16,88
47720,5,9,46
47721,7,19,123
47722,9,18,108
47723,4,12,68
47724,1,6,39
47725,5,10,69
47726,2,4,25
47727,2,6,32
47728,7,15,82
47729,7,13,72
47730,10,18,87
47731,6,11,58
47732,2,5,35
47733,7,12,62
47734,10,16,84
47735,4,9,48
47736,6,13,76
47737,3,8,51
47738,9,16,87
47739,6,14,81
47740,9,16,92
47741,3,5,27
47742,4,10,62
47743,5,12,67
47744,4,8,40
47745,8,18,99
47746,2,4,22
47747,2,5,36
47748,2,5,34
47749,2,6,35
47750,4,8,48
47751,3,8,50
47752,0,1,21
47753,0,2,15
47754,2,5,44
47755,1,5,33
47756,0,2,17
47757,0,1,12
47758,0,1,12
47759,8,16,89
47760,5,8,52
47761,8,17,98
47762,3,5,31
47763,2,6,36
47764,4,9,46
47765,3,6,39
47766,0,3,19
47767,2,5,36
47768,0,1,13
47769,4,10,53
47770,5,9,49
47771,8,13,71
47772,8,19,112
47773,14,25,131
47774,8,11,54
47775,5,12,72
47776,8,15,71
47777,8,12,73
47778,1,1,7
47779,7,11,60
47780,1,3,18
47781,3,4,26
47782,0,7,54
47783,0,3,29
47784,3,6,29
47785,2,9,47
47786,2,7,51
47787,7,13,70
47788,5,10,56
47789,1,2,11
47790,3,8,45
47791,2,9,65
47792,13,26,135
47793,3,5,27
47794,7,11,55
47795,1,6,38
47796,10,16,78
47797,4,8,42
47798,2,6,31
47799,4,15,85
47800,4,8,54
47801,9,19,98
47802,2,4,19
47803,4,6,35
47804,6,13,67
47805,10,17,107
47806,12,17,84
47807,6,7,34
47808,9,14,79
47809,6,13,69
47810,2,4,19
47811,5,11,55
47812,4,6,33
47813,3,5,29
47814,1,3,24
47815,5,13,67
47816,11,14,83
47817,10,18,97
47818,5,16,90
47819,2,5,40
47820,5,10,55
47821,5,10,47
47822,1,3,25
47823,7,13,68
47824,10,14,85
47825,2,7,58
47826,20,44,256
47827,11,21,128
47828,15,24,137
47829,6,11,73
47830,6,10,56
47831,22,37,177
47832,2,8,51
47833,3,6,36
47834,3,4,22
47835,1,5,42
47836,5,7,34
47837,1,3,23
47838,0,0,2
47839,5,14,91
47840,0,0,4
47841,0,1,6
47842,7,18,100
47843,6,10,45
47844,10,22,116
47845,14,30,165
47846,5,10,49
47847,7,15,79
47848,3,13,93
47849,13,27,135
47850,3,8,48
47851,4,7,39
47852,9,22,143
47853,4,19,119
47854,3,9,59
47855,3,5,23
47856,7,16,74
47857,5,8,40
47858,16,30,181
47859,1,7,53
47860,11,19,103
47861,2,6,45
47862,2,4,23
47863,4,7,41
47864,4,7,31
47865,5,6,30
47866,3,6,39
47867,8,16,113
47868,2,5,31
47869,3,6,27
47870,7,14,75
47871,2,9,57
47872,4,7,33
47873,11,20,87
47874,7,13,69
47875,4,7,32
47876,3,5,21
47877,2,6,35
47878,6,11,51
47879,0,3,25
47880,4,7,34
47881,0,4,26
47882,4,8,46
47883,6,13,72
47884,2,4,24
47885,11,22,107
47886,8,21,105
47887,6,12,57
47888,5,9,43
47889,3,4,37
47890,0,1,15
47891,0,2,13
47892,8,14,66
47893,4,10,71
47894,1,2,14
47895,1,2,11
47896,2,3,22
47897,1,3,22
47898,5,12,66
47899,10,24,135
47900,10,23,150
47901,7,13,62
47902,1,3,19
47903,2,5,27
47904,10,23,125
47905,4,12,73
47906,3,5,27
47907,5,8,38
47908,5,10,67
47909,0,3,27
47910,2,4,26
47911,3,5,30
47912,6,11,53
47913,4,8,47
47914,6,17,121
47915,1,6,39
47916,7,14,74
47917,4,9,46
47918,8,15,82
47919,2,4,17
47920,5,10,54
47921,4,9,51
47922,5,7,33
47923,3,5,29
47924,10,18,102
47925,5,10,57
47926,3,8,43
47927,7,12,69
47928,4,6,28
47929,8,17,79
47930,5,19,106
47931,14,27,145
47932,0,2,14
47933,6,13,69
47934,5,11,74
47935,2,8,51
47936,13,24,117
47937,2,5,39
47938,8,16,87
47939,5,8,44
47940,8,18,95
47941,3,8,39
47942,11,19,92
47943,8,15,73
47944,2,7,44
47945,8,16,79
47946,5,11,57
47947,13,20,92
47948,1,7,45
47949,19,41,245
47950,12,34,224
47951,11,27,161
47952,4,7,38
47953,2,6,42
47954,8,15,72
47955,13,21,107
47956,6,15,92
47957,6,12,70
47958,5,8,39
47959,3,4,19
47960,1,5,39
47961,2,4,23
47962,3,5,32
47963,3,5,30
47964,9,18,116
47965,4,7,36
47966,4,6,39
47967,2,3,20
47968,2,4,21
47969,2,4,18
47970,7,11,57
47971,2,4,20
47972,5,9,44
47973,2,6,46
47974,3,5,32
47975,12,16,78
47976,6,8,39
47977,4,6,32
47978,3,3,16
47979,3,4,20
47980,12,24,127
47981,4,7,37
47982,19,39,226
47983,4,7,32
47984,11,18,91
47985,3,4,28
47986,7,12,67
47987,2,3,23
47988,3,7,45
47989,0,2,17
47990,2,4,23
47991,1,3,18
47992,2,3,15
47993,2,3,12
47994,4,9,45
47995,1,4,28
47996,4,10,61
47997,11,17,85
47998,4,7,47
47999,1,3,24
48000,2,3,28
48001,8,13,57
48002,4,6,36
48003,3,6,26
48004,6,7,32
48005,3,5,24
48006,1,5,37
48007,8,10,52
48008,5,8,37
48009,5,7,33
48010,1,2,12
48011,6,10,49
48012,6,10,55
48013,13,20,94
48014,6,11,69
48015,2,3,20
48016,2,5,28
48017,3,7,43
48018,6,11,52
48019,2,3,15
48020,8,16,87
48021,12,19,96
48022,8,12,60
48023,17,26,126
48024,7,12,50
48025,10,16,78
48026,4,7,35
48027,3,5,29
48028,5,12,71
48029,11,16,77
48030,4,5,23
48031,2,3,26
48032,4,9,52
48033,10,15,74
48034,11,20,100
48035,4,7,62
48036,6,14,80
48037,4,7,42
48038,2,2,9
48039,3,5,28
48040,5,10,59
48041,3,8,51
48042,1,3,22
48043,4,8,41
48044,6,11,71
48045,3,7,51
48046,4,7,55
48047,7,12,77
48048,4,6,28
48049,4,5,24
48050,7,13,74
48051,2,5,30
48052,1,5,28
48053,4,6,35
48054,3,5,40
48055,11,20,96
48056,1,4,23
48057,4,7,49
48058,10,18,90
48059,3,7,39
48060,3,3,22
48061,1,2,10
48062,1,3,26
48063,3,5,30
48064,8,15,83
48065,2,3,18
48066,1,4,27
48067,4,8,46
48068,2,4,29
48069,3,7,38
48070,3,6,32
48071,2,2,11
48072,0,1,6
48073,7,10,52
48074,7,10,46
48075,10,18,92
48076,11,22,112
48077,6,10,56
48078,4,5,28
48079,4,5,24
48080,8,12,58
48081,14,23,118
48082,3,5,25
48083,5,9,46
48084,9,15,72
48085,6,10,71
48086,6,11,59
48087,17,29,147
48088,6,8,41
48089,11,19,129
48090,4,10,56
48091,4,6,27
48092,21,33,176
48093,11,16,96
48094,10,16,86
48095,9,16,113
48096,4,6,31
48097,6,13,74
48098,2,5,29
48099,3,3,16
48100,5,11,64
48101,9,13,68
48102,11,17,81
48103,13,20,107
48104,3,5,27
48105,5,9,46
48106,7,11,52
48107,8,13,84
48108,11,18,106
48109,5,10,55
48110,4,4,15
48111,6,14,80
48112,4,7,35
48113,5,15,98
48114,6,9,47
48115,4,13,72
48116,0,4,25
48117,13,21,100
48118,11,16,81
48119,4,5,25
48120,3,8,48
48121,4,11,69
48122,11,20,113
48123,7,17,101
48124,4,6,32
48125,9,18,98
48126,0,0,1
48127,13,22,106
48128,11,20,109
48129,3,6,32
48130,7,10,54
48131,9,16,87
48132,5,7,35
48133,4,8,44
48134,0,2,15
48135,10,15,73
48136,8,14,75
48137,11,27,147
48138,12,23,126
48139,3,4,21
48140,17,31,163
48141,8,14,80
48142,7,13,70
48143,12,22,118
48144,9,15,81
48145,3,10,55
48146,15,26,143
48147,8,14,74
48148,11,24,154
48149,2,4,24
48150,2,4,21
48151,11,15,77
48152,8,11,63
48153,4,7,33
48154,8,13,74
48155,5,8,43
48156,8,17,96
48157,6,11,62
48158,11,22,106
48159,6,11,56
48160,3,4,25
48161,2,4,27
48162,3,6,33
48163,10,16,82
48164,3,6,34
48165,8,13,78
48166,2,8,49
48167,4,7,36
48168,7,12,68
48169,6,13,66
48170,2,5,33
48171,8,15,85
48172,6,17,93
48173,11,17,91
48174,8,11,50
48175,15,29,137
48176,4,10,53
48177,4,7,39
48178,18,37,196
48179,7,13,87
48180,12,27,159
48181,3,6,40
48182,13,20,118
48183,10,22,134
48184,4,9,46
48185,6,10,47
48186,6,11,53
48187,8,17,102
48188,4,9,55
48189,9,19,123
48190,18,37,197
48191,11,21,107
48192,9,19,102
48193,14,23,126
48194,7,12,67
48195,7,12,68
48196,2,4,20
48197,9,18,93
48198,13,23,132
48199,3,8,51
48200,7,18,100
48201,8,20,135
48202,11,26,131
48203,17,31,147
48204,17,28,139
48205,14,23,113
48206,17,27,140
48207,21,37,214
48208,23,44,240
48209,6,15,92
48210,12,27,144
48211,20,36,211
48212,3,7,41
48213,3,5,38
48214,10,19,109
48215,11,17,87
48216,14,25,122
48217,7,10,46
48218,8,12,48
48219,6,8,34
48220,10,18,89
48221,8,13,65
48222,11,19,93
48223,3,5,31
48224,2,3,15
48225,6,12,74
48226,11,21,116
48227,4,10,63
48228,11,19,96
48229,6,14,88
48230,4,15,110
48231,7,15,99
48232,3,7,43
48233,13,24,150
48234,9,18,92
48235,8,12,66
48236,14,34,219
48237,6,11,59
48238,14,22,118
48239,2,7,46
48240,14,23,111
48241,17,24,121
48242,6,14,87
48243,10,17,92
48244,8,12,58
48245,9,20,105
48246,1,5,36
48247,10,24,141
48248,7,12,65
48249,6,14,81
48250,3,5,26
48251,15,27,134
48252,10,20,83
48253,1,3,23
48254,4,7,37
48255,3,6,31
48256,13,20,108
48257,7,14,75
48258,4,14,93
48259,1,4,43
48260,7,16,93
48261,14,30,167
48262,7,13,72
48263,6,7,29
48264,16,29,162
48265,6,10,55
48266,3,4,24
48267,9,19,113
48268,11,15,75
48269,9,16,106
48270,9,13,63
48271,7,13,65
48272,4,6,39
48273,13,28,165
48274,8,16,92
48275,6,12,67
48276,21,37,212
48277,9,16,92
48278,9,16,74
48279,2,3,18
48280,2,3,20
48281,8,20,126
48282,4,11,61
48283,5,8,51
48284,2,4,23
48285,7,9,44
48286,3,6,35
48287,3,10,63
48288,3,8,46
48289,7,11,54
48290,5,11,61
48291,2,5,27
48292,12,22,125
48293,1,2,12
48294,0,2,15
48295,6,10,68
48296,12,22,125
48297,3,4,21
48298,3,10,63
48299,3,4,19
48300,3,6,38
48301,9,19,112
48302,2,9,58
48303,5,9,46
48304,7,8,45
48305,4,10,62
48306,3,5,29
48307,3,4,20
48308,4,8,44
48309,2,4,31
48310,5,7,38
48311,3,6,33
48312,7,13,70
48313,2,5,33
48314,1,3,20
48315,2,4,25
48316,2,6,41
48317,5,9,53
48318,1,5,30
48319,7,17,109
48320,2,3,16
48321,2,7,40
48322,3,6,29
48323,6,14,79
48324,2,7,44
48325,5,15,86
48326,10,18,95
48327,1,3,16
48328,8,22,134
48329,10,23,138
48330,0,2,12
48331,9,17,96
48332,1,6,40
48333,1,4,21
48334,8,15,78
48335,9,16,80
48336,8,22,144
48337,3,11,69
48338,4,10,62
48339,4,7,37
48340,2,4,37
48341,9,12,56
48342,5,6,25
48343,5,9,50
48344,6,9,51
48345,2,11,68
48346,0,2,17
48347,2,5,30
48348,4,7,41
48349,3,5,25
48350,3,5,33
48351,3,6,28
48352,0,2,18
48353,5,11,68
48354,4,9,50
48355,7,11,61
48356,18,37,198
48357,15,29,155
48358,4,10,62
48359,5,8,50
48360,5,13,71
48361,7,14,86
48362,11,22,117
48363,7,16,91
48364,10,23,133
48365,9,17,90
48366,6,12,61
48367,4,10,50
48368,11,20,118
48369,4,7,32
48370,6,10,51
48371,1,4,26
48372,9,20,121
48373,5,10,59
48374,1,4,25
48375,1,5,29
48376,9,21,118
48377,7,17,109
48378,8,13,72
48379,8,17,98
48380,8,15,84
48381,0,2,15
48382,3,6,39
48383,2,4,19
48384,7,12,66
48385,2,3,17
48386,9,14,88
48387,7,17,98
48388,1,2,11
48389,3,4,23
48390,9,18,97
48391,2,4,30
48392,1,3,38
48393,3,4,31
48394,1,3,22
48395,0,2,20
48396,0,2,19
48397,1,2,15
48398,4,8,65
48399,2,5,32
48400,6,13,79
48401,0,1,13
48402,3,6,32
48403,3,6,29
48404,3,6,29
48405,5,9,58
48406,2,4,24
48407,1,3,17
48408,2,5,32
48409,1,5,25
48410,2,5,23
48411,4,5,25
48412,3,5,29
48413,6,7,41
48414,0,3,24
48415,4,7,38
48416,5,7,38
48417,5,6,34
48418,5,8,43
48419,0,0,2
48420,3,4,23
48421,4,10,56
48422,2,4,20
48423,5,10,50
48424,3,5,28
48425,10,22,121
48426,3,6,25
48427,0,2,15
48428,0,2,11
48429,5,20,123
48430,14,26,146
48431,4,10,60
48432,4,10,55
48433,6,12,66
48434,10,24,142
48435,4,10,54
48436,6,13,68
48437,4,8,47
48438,10,21,143
48439,8,16,92
48440,19,37,213
48441,3,6,36
48442,4,9,43
48443,2,6,45
48444,6,15,87
48445,8,18,112
48446,6,15,79
48447,2,8,45
48448,11,22,114
48449,10,19,114
48450,4,8,46
48451,13,25,133
48452,11,23,114
48453,3,7,46
48454,6,12,67
48455,9,21,111
48456,5,11,71
48457,3,7,41
48458,5,13,70
48459,3,8,45
48460,2,5,25
48461,3,4,29
48462,9,19,108
48463,2,6,40
48464,7,14,66
48465,2,4,28
48466,3,7,35
48467,3,7,40
48468,6,10,47
48469,4,11,67
48470,0,1,19
48471,0,2,20
48472,6,9,45
48473,4,7,38
48474,5,10,48
48475,5,15,77
48476,3,8,52
48477,4,12,82
48478,12,25,134
48479,11,18,97
48480,16,32,196
48481,19,36,201
48482,22,47,278
48483,11,21,124
48484,5,8,43
48485,2,5,28
48486,12,26,147
48487,18,31,167
48488,7,12,61
48489,17,39,211
48490,23,42,232
48491,9,17,93
48492,9,18,95
48493,13,30,199
48494,15,22,126
48495,11,19,109
48496,9,27,158
48497,13,22,127
48498,9,20,126
48499,6,14,96
48500,8,13,78
48501,2,6,40
48502,4,8,46
48503,18,27,140
48504,19,31,165
48505,15,27,158
48506,4,11,72
48507,6,13,72
48508,10,21,129
48509,7,11,60
48510,4,9,60
48511,11,19,105
48512,23,33,178
48513,3,9,51
48514,20,36,203
48515,21,36,215
48516,17,33,204
48517,8,15,89
48518,3,8,56
48519,10,15,75
48520,6,14,83
48521,9,17,90
48522,8,15,75
48523,1,6,52
48524,12,20,101
48525,3,7,41
48526,12,22,117
48527,9,24,184
48528,9,25,154
48529,6,17,93
48530,1,4,23
48531,3,6,31
48532,4,7,37
48533,6,13,82
48534,15,22,115
48535,7,11,65
48536,9,21,152
48537,2,9,61
48538,4,8,42
48539,2,7,38
48540,4,8,50
48541,7,15,88
48542,8,18,114
48543,15,35,204
48544,2,6,45
48545,11,22,125
48546,8,20,136
48547,8,21,115
48548,12,21,111
48549,14,26,147
48550,6,16,94
48551,8,15,85
48552,8,14,81
48553,9,18,96
48554,13,25,153
48555,7,13,66
48556,5,12,65
48557,1,3,19
48558,2,3,20
48559,16,27,147
48560,11,23,116
48561,4,7,35
48562,7,17,119
48563,10,21,110
48564,14,27,162
48565,1,5,33
48566,3,7,42
48567,13,29,165
48568,9,20,128
48569,8,12,64
48570,4,12,92
48571,4,10,59
48572,15,26,135
48573,5,11,69
48574,4,9,58
48575,15,31,208
48576,5,11,60
48577,23,40,202
48578,19,32,173
48579,6,9,38
48580,6,14,88
48581,9,16,105
48582,8,22,124
48583,2,4,28
48584,0,3,23
48585,3,4,19
48586,10,18,98
48587,10,18,100
48588,9,22,136
48589,1,7,52
48590,2,6,39
48591,3,7,46
48592,5,11,67
48593,2,7,54
48594,9,15,76
48595,3,9,54
48596,12,20,99
48597,1,1,9
48598,3,7,57
48599,8,14,89
48600,6,12,73
48601,3,6,36
48602,2,3,18
48603,0,0,16
48604,8,14,70
48605,3,4,18
48606,2,4,29
48607,0,3,23
48608,4,8,39
48609,18,33,164
48610,3,8,46
48611,2,6,35
48612,5,10,65
48613,0,2,12
48614,0,0,11
48615,7,9,46
48616,6,11,53
48617,4,7,32
48618,8,14,74
48619,0,1,11
48620,3,4,40
48621,11,20,115
48622,6,12,65
48623,2,5,30
48624,3,5,27
48625,6,12,65
48626,4,12,74
48627,11,22,128
48628,6,12,69
48629,12,23,169
48630,7,14,75
48631,9,17,94
48632,4,8,44
48633,5,8,40
48634,5,10,64
48635,5,9,40
48636,2,5,42
48637,8,15,91
48638,5,16,123
48639,6,10,82
48640,8,16,99
48641,3,5,23
48642,2,5,27
48643,4,7,39
48644,12,23,127
48645,5,13,80
48646,3,5,33
48647,8,14,73
48648,9,12,56
48649,5,11,69
48650,0,2,31
48651,8,17,96
48652,10,18,92
48653,2,5,31
48654,1,2,13
48655,4,10,63
48656,2,7,54
48657,5,9,51
48658,4,12,65
48659,9,13,62
48660,5,14,100
48661,5,9,60
48662,10,20,115
48663,3,3,23
48664,3,6,46
48665,3,5,34
48666,1,5,36
48667,9,17,94
48668,0,1,10
48669,1,3,21
48670,0,1,13
48671,3,5,30
48672,1,3,26
48673,8,16,91
48674,10,18,102
48675,4,9,54
48676,6,10,58
48677,9,16,88
48678,1,7,53
48679,3,5,37
48680,5,8,48
48681,3,7,47
48682,4,8,49
48683,2,6,42
48684,3,6,37
48685,13,22,134
48686,7,11,51
48687,4,7,43
48688,13,32,199
48689,10,22,154
48690,3,9,58
48691,11,19,113
48692,3,9,78
48693,20,33,190
48694,10,18,116
48695,12,27,149
48696,10,19,95
48697,10,17,85
48698,5,8,43
48699,10,18,90
48700,9,19,109
48701,4,5,34
48702,3,6,40
48703,11,17,79
48704,4,7,31
48705,16,27,131
48706,7,10,54
48707,8,12,61
48708,4,4,27
48709,1,2,9
48710,5,8,47
48711,5,9,55
48712,2,4,40
48713,12,18,85
48714,7,14,74
48715,0,2,18
48716,15,20,105
48717,11,19,102
48718,1,5,38
48719,8,14,72
48720,7,11,62
48721,3,5,30
48722,2,3,15
48723,6,7,35
48724,0,0,11
48725,4,10,68
48726,5,10,59
48727,8,11,51
48728,3,6,40
48729,3,6,42
48730,6,10,61
48731,4,8,50
48732,2,4,42
48733,15,23,132
48734,5,11,69
48735,7,10,47
48736,0,0,11
48737,6,16,102
48738,8,15,78
48739,8,16,86
48740,8,17,103
48741,7,13,72
48742,8,16,91
48743,10,19,121
48744,2,5,30
48745,10,16,95
48746,6,7,35
48747,6,8,46
48748,6,11,50
48749,8,13,77
48750,5,9,49
48751,3,5,21
48752,3,7,35
48753,12,17,86
48754,5,10,47
48755,15,28,161
48756,13,26,159
48757,4,11,76
48758,6,12,90
48759,2,3,19
48760,4,9,49
48761,6,15,91
48762,13,25,135
48763,9,17,113
48764,6,10,51
48765,6,13,65
48766,4,7,36
48767,0,2,14
48768,0,1,9
48769,8,14,73
48770,3,5,23
48771,5,13,89
48772,1,3,18
48773,9,19,117
48774,7,15,103
48775,10,20,106
48776,11,27,137
48777,8,14,78
48778,8,20,127
48779,10,18,105
48780,13,24,133
48781,2,6,40
48782,5,11,66
48783,11,20,95
48784,6,12,66
48785,2,7,39
48786,4,10,58
48787,6,13,79
48788,9,15,73
48789,13,25,137
48790,5,16,107
48791,11,19,107
48792,3,8,46
48793,10,18,94
48794,8,13,70
48795,7,11,55
48796,8,14,79
48797,12,19,95
48798,3,6,34
48799,2,3,18
48800,4,8,49
48801,5,14,77
48802,5,9,52
48803,7,14,85
48804,3,5,35
48805,0,2,19
48806,4,9,52
48807,3,8,56
48808,9,18,101
48809,6,12,64
48810,7,13,87
48811,10,19,102
48812,4,8,39
48813,2,5,33
48814,3,6,39
48815,14,23,122
48816,6,12,76
48817,6,14,92
48818,1,4,30
48819,2,4,24
48820,4,11,58
48821,3,6,27
48822,5,7,33
48823,8,13,61
48824,6,9,45
48825,3,7,48
48826,3,6,37
48827,5,7,35
48828,0,0,2
48829,1,3,20
48830,0,1,8
48831,0,1,7
48832,3,5,29
48833,2,5,28
48834,0,0,2
48835,8,19,105
48836,9,12,61
48837,6,13,71
48838,10,17,89
48839,7,12,63
48840,7,11,63
48841,0,4,37
48842,7,14,82
48843,4,7,46
48844,1,5,32
48845,2,2,14
48846,5,7,36
48847,1,4,21
48848,2,4,23
48849,4,11,61
48850,4,8,47
48851,6,10,47
48852,3,6,33
48853,4,7,34
48854,5,9,49
48855,1,4,24
48856,6,9,48
48857,5,7,33
48858,6,10,57
48859,3,9,57
48860,5,7,38
48861,4,8,46
48862,1,5,41
48863,6,9,49
48864,7,12,63
48865,6,10,53
48866,11,19,107
48867,8,16,98
48868,4,6,36
48869,5,16,101
48870,9,15,76
48871,7,8,37
48872,5,6,28
48873,12,26,147
48874,5,9,47
48875,4,11,68
48876,2,6,38
48877,8,18,104
48878,3,5,24
48879,5,8,42
48880,6,11,67
48881,2,6,58
48882,6,13,87
48883,7,16,97
48884,3,7,41
48885,3,6,43
48886,2,4,25
48887,0,3,18
48888,4,6,30
48889,4,9,46
48890,6,11,54
48891,4,9,57
48892,3,5,31
48893,7,16,90
48894,10,22,124
48895,2,4,24
48896,6,13,67
48897,3,6,36
48898,5,9,48
48899,6,13,85
48900,4,12,73
48901,2,6,42
48902,1,5,41
48903,4,7,37
48904,3,4,25
48905,3,8,42
48906,5,11,54
48907,6,12,65
48908,11,17,84
48909,15,21,100
48910,7,14,74
48911,2,6,42
48912,2,6,45
48913,1,4,37
48914,4,6,38
48915,2,4,30
48916,4,11,67
48917,2,6,38
48918,10,14,74
48919,4,11,75
48920,7,13,60
48921,8,12,57
48922,3,5,35
48923,2,5,26
48924,3,4,26
48925,3,7,42
48926,3,5,30
48927,2,2,13
48928,1,5,30
48929,8,18,97
48930,2,6,41
48931,2,4,43
48932,4,9,58
48933,0,1,13
48934,0,2,14
48935,2,2,18
48936,1,3,25
48937,0,2,14
48938,6,9,51
48939,2,4,20
48940,2,3,17
48941,3,4,21
48942,3,7,50
48943,7,10,51
48944,9,14,66
48945,10,20,112
48946,7,13,70
48947,3,6,36
48948,4,5,27
48949,2,5,36
48950,4,9,56
48951,2,7,46
48952,9,18,95
48953,7,14,69
48954,4,7,40
48955,5,11,64
48956,9,14,76
48957,6,12,68
48958,9,17,91
48959,9,19,111
48960,2,5,35
48961,5,18,113
48962,12,18,83
48963,8,16,102
48964,6,10,72
48965,4,10,59
48966,5,13,83
48967,1,5,36
48968,12,25,157
48969,15,25,137
48970,5,10,53
48971,4,8,49
48972,4,11,68
48973,5,9,60
48974,7,16,92
48975,12,21,117
48976,6,10,62
48977,3,10,64
48978,13,22,110
48979,5,12,65
48980,11,21,121
48981,8,13,67
48982,13,20,94
48983,6,12,62
48984,5,9,51
48985,3,6,32
48986,6,10,54
48987,11,20,118
48988,6,8,43
48989,10,16,88
48990,16,30,170
48991,2,5,33
48992,1,2,10
48993,2,4,35
48994,9,15,85
48995,17,31,171
48996,7,13,65
48997,5,9,79
48998,1,2,13
48999,2,4,26
49000,2,5,26
49001,4,12,74
49002,4,10,67
49003,6,12,66
49004,6,15,91
49005,16,30,176
49006,20,44,279
49007,3,7,34
49008,5,15,85
49009,8,17,115
49010,3,6,36
49011,18,34,178
49012,3,7,45
49013,4,6,36
49014,7,18,118
49015,2,9,64
49016,1,2,11
49017,4,9,56
49018,5,12,67
49019,1,4,33
49020,7,13,78
49021,16,24,122
49022,4,14,82
49023,9,21,130
49024,9,19,115
49025,13,23,131
49026,4,8,45
49027,8,15,89
49028,16,37,212
49029,7,19,109
49030,18,36,204
49031,7,16,97
49032,7,17,91
49033,13,21,136
49034,9,20,106
49035,6,14,86
49036,4,9,41
49037,2,4,27
49038,0,2,15
49039,3,6,37
49040,5,9,53
49041,10,20,101
49042,11,23,133
49043,9,22,130
49044,5,9,47
49045,3,9,49
49046,11,19,113
49047,11,22,130
49048,13,27,161
49049,6,12,96
49050,5,9,48
49051,6,12,83
49052,7,10,83
49053,5,8,41
49054,9,24,136
49055,7,13,68
49056,5,10,83
49057,8,10,74
49058,6,11,62
49059,4,7,56
49060,0,0,18
49061,2,6,54
49062,0,0,18
49063,3,6,32
49064,4,8,38
49065,21,42,251
49066,9,20,123
49067,12,24,138
49068,4,11,69
49069,3,5,29
49070,2,4,25
49071,14,35,212
49072,11,18,98
49073,5,10,53
49074,0,5,32
49075,8,12,73
49076,10,26,158
49077,5,17,116
49078,8,17,84
49079,17,40,230
49080,12,31,183
49081,13,29,172
49082,12,22,127
49083,8,16,97
49084,13,25,138
49085,8,17,91
49086,6,14,90
49087,0,0,1
49088,9,21,132
49089,16,36,200
49090,6,11,72
49091,8,13,72
49092,8,12,74
49093,20,35,208
49094,15,30,167
49095,8,13,78
49096,16,28,142
49097,15,31,168
49098,6,12,88
49099,7,15,89
49100,9,23,147
49101,5,8,42
49102,6,10,51
49103,3,8,54
49104,2,5,32
49105,7,9,52
49106,0,3,29
49107,2,3,21
49108,6,11,53
49109,5,8,39
49110,2,9,62
49111,0,5,42
49112,4,6,34
49113,3,8,41
49114,2,7,45
49115,6,15,103
49116,5,11,64
49117,6,9,58
49118,4,9,53
49119,8,16,91
49120,2,6,49
49121,3,8,46
49122,9,17,85
49123,10,21,118
49124,2,4,22
49125,0,2,15
49126,3,8,47
49127,8,17,98
49128,17,33,187
49129,14,27,158
49130,8,18,82
49131,6,11,58
49132,9,19,98
49133,8,18,111
49134,8,17,97
49135,4,10,52
49136,2,10,62
49137,9,14,71
49138,6,12,61
49139,13,21,106
49140,8,17,91
49141,8,18,102
49142,6,10,43
49143,6,13,82
49144,2,5,28
49145,9,16,90
49146,6,19,114
49147,12,19,93
49148,7,14,77
49149,6,14,81
49150,3,9,48
49151,9,17,95
49152,3,8,44
49153,3,11,78
49154,7,15,87
49155,0,0,2
49156,2,5,30
49157,5,16,97
49158,3,7,42
49159,10,19,95
49160,9,18,88
49161,3,6,41
49162,2,5,41
49163,2,6,36
49164,7,13,71
49165,1,5,36
49166,3,5,29
49167,8,15,72
49168,7,10,49
49169,4,5,30
49170,6,11,57
49171,5,12,80
49172,3,7,39
49173,6,11,58
49174,4,6,50
49175,4,6,39
49176,6,14,71
49177,5,9,43
49178,0,2,13
49179,9,15,73
49180,5,8,46
49181,8,10,55
49182,4,8,54
49183,4,8,51
49184,0,1,18
49185,0,2,16
49186,4,5,38
49187,1,1,9
49188,6,11,75
49189,4,8,50
49190,6,13,69
49191,15,24,125
49192,1,3,19
49193,5,6,25
49194,2,4,27
49195,3,9,46
49196,7,17,95
49197,8,18,112
49198,6,14,90
49199,7,12,65
49200,7,10,54
49201,1,1,12
49202,4,11,66
49203,5,8,43
49204,1,3,25
49205,2,4,21
49206,1,2,15
49207,2,7,42
49208,10,17,85
49209,4,13,78
49210,4,7,47
49211,3,7,55
49212,3,6,34
49213,2,4,25
49214,1,1,7
49215,12,19,88
49216,5,8,37
49217,6,14,74
49218,12,21,110
49219,3,7,46
49220,6,12,65
49221,12,21,104
49222,13,22,123
49223,4,6,30
49224,5,9,56
49225,7,17,98
49226,5,11,51
49227,5,17,106
49228,4,8,36
49229,8,19,99
49230,8,18,107
49231,6,10,49
49232,10,15,71
49233,8,15,77
49234,7,15,73
49235,4,10,53
49236,4,9,42
49237,10,20,110
49238,2,4,23
49239,3,7,44
49240,4,7,38
49241,7,20,116
49242,2,5,28
49243,10,19,100
49244,7,14,90
49245,4,14,88
49246,3,5,32
49247,3,6,35
49248,7,17,92
49249,8,15,74
49250,2,4,21
49251,15,29,152
49252,6,11,56
49253,8,19,105
49254,2,4,29
49255,4,5,34
49256,4,10,66
49257,5,8,48
49258,7,15,82
49259,5,11,63
49260,6,12,56
49261,10,24,139
49262,4,7,38
49263,4,8,37
49264,8,15,76
49265,4,9,49
49266,1,3,20
49267,1,3,26
49268,4,11,60
49269,2,3,24
49270,0,3,24
49271,7,15,85
49272,5,7,42
49273,2,7,50
49274,5,10,50
49275,5,12,67
49276,3,4,20
49277,6,12,70
49278,2,5,32
49279,5,12,66
49280,7,15,84
49281,2,3,32
49282,0,3,22
49283,2,6,41
49284,6,11,67
49285,4,9,56
49286,5,13,84
49287,1,3,28
49288,17,26,126
49289,5,12,83
49290,2,5,33
49291,4,11,71
49292,19,38,220
49293,5,11,71
49294,10,17,80
49295,6,18,106
49296,5,7,39
49297,11,22,118
49298,7,13,68
49299,7,11,59
49300,9,19,105
49301,10,17,81
49302,5,12,74
49303,8,16,78
49304,5,8,43
49305,0,1,11
49306,0,1,11
49307,1,2,12
49308,6,12,71
49309,0,1,14
49310,6,11,61
49311,5,8,42
49312,4,11,64
49313,2,4,26
49314,0,6,38
49315,9,18,111
49316,7,15,110
49317,7,14,90
49318,2,8,44
49319,10,20,115
49320,12,21,107
49321,4,9,49
49322,9,23,130
49323,10,22,142
49324,20,37,209
49325,22,43,233
49326,0,1,6
49327,2,4,15
49328,4,5,33
49329,2,3,30
49330,5,10,57
49331,2,5,34
49332,1,2,13
49333,7,12,61
49334,10,19,123
49335,12,20,90
49336,14,31,193
49337,16,26,132
49338,8,17,95
49339,10,20,128
49340,12,22,133
49341,9,22,133
49342,5,9,71
49343,11,28,179
49344,19,41,257
49345,11,30,189
49346,2,5,46
49347,7,10,56
49348,6,12,59
49349,7,14,89
49350,14,27,161
49351,19,37,217
49352,6,13,68
49353,6,13,94
49354,28,52,294
49355,22,38,228
49356,5,19,130
49357,11,22,123
49358,19,27,122
49359,4,5,28
49360,8,15,81
49361,15,26,137
49362,24,42,230
49363,11,19,98
49364,20,35,188
49365,9,18,98
49366,10,22,130
49367,14,29,170
49368,5,11,51
49369,12,21,110
49370,8,13,62
49371,30,55,317
49372,3,6,36
49373,1,1,30
49374,7,17,99
49375,6,12,63
49376,7,17,100
49377,2,7,50
49378,4,5,36
49379,2,10,74
49380,1,9,84
49381,1,6,47
49382,2,4,29
49383,3,11,76
49384,7,11,79
49385,15,37,205
49386,0,3,31
49387,15,31,166
49388,5,11,65
49389,6,12,61
49390,6,13,75
49391,12,32,201
49392,4,13,76
49393,2,6,39
49394,17,27,130
49395,3,9,58
49396,9,18,99
49397,14,21,112
49398,5,10,53
49399,15,28,143
49400,3,11,75
49401,2,10,68
49402,7,12,67
49403,2,8,75
49404,7,19,136
49405,6,10,53
49406,8,16,83
49407,7,17,93
49408,10,20,121
49409,5,12,70
49410,13,27,166
49411,12,22,136
49412,13,27,155
49413,1,3,17
49414,7,13,75
49415,6,11,57
49416,1,4,25
49417,4,4,20
49418,3,5,29
49419,5,14,92
49420,5,14,80
49421,11,23,122
49422,16,30,168
49423,10,23,142
49424,7,19,106
49425,4,10,50
49426,11,24,137
49427,5,15,110
49428,5,11,60
49429,16,30,183
49430,1,5,34
49431,9,16,82
49432,6,17,102
49433,2,5,30
49434,5,12,73
49435,9,16,80
49436,1,3,26
49437,1,3,17
49438,0,3,21
49439,5,10,71
49440,8,21,122
49441,6,13,76
49442,1,4,26
49443,4,13,83
49444,1,3,18
49445,15,31,169
49446,4,7,39
49447,9,20,103
49448,9,20,127
49449,6,13,75
49450,1,2,25
49451,3,4,20
49452,2,7,49
49453,5,9,45
49454,7,18,111
49455,8,16,91
49456,3,4,17
49457,5,12,58
49458,2,4,19
49459,3,10,62
49460,14,26,132
49461,2,4,21
49462,2,8,48
49463,4,13,87
49464,3,8,44
49465,4,7,36
49466,8,10,65
49467,6,18,106
49468,3,7,49
49469,7,14,73
49470,6,15,85
49471,0,2,19
49472,3,6,38
49473,4,6,40
49474,10,14,67
49475,3,13,92
49476,5,13,78
49477,9,26,166
49478,1,3,13
49479,5,11,71
49480,2,3,22
49481,4,16,106
49482,4,9,54
49483,1,3,25
49484,5,13,82
49485,8,11,60
49486,0,2,13
49487,3,6,33
49488,3,6,36
49489,2,4,21
49490,8,19,109
49491,0,2,12
49492,6,10,60
49493,8,17,99
49494,9,17,108
49495,3,7,41
49496,4,6,34
49497,7,15,82
49498,9,15,77
49499,7,17,100
49500,6,11,57
49501,2,7,46
49502,3,9,55
49503,12,18,93
49504,3,5,25
49505,4,9,45
49506,3,5,35
49507,2,3,17
49508,7,12,75
49509,1,4,29
49510,1,3,24
49511,4,12,71
49512,12,21,116
49513,1,6,46
49514,4,6,33
49515,5,8,35
49516,7,12,61
49517,4,10,59
49518,5,8,52
49519,3,10,60
49520,5,8,48
49521,9,17,91
49522,2,7,43
49523,21,40,207
49524,9,15,84
49525,5,11,67
49526,10,20,101
49527,8,16,99
49528,9,19,117
49529,2,3,18
49530,5,13,65
49531,5,8,44
49532,6,13,69
49533,4,11,60
49534,5,8,40
49535,1,5,38
49536,6,16,101
49537,7,17,93
49538,4,6,32
49539,7,11,52
49540,3,4,20
49541,7,15,79
49542,5,14,80
49543,6,14,86
49544,9,22,119
49545,7,17,103
49546,7,8,36
49547,18,32,184
49548,12,25,137
49549,9,20,113
49550,2,3,20
49551,1,4,24
49552,4,9,45
49553,8,17,93
49554,3,8,61
49555,1,5,41
49556,3,9,51
49557,10,20,115
49558,9,17,100
49559,7,14,79
49560,6,11,64
49561,5,14,68
49562,4,8,48
49563,7,15,79
49564,0,4,32
49565,0,2,24
49566,3,5,28
49567,9,19,93
49568,3,10,66
49569,7,13,65
49570,7,13,65
49571,7,14,67
49572,5,15,110
49573,2,10,67
49574,2,5,23
49575,9,18,102
49576,5,13,79
49577,4,11,63
49578,4,10,50
49579,6,19,109
49580,4,9,51
49581,12,24,127
49582,10,26,154
49583,1,6,49
49584,9,24,142
49585,6,12,56
49586,3,6,24
49587,4,6,31
49588,13,27,142
49589,7,13,80
49590,9,18,102
49591,13,20,88
49592,9,15,77
49593,8,15,107
49594,12,22,122
49595,2,4,29
49596,3,5,35
49597,2,3,19
49598,6,12,81
49599,0,1,9
49600,5,10,53
49601,9,20,124
49602,5,11,66
49603,13,24,122
49604,14,26,137
49605,7,18,102
49606,9,22,114
49607,4,12,72
49608,1,5,45
49609,13,28,162
49610,13,23,124
49611,10,19,99
49612,5,10,52
49613,9,15,82
49614,9,17,91
49615,18,38,223
49616,3,6,33
49617,4,6,34
49618,9,14,62
49619,14,26,146
49620,3,8,46
49621,3,8,46
49622,5,9,45
49623,5,14,93
49624,5,16,100
49625,13,26,152
49626,10,19,130
49627,12,18,119
49628,11,22,122
49629,8,11,57
49630,1,4,32
49631,13,20,93
49632,11,18,86
49633,4,12,68
49634,9,17,95
49635,2,5,32
49636,6,12,60
49637,7,16,91
49638,2,3,20
49639,7,15,90
49640,7,15,96
49641,4,10,54
49642,10,24,156
49643,1,6,39
49644,5,12,63
49645,2,4,29
49646,11,20,94
49647,7,15,72
49648,5,12,69
49649,8,16,80
49650,2,5,32
49651,5,17,88
49652,9,17,93
49653,0,2,14
49654,0,3,25
49655,3,8,50
49656,5,10,58
49657,7,11,64
49658,1,3,19
49659,2,4,23
49660,6,8,37
49661,0,1,15
49662,1,5,39
49663,4,8,43
49664,8,15,95
49665,7,15,81
49666,6,10,60
49667,4,11,84
49668,8,16,109
49669,13,20,106
49670,6,13,81
49671,2,6,37
49672,2,5,28
49673,1,5,32
49674,1,3,18
49675,4,8,39
49676,2,4,22
49677,3,6,31
49678,2,3,17
49679,0,4,26
49680,8,15,85
49681,6,12,76
49682,8,13,81
49683,3,7,44
49684,4,6,31
49685,3,10,62
49686,10,14,68
49687,3,4,14
49688,5,9,44
49689,2,6,36
49690,1,6,43
49691,7,11,49
49692,2,6,37
49693,6,12,57
49694,8,18,114
49695,7,18,96
49696,11,19,95
49697,1,3,17
49698,1,4,32
49699,1,2,17
49700,2,5,45
49701,1,4,25
49702,1,3,15
49703,1,2,10
49704,4,7,37
49705,1,3,20
49706,4,8,44
49707,15,26,160
49708,7,13,64
49709,8,14,64
49710,13,23,119
49711,6,13,75
49712,6,12,75
49713,2,4,28
49714,2,5,25
49715,2,3,25
49716,0,3,24
49717,5,11,53
49718,13,20,92
49719,1,3,22
49720,14,25,138
49721,7,13,81
49722,2,4,23
49723,2,3,13
49724,4,6,30
49725,2,6,34
49726,2,9,53
49727,12,23,114
49728,3,5,24
49729,7,10,56
49730,0,2,13
49731,1,1,7
49732,2,7,44
49733,2,5,30
49734,4,11,59
49735,7,11,48
49736,3,8,51
49737,3,4,19
49738,7,13,64
49739,3,7,40
49740,2,7,42
49741,5,8,33
49742,10,19,112
49743,2,5,32
49744,8,13,63
49745,1,5,34
49746,6,12,65
49747,3,6,32
49748,10,11,48
49749,6,8,42
49750,10,17,85
49751,5,11,58
49752,11,22,130
49753,9,27,183
49754,14,30,197
49755,6,12,72
49756,18,37,193
49757,0,1,12
49758,10,22,146
49759,10,23,138
49760,3,8,46
49761,2,9,59
49762,0,3,20
49763,5,15,142
49764,9,35,255
49765,5,12,112
49766,17,50,351
49767,1,3,15
49768,12,26,151
49769,6,17,116
49770,2,3,17
49771,7,16,112
49772,5,11,62
49773,6,20,131
49774,1,2,10
49775,0,5,50
49776,3,16,90
49777,5,11,77
49778,10,16,75
49779,3,8,45
49780,13,27,177
49781,32,65,398
49782,4,12,88
49783,10,21,129
49784,5,11,58
49785,12,25,143
49786,9,25,144
49787,9,22,123
49788,29,67,352
49789,3,5,35
49790,3,6,39
49791,13,29,163
49792,12,24,159
49793,1,1,13
49794,18,40,264
49795,1,3,21
49796,1,2,11
49797,5,20,120
49798,11,34,212
49799,4,8,47
49800,7,16,104
49801,5,10,53
49802,2,5,32
49803,24,47,279
49804,10,19,99
49805,4,10,51
49806,1,5,40
49807,1,4,25
49808,4,10,47
49809,7,20,125
49810,23,43,218
49811,0,2,20
49812,2,8,53
49813,3,5,21
49814,2,5,29
49815,0,2,18
49816,8,20,135
49817,24,48,274
49818,4,6,38
49819,10,19,101
49820,5,15,98
49821,4,10,58
49822,9,18,103
49823,6,10,51
49824,4,8,47
49825,6,11,51
49826,17,28,147
49827,4,9,48
49828,4,6,26
49829,3,11,69
49830,6,17,105
49831,2,12,99
49832,4,5,35
49833,6,9,55
49834,1,2,10
49835,4,11,75
49836,1,3,23
49837,6,16,108
49838,6,13,79
49839,1,4,27
49840,1,3,19
49841,1,3,13
49842,1,3,20
49843,13,30,176
49844,4,8,40
49845,13,33,207
49846,3,9,55
49847,3,10,53
49848,17,39,220
49849,2,4,21
49850,6,14,79
49851,1,2,10
49852,4,11,69
49853,0,0,23
49854,14,27,162
49855,4,12,60
49856,14,31,161
49857,2,3,17
49858,6,14,105
49859,7,15,89
49860,2,5,30
49861,7,14,78
49862,6,13,66
49863,9,15,72
49864,6,9,41
49865,15,30,155
49866,8,12,60
49867,7,17,88
49868,7,15,82
49869,8,19,106
49870,0,0,19
49871,10,22,149
49872,4,11,62
49873,13,26,146
49874,0,4,27
49875,9,21,105
49876,8,13,67
49877,6,16,83
49878,3,6,36
49879,3,8,44
49880,3,9,58
49881,7,12,59
49882,5,10,52
49883,4,5,25
49884,2,7,41
49885,1,7,41
49886,8,19,102
49887,10,15,86
49888,5,8,47
49889,22,33,180
49890,1,2,14
49891,2,4,20
49892,1,2,12
49893,3,5,24
49894,2,4,23
49895,0,1,12
49896,1,2,8
49897,3,6,39
49898,8,18,100
49899,3,7,41
49900,1,2,19
49901,18,32,188
49902,3,7,42
49903,9,16,84
49904,18,26,136
49905,1,2,18
49906,1,2,12
49907,2,4,23
49908,1,2,16
49909,1,2,18
49910,5,10,59
49911,2,5,33
49912,4,5,27
49913,5,6,31
49914,2,4,27
49915,5,9,45
49916,2,6,49
49917,3,4,16
49918,0,1,14
49919,1,2,9
49920,1,2,14
49921,3,4,28
49922,0,2,17
49923,9,15,89
49924,6,11,61
49925,1,4,29
49926,2,4,27
49927,5,7,27
49928,0,1,13
49929,5,6,32
49930,3,6,31
49931,3,5,23
49932,1,2,13
49933,5,7,31
49934,9,14,72
49935,2,5,34
49936,5,6,30
49937,3,6,30
49938,3,6,48
49939,5,6,38
49940,5,10,65
49941,2,3,21
49942,0,1,13
49943,1,4,23
49944,3,5,32
49945,2,3,13
49946,5,15,83
49947,0,0,8
49948,18,37,263
49949,23,44,271
49950,14,33,202
49951,19,42,259
49952,20,45,255
49953,2,6,28
49954,6,15,93
49955,5,10,51
49956,9,19,97
49957,6,7,38
49958,2,2,19
49959,2,3,20
49960,2,3,17
49961,1,2,12
49962,7,10,57
49963,6,9,48
49964,3,5,35
49965,0,1,8
49966,15,21,112
49967,2,3,18
49968,6,8,40
49969,3,5,29
49970,6,8,42
49971,8,17,78
49972,18,30,164
49973,16,37,207
49974,10,21,116
49975,2,3,13
49976,4,9,48
49977,7,14,75
49978,6,12,62
49979,5,10,52
49980,9,14,62
49981,5,7,40
49982,4,7,34
49983,20,28,120
49984,5,8,39
49985,13,25,154
49986,8,17,100
49987,15,32,198
49988,7,21,129
49989,4,6,26
49990,5,8,41
49991,20,29,159
49992,5,7,31
49993,11,17,85
49994,10,17,83
49995,9,18,118
49996,9,20,107
49997,3,7,38
49998,3,6,39
49999,0,1,14
50000,4,8,47
50001,13,19,84
50002,1,4,26
50003,11,18,91
50004,2,4,24
50005,19,33,169
50006,2,4,24
50007,3,3,21
50008,5,5,25
50009,2,4,17
50010,8,19,125
50011,3,7,37
50012,10,16,76
50013,6,8,54
50014,3,5,22
50015,1,3,16
50016,2,5,25
50017,1,4,31
50018,0,1,12
50019,1,3,23
50020,4,6,34
50021,1,3,21
50022,0,1,8
50023,0,1,8
50024,2,4,25
50025,5,9,46
50026,4,5,23
50027,8,14,88
50028,9,18,101
50029,7,12,63
50030,6,12,58
50031,0,2,11
50032,4,7,38
50033,2,3,21
50034,11,23,114
50035,6,11,59
50036,7,15,76
50037,3,9,56
50038,5,11,74
50039,11,25,138
50040,9,23,152
50041,9,22,107
50042,6,15,114
50043,3,6,39
50044,3,6,38
50045,3,4,21
50046,6,12,72
50047,3,4,17
50048,17,32,177
50049,13,33,200
50050,7,13,82
50051,5,5,35
50052,1,3,17
50053,12,26,149
50054,4,9,69
50055,3,4,23
50056,2,4,23
50057,2,3,15
50058,10,21,129
50059,8,18,105
50060,4,7,44
50061,3,7,41
50062,0,3,18
50063,8,19,100
50064,5,13,87
50065,1,6,50
50066,1,3,21
50067,0,2,20
50068,14,29,178
50069,9,19,101
50070,19,30,162
50071,22,31,154
50072,5,11,60
50073,18,36,197
50074,8,13,61
50075,14,25,135
50076,9,20,139
50077,13,29,164
50078,11,23,123
50079,4,7,44
50080,7,15,79
50081,11,20,113
50082,10,22,120
50083,7,13,72
50084,11,21,114
50085,11,16,82
50086,12,25,137
50087,11,21,101
50088,11,18,106
50089,3,6,41
50090,4,8,46
50091,15,30,137
50092,22,38,213
50093,9,20,109
50094,3,7,46
50095,14,26,135
50096,9,20,114
50097,15,27,130
50098,11,18,86
50099,4,7,47
50100,8,13,65
50101,8,18,88
50102,21,35,174
50103,6,10,50
50104,14,28,147
50105,11,19,88
50106,14,23,130
50107,15,25,125
50108,8,12,72
50109,13,19,85
50110,24,39,205
50111,9,15,82
50112,3,5,36
50113,11,20,104
50114,6,8,35
50115,15,22,93
50116,16,26,139
50117,7,14,86
50118,5,11,54
50119,3,6,37
50120,6,22,136
50121,2,5,28
50122,12,18,89
50123,25,41,225
50124,14,28,153
50125,11,20,113
50126,10,17,77
50127,7,12,70
50128,12,24,147
50129,11,22,119
50130,10,16,83
50131,4,9,54
50132,11,19,88
50133,9,15,80
50134,4,6,40
50135,1,2,11
50136,4,5,27
50137,5,6,30
50138,3,5,31
50139,2,3,19
50140,3,4,19
50141,7,13,69
50142,4,6,31
50143,1,2,8
50144,3,5,29
50145,3,3,22
50146,8,13,66
50147,6,8,38
50148,5,8,37
50149,4,9,50
50150,5,6,32
50151,1,3,18
50152,15,23,110
50153,10,13,59
50154,9,15,70
50155,6,9,52
50156,1,3,24
50157,12,19,94
50158,10,16,87
50159,9,18,91
50160,9,14,63
50161,0,5,38
50162,9,16,81
50163,4,6,38
50164,32,52,239
50165,5,14,85
50166,11,17,83
50167,5,6,28
50168,8,15,69
50169,13,18,78
50170,3,4,28
50171,3,4,25
50172,4,6,31
50173,3,5,41
50174,4,7,43
50175,8,14,101
50176,12,22,124
50177,26,42,216
50178,10,17,78
50179,17,32,167
50180,15,36,191
50181,10,21,102
50182,4,9,40
50183,18,25,108
50184,8,16,85
50185,4,7,37
50186,7,14,78
50187,14,27,133
50188,1,3,25
50189,1,2,13
50190,2,5,45
50191,2,7,43
50192,7,10,48
50193,2,3,23
50194,3,4,27
50195,4,8,42
50196,16,36,231
50197,9,20,101
50198,14,24,131
50199,10,19,104
50200,3,9,47
50201,4,9,68
50202,11,22,110
50203,9,22,138
50204,5,15,92
50205,0,1,10
50206,1,3,19
50207,4,9,50
50208,6,10,48
50209,4,11,61
50210,5,9,43
50211,14,25,152
50212,4,8,50
50213,1,5,34
50214,5,15,98
50215,9,19,121
50216,4,8,65
50217,10,20,110
50218,5,8,58
50219,14,24,124
50220,12,20,96
50221,3,4,23
50222,4,5,27
50223,19,36,204
50224,6,9,42
50225,14,30,163
50226,4,12,75
50227,12,19,85
50228,12,22,130
50229,6,12,79
50230,8,15,82
50231,15,31,166
50232,9,14,62
50233,17,32,170
50234,2,7,36
50235,6,16,84
50236,13,21,109
50237,8,13,68
50238,6,13,74
50239,23,37,186
50240,7,13,63
50241,3,6,26
50242,10,17,92
50243,6,15,86
50244,23,45,244
50245,6,12,71
50246,8,17,107
50247,2,3,22
50248,1,5,30
50249,4,12,91
50250,9,13,68
50251,9,21,123
50252,23,41,230
50253,3,5,27
50254,3,4,23
50255,1,1,4
50256,6,11,63
50257,4,9,49
50258,8,15,86
50259,1,3,19
50260,5,9,59
50261,7,13,64
50262,2,4,22
50263,1,2,12
50264,4,8,47
50265,1,2,9
50266,12,19,104
50267,2,4,27
50268,2,8,46
50269,11,24,129
50270,8,20,118
50271,4,6,33
50272,11,21,112
50273,2,4,31
50274,3,5,33
50275,14,23,100
50276,3,5,23
50277,4,8,47
50278,0,0,1
50279,10,18,102
50280,6,9,41
50281,4,8,44
50282,3,6,32
50283,3,9,59
50284,6,13,71
50285,5,10,56
50286,5,8,43
50287,18,32,167
50288,10,19,119
50289,10,23,138
50290,18,34,174
50291,11,25,143
50292,13,26,158
50293,2,7,39
50294,8,20,116
50295,6,14,80
50296,12,20,96
50297,13,26,133
50298,3,6,34
50299,19,36,209
50300,1,5,32
50301,2,4,34
50302,4,9,62
50303,0,0,3
50304,4,8,58
50305,0,0,3
50306,4,9,60
50307,1,2,9
50308,2,4,26
50309,5,8,38
50310,10,28,172
50311,6,15,102
50312,4,8,49
50313,1,3,24
50314,1,3,18
50315,2,6,35
50316,1,3,19
50317,4,10,83
50318,10,17,85
50319,4,11,66
50320,10,23,154
50321,12,26,136
50322,29,60,337
50323,3,4,18
50324,19,46,271
50325,8,17,88
50326,7,11,63
50327,3,5,29
50328,1,3,29
50329,1,5,32
50330,4,6,30
50331,6,11,66
50332,7,14,79
50333,3,7,46
50334,7,11,63
50335,9,17,113
50336,1,2,13
50337,4,14,89
50338,2,7,59
50339,1,5,32
50340,23,42,222
50341,7,11,56
50342,9,20,106
50343,2,8,54
50344,4,11,79
50345,4,11,60
50346,12,27,163
50347,7,17,101
50348,0,0,18
50349,8,18,101
50350,7,19,100
50351,1,2,9
50352,3,9,62
50353,12,23,129
50354,3,8,70
50355,4,8,40
50356,9,17,96
50357,5,10,53
50358,8,17,94
50359,6,11,55
50360,3,4,18
50361,3,7,41
50362,4,8,45
50363,3,8,49
50364,7,15,85
50365,6,12,64
50366,7,16,82
50367,15,23,116
50368,4,7,49
50369,1,3,24
50370,3,9,65
50371,5,10,54
50372,4,10,58
50373,16,24,122
50374,8,16,83
50375,5,7,44
50376,5,12,59
50377,6,10,51
50378,3,6,39
50379,1,2,13
50380,8,12,58
50381,4,6,32
50382,1,3,20
50383,5,10,63
50384,5,8,45
50385,3,6,33
50386,6,9,43
50387,4,7,43
50388,5,12,75
50389,2,5,34
50390,0,1,16
50391,1,2,17
50392,5,11,56
50393,1,4,27
50394,5,7,34
50395,13,25,141
50396,11,16,83
50397,10,15,88
50398,5,9,50
50399,6,10,54
50400,15,26,152
50401,5,14,82
50402,7,15,78
50403,5,12,75
50404,6,10,55
50405,9,15,82
50406,13,23,131
50407,3,5,31
50408,2,4,20
50409,9,17,94
50410,1,2,11
50411,4,8,57
50412,14,25,121
50413,19,31,154
50414,6,12,73
50415,11,18,97
50416,3,6,34
50417,3,10,55
50418,5,8,48
50419,10,25,148
50420,11,25,153
50421,14,25,135
50422,2,5,40
50423,4,7,34
50424,6,11,62
50425,12,24,126
50426,4,6,28
50427,4,8,49
50428,4,7,36
50429,4,12,73
50430,10,25,156
50431,3,7,47
50432,1,4,26
50433,6,11,57
50434,5,11,65
50435,9,19,108
50436,7,17,94
50437,15,28,151
50438,6,13,77
50439,6,15,88
50440,6,13,83
50441,2,5,33
50442,9,17,94
50443,8,13,82
50444,15,31,172
50445,4,8,44
50446,5,10,53
50447,11,23,136
50448,3,7,38
50449,8,14,85
50450,8,17,107
50451,7,15,74
50452,10,24,140
50453,3,6,30
50454,5,10,54
50455,4,8,41
50456,5,11,63
50457,2,5,30
50458,6,17,96
50459,4,5,22
50460,8,16,83
50461,6,11,58
50462,6,13,86
50463,3,7,40
50464,1,5,37
50465,1,4,27
50466,5,15,90
50467,16,26,138
50468,14,22,112
50469,9,14,70
50470,7,17,90
50471,3,6,39
50472,12,20,109
50473,15,27,122
50474,3,7,33
50475,7,14,78
50476,6,14,85
50477,8,12,69
50478,8,18,90
50479,4,9,55
50480,5,11,62
50481,7,12,61
50482,8,17,89
50483,1,4,24
50484,13,24,126
50485,1,4,24
50486,2,6,29
50487,5,12,57
50488,11,21,119
50489,4,7,41
50490,9,17,82
50491,5,15,90
50492,12,25,129
50493,6,15,88
50494,4,11,75
50495,5,13,78
50496,1,4,21
50497,4,7,32
50498,12,22,129
50499,9,20,104
50500,5,13,73
50501,9,17,89
50502,14,31,172
50503,2,5,31
50504,3,4,24
50505,11,22,102
50506,6,11,77
50507,3,12,91
50508,6,14,80
50509,2,4,24
50510,1,4,28
50511,7,15,88
50512,4,11,70
50513,10,21,110
50514,7,13,64
50515,3,14,90
50516,6,9,48
50517,11,23,148
50518,9,18,94
50519,4,11,65
50520,3,8,61
50521,9,18,103
50522,4,13,83
50523,11,21,118
50524,5,10,60
50525,3,7,36
50526,1,4,32
50527,19,36,218
50528,6,11,58
50529,4,10,53
50530,4,6,30
50531,2,6,39
50532,11,26,152
50533,5,7,42
50534,6,17,112
50535,12,27,200
50536,9,17,116
50537,7,11,65
50538,7,18,119
50539,11,21,113
50540,17,36,233
50541,7,14,85
50542,5,10,57
50543,2,5,36
50544,3,8,40
50545,3,3,15
50546,6,15,86
50547,11,27,155
50548,1,2,22
50549,2,4,23
50550,9,16,82
50551,0,1,13
50552,9,18,102
50553,3,6,37
50554,6,13,73
50555,6,12,71
50556,4,9,54
50557,4,6,49
50558,5,10,47
50559,7,17,111
50560,0,0,13
50561,5,9,56
50562,14,24,121
50563,11,20,95
50564,10,15,80
50565,22,44,235
50566,11,18,95
50567,6,11,71
50568,10,17,86
50569,1,2,12
50570,8,13,63
50571,3,5,29
50572,3,9,54
50573,9,16,74
50574,11,21,114
50575,7,13,70
50576,3,5,29
50577,4,7,34
50578,3,7,41
50579,15,34,184
50580,6,10,51
50581,1,2,10
50582,8,16,84
50583,9,18,92
50584,5,6,33
50585,4,11,68
50586,4,9,55
50587,16,38,217
50588,4,9,49
50589,4,7,37
50590,2,3,21
50591,3,10,61
50592,8,15,75
50593,10,26,146
50594,4,8,50
50595,2,6,34
50596,3,3,23
50597,8,18,88
50598,10,22,112
50599,5,6,28
50600,14,26,150
50601,7,10,43
50602,14,20,98
50603,2,4,22
50604,14,30,163
50605,14,24,124
50606,5,10,69
50607,5,9,44
50608,6,17,113
50609,4,8,49
50610,4,8,47
50611,3,5,35
50612,8,14,72
50613,9,15,85
50614,4,8,51
50615,9,20,105
50616,7,12,57
50617,8,16,86
50618,5,10,64
50619,10,16,73
50620,0,0,1
50621,11,28,175
50622,21,37,202
50623,5,10,49
50624,5,11,73
50625,14,28,142
50626,8,14,108
50627,0,0,1
50628,25,41,239
50629,16,31,174
50630,14,30,178
50631,6,11,62
50632,10,22,138
50633,8,16,82
50634,8,20,125
50635,3,6,32
50636,4,7,36
50637,1,2,15
50638,4,9,68
50639,6,16,111
50640,2,4,22
50641,7,16,78
50642,12,22,112
50643,7,14,86
50644,4,7,34
50645,8,22,110
50646,10,21,105
50647,11,17,102
50648,8,21,120
50649,4,11,69
50650,4,10,59
50651,9,14,63
50652,9,14,70
50653,4,9,62
50654,3,5,24
50655,1,3,24
50656,1,2,16
50657,2,3,16
50658,5,12,64
50659,10,19,108
50660,7,12,62
50661,0,2,13
50662,13,26,140
50663,8,14,80
50664,7,11,70
50665,2,4,26
50666,2,6,39
50667,4,7,41
50668,2,7,48
50669,11,18,90
50670,3,10,69
50671,12,24,133
50672,11,20,107
50673,11,19,96
50674,15,34,188
50675,6,16,83
50676,13,29,173
50677,17,32,170
50678,11,18,88
50679,16,28,140
50680,8,17,93
50681,6,13,79
50682,13,25,146
50683,3,7,47
50684,3,12,75
50685,4,6,40
50686,0,2,13
50687,4,9,52
50688,6,9,47
50689,22,31,145
50690,12,30,178
50691,4,7,36
50692,5,9,53
50693,2,4,23
50694,4,6,40
50695,5,12,75
50696,3,7,43
50697,5,12,71
50698,11,21,92
50699,15,30,166
50700,16,28,151
50701,13,33,192
50702,10,17,90
50703,8,18,97
50704,1,5,30
50705,4,6,37
50706,1,4,22
50707,13,29,153
50708,9,18,103
50709,12,20,94
50710,7,18,105
50711,4,10,65
50712,10,21,106
50713,5,12,69
50714,7,13,77
50715,3,4,30
50716,1,3,14
50717,6,10,48
50718,5,9,51
50719,6,12,66
50720,1,2,21
50721,4,10,55
50722,4,6,34
50723,1,1,13
50724,4,8,46
50725,13,29,174
50726,4,4,24
50727,4,8,40
50728,4,4,18
50729,4,6,30
50730,15,31,188
50731,12,24,139
50732,3,12,67
50733,12,22,129
50734,0,2,18
50735,19,35,172
50736,7,13,62
50737,3,6,55
50738,7,13,71
50739,7,23,132
50740,5,14,77
50741,7,16,78
50742,14,27,140
50743,8,15,73
50744,9,17,90
50745,4,13,74
50746,7,18,102
50747,8,19,103
50748,3,7,36
50749,5,9,47
50750,12,25,146
50751,3,5,24
50752,1,2,23
50753,0,2,14
50754,1,2,19
50755,8,16,77
50756,4,8,39
50757,7,12,66
50758,17,40,225
50759,6,12,58
50760,6,8,43
50761,1,2,12
50762,3,9,55
50763,4,10,57
50764,4,9,47
50765,6,11,65
50766,9,10,50
50767,2,5,29
50768,0,3,20
50769,8,16,84
50770,0,8,62
50771,15,30,175
50772,8,21,118
50773,4,12,80
50774,3,8,45
50775,9,14,69
50776,12,22,121
50777,10,19,96
50778,27,55,287
50779,1,4,31
50780,13,25,122
50781,11,18,85
50782,2,3,23
50783,5,14,86
50784,9,21,114
50785,18,36,193
50786,12,24,127
50787,10,18,93
50788,12,22,124
50789,8,11,50
50790,14,21,104
50791,17,26,139
50792,4,6,31
50793,1,5,32
50794,7,11,55
50795,2,7,58
50796,12,18,89
50797,1,3,22
50798,3,5,28
50799,8,13,70
50800,0,1,9
50801,2,5,33
50802,16,35,207
50803,3,7,42
50804,7,14,77
50805,15,25,136
50806,3,3,20
50807,1,4,24
50808,7,13,73
50809,4,6,45
50810,8,18,108
50811,14,23,118
50812,2,2,13
50813,0,0,2
50814,2,4,22
50815,9,15,88
50816,4,6,47
50817,2,4,24
50818,6,13,71
50819,7,14,93
50820,10,19,105
50821,6,9,51
50822,4,7,49
50823,5,7,33
50824,7,12,57
50825,9,15,83
50826,3,6,41
50827,3,7,34
50828,5,9,61
50829,16,28,157
50830,7,11,53
50831,7,10,49
50832,18,30,171
50833,63,132,754
50834,22,42,242
50835,5,7,36
50836,26,47,270
50837,15,22,108
50838,11,15,76
50839,16,26,141
50840,8,19,105
50841,8,15,75
50842,13,27,139
50843,4,7,33
50844,23,39,212
50845,5,8,41
50846,7,11,62
50847,2,4,24
50848,6,11,68
50849,1,3,20
50850,11,15,65
50851,6,12,67
50852,7,13,73
50853,1,2,11
50854,22,41,252
50855,5,11,59
50856,5,13,74
50857,12,22,128
50858,4,6,29
50859,22,37,223
50860,3,7,37
50861,8,17,87
50862,5,8,48
50863,10,16,87
50864,12,23,113
50865,10,19,115
50866,13,26,143
50867,2,4,20
50868,3,6,32
50869,2,3,26
50870,6,14,76
50871,13,27,178
50872,15,30,164
50873,4,6,33
50874,3,8,57
50875,7,11,57
50876,20,39,227
50877,5,9,49
50878,9,17,97
50879,18,39,225
50880,4,7,40
50881,8,13,77
50882,16,25,132
50883,3,6,29
50884,5,9,50
50885,6,14,86
50886,19,35,184
50887,4,8,45
50888,8,15,76
50889,11,21,125
50890,3,9,74
50891,8,12,68
50892,5,12,63
50893,6,11,64
50894,8,12,64
50895,2,4,26
50896,4,7,36
50897,13,27,133
50898,8,14,74
50899,6,10,53
50900,4,6,32
50901,8,18,102
50902,1,4,26
50903,7,15,81
50904,7,17,103
50905,5,8,44
50906,12,20,107
50907,7,15,82
50908,12,21,121
50909,2,8,47
50910,1,6,48
50911,3,11,77
50912,7,18,102
50913,11,24,140
50914,20,41,247
50915,13,28,145
50916,6,14,82
50917,3,9,67
50918,6,13,97
50919,2,3,17
50920,7,14,82
50921,0,6,64
50922,14,32,178
50923,6,12,64
50924,11,14,56
50925,3,5,25
50926,3,4,29
50927,1,3,18
50928,4,8,54
50929,3,8,57
50930,13,27,180
50931,3,6,32
50932,4,4,22
50933,4,8,39
50934,9,14,67
50935,4,10,58
50936,8,14,80
50937,11,19,111
50938,2,4,23
50939,4,6,38
50940,4,8,35
50941,7,11,57
50942,6,12,64
50943,2,5,52
50944,0,4,36
50945,3,5,30
50946,18,27,140
50947,4,6,32
50948,2,3,17
50949,1,3,19
50950,15,22,115
50951,10,22,147
50952,6,10,43
50953,4,7,40
50954,5,8,39
50955,0,2,19
50956,2,6,34
50957,6,14,89
50958,4,9,63
50959,1,4,32
50960,3,5,30
50961,3,4,17
50962,9,17,94
50963,1,6,51
50964,8,16,106
50965,2,7,35
50966,12,20,99
50967,3,4,25
50968,1,3,23
50969,0,2,24
50970,7,11,54
50971,9,21,119
50972,15,30,152
50973,11,30,191
50974,22,36,177
50975,14,23,118
50976,6,16,94
50977,8,20,106
50978,0,7,58
50979,11,22,123
50980,2,5,36
50981,6,11,62
50982,5,11,64
50983,3,9,61
50984,6,15,91
50985,32,44,220
50986,3,6,42
50987,3,5,28
50988,6,12,79
50989,5,8,42
50990,6,11,57
50991,16,30,171
50992,14,26,144
50993,19,31,154
50994,2,6,41
50995,5,11,67
50996,1,5,37
50997,3,7,34
50998,2,4,20
50999,1,3,21
51000,12,21,114
51001,1,5,39
51002,2,5,28
51003,1,1,12
51004,1,2,10
51005,4,6,31
51006,4,9,53
51007,7,20,135
51008,3,4,26
51009,0,3,26
51010,4,14,91
51011,6,13,72
51012,8,14,80
51013,10,22,141
51014,8,16,92
51015,11,17,88
51016,5,6,35
51017,1,2,10
51018,4,9,54
51019,3,6,46
51020,4,9,52
51021,11,20,107
51022,5,8,38
51023,3,5,27
51024,5,9,68
51025,0,4,34
51026,6,10,65
51027,3,5,25
51028,0,2,20
51029,0,3,21
51030,3,6,42
51031,1,2,19
51032,0,2,15
51033,8,12,59
51034,3,7,41
51035,4,7,36
51036,6,8,39
51037,4,10,56
51038,0,2,14
51039,4,6,33
51040,5,10,63
51041,15,23,142
51042,7,11,62
51043,7,14,73
51044,5,11,51
51045,5,10,56
51046,5,9,46
51047,7,12,64
51048,2,5,30
51049,7,12,57
51050,0,1,7
51051,8,12,58
51052,6,14,83
51053,4,8,33
51054,6,13,62
51055,3,8,56
51056,5,8,58
51057,1,4,29
51058,2,5,34
51059,9,17,91
51060,2,4,25
51061,7,13,65
51062,9,19,116
51063,3,8,61
51064,2,4,28
51065,2,3,14
51066,3,7,51
51067,4,6,30
51068,7,13,69
51069,3,8,50
51070,10,20,116
51071,14,24,130
51072,6,9,50
51073,1,2,19
51074,3,8,50
51075,9,18,105
51076,7,17,86
51077,3,6,28
51078,10,21,101
51079,6,11,57
51080,0,1,9
51081,4,6,35
51082,2,7,32
51083,19,28,123
51084,8,13,69
51085,7,14,95
51086,3,8,53
51087,4,10,65
51088,3,7,39
51089,4,8,46
51090,8,11,58
51091,9,23,132
51092,6,8,46
51093,2,7,36
51094,16,36,188
51095,8,16,80
51096,6,14,78
51097,8,18,102
51098,8,14,69
51099,13,26,140
51100,5,12,82
51101,0,1,13
51102,0,1,9
51103,1,3,25
51104,6,12,82
51105,5,8,61
51106,4,8,41
51107,7,14,80
51108,3,6,34
51109,3,5,28
51110,3,4,16
51111,6,10,58
51112,9,21,109
51113,6,10,53
51114,4,9,48
51115,7,15,95
51116,3,8,39
51117,11,20,97
51118,0,2,15
51119,9,21,116
51120,5,12,71
51121,6,12,72
51122,6,13,66
51123,1,2,12
51124,5,14,84
51125,10,19,98
51126,8,13,75
51127,7,17,112
51128,18,35,199
51129,2,5,29
51130,10,18,100
51131,13,26,153
51132,5,12,82
51133,3,7,46
51134,11,18,95
51135,7,13,93
51136,9,18,101
51137,2,4,25
51138,1,5,38
51139,2,6,38
51140,3,6,35
51141,7,13,67
51142,10,12,71
51143,6,15,86
51144,4,9,51
51145,0,4,33
51146,9,16,87
51147,11,22,120
51148,8,15,77
51149,3,8,58
51150,0,2,15
51151,3,12,87
51152,3,7,38
51153,3,5,27
51154,2,7,45
51155,6,16,108
51156,9,19,116
51157,9,21,129
51158,7,14,69
51159,3,5,28
51160,5,10,64
51161,8,15,74
51162,7,16,106
51163,7,15,73
51164,3,6,34
51165,0,2,15
51166,7,15,76
51167,5,13,73
51168,5,10,57
51169,4,8,47
51170,2,5,35
51171,13,21,109
51172,7,12,61
51173,3,11,67
51174,3,8,47
51175,0,1,10
51176,4,9,43
51177,4,10,61
51178,6,12,66
51179,9,17,101
51180,2,3,16
51181,6,11,65
51182,3,9,53
51183,7,17,107
51184,8,16,96
51185,7,13,81
51186,3,8,40
51187,6,12,70
51188,8,15,75
51189,10,17,91
51190,4,7,33
51191,5,8,41
51192,6,14,74
51193,4,12,78
51194,1,2,12
51195,4,8,39
51196,3,6,30
51197,1,4,23
51198,2,3,20
51199,2,7,45
51200,10,16,73
51201,2,6,37
51202,4,8,38
51203,3,5,30
51204,0,1,6
51205,5,6,33
51206,6,11,60
51207,5,11,57
51208,10,21,112
51209,2,4,24
51210,4,13,69
51211,5,11,68
51212,7,12,66
51213,2,5,26
51214,4,7,45
51215,13,24,129
51216,4,8,44
51217,3,7,36
51218,4,8,48
51219,6,13,72
51220,6,13,67
51221,5,10,48
51222,7,11,60
51223,13,20,103
51224,1,4,23
51225,0,1,9
51226,4,7,34
51227,6,14,87
51228,6,13,69
51229,3,8,43
51230,7,16,77
51231,3,12,77
51232,3,9,58
51233,2,4,26
51234,4,8,47
51235,6,12,69
51236,1,3,17
51237,2,6,43
51238,6,13,73
51239,5,13,78
51240,1,3,19
51241,2,8,52
51242,2,4,22
51243,1,4,19
51244,11,24,129
51245,2,2,12
51246,7,14,87
51247,0,2,16
51248,5,10,58
51249,7,12,72
51250,3,6,32
51251,3,7,43
51252,8,12,60
51253,2,4,25
51254,7,14,87
51255,8,16,90
51256,8,15,82
51257,0,1,14
51258,0,2,15
51259,1,4,30
51260,1,5,34
51261,3,5,27
51262,5,9,55
51263,6,13,68
51264,4,10,63
51265,4,7,37
51266,5,10,60
51267,6,12,71
51268,6,13,71
51269,3,9,59
51270,4,8,43
51271,8,12,56
51272,9,14,71
51273,1,4,23
51274,5,7,30
51275,14,25,135
51276,4,7,38
51277,8,12,61
51278,3,7,44
51279,1,3,18
51280,4,9,47
51281,0,1,11
51282,4,7,43
51283,8,14,91
51284,3,4,25
51285,9,16,92
51286,6,12,65
51287,11,21,139
51288,7,25,152
51289,6,10,54
51290,6,15,93
51291,7,11,63
51292,7,15,91
51293,1,2,10
51294,7,11,64
51295,5,11,66
51296,5,9,55
51297,8,12,77
51298,2,4,26
51299,14,28,139
51300,5,12,90
51301,6,12,70
51302,2,3,23
51303,7,10,42
51304,2,7,39
51305,3,6,34
51306,3,5,30
51307,8,17,91
51308,9,21,118
51309,8,17,102
51310,11,20,116
51311,6,18,109
51312,5,13,75
51313,2,9,54
51314,2,6,31
51315,7,15,85
51316,2,11,59
51317,5,6,25
51318,6,11,60
51319,6,13,66
51320,1,4,36
51321,2,7,50
51322,1,4,26
51323,5,12,71
51324,6,12,77
51325,2,5,36
51326,16,36,208
51327,10,23,125
51328,9,19,119
51329,3,6,34
51330,3,5,28
51331,2,4,28
51332,10,25,152
51333,12,26,174
51334,5,10,56
51335,11,23,157
51336,15,23,168
51337,12,22,136
51338,7,15,79
51339,8,21,117
51340,5,13,97
51341,4,10,63
51342,5,9,46
51343,10,18,89
51344,11,18,94
51345,6,12,69
51346,2,7,44
51347,15,31,180
51348,5,12,79
51349,8,20,109
51350,8,18,90
51351,7,11,54
51352,17,30,145
51353,3,5,30
51354,5,18,114
51355,5,11,63
51356,5,13,84
51357,27,49,276
51358,7,17,121
51359,10,16,104
51360,22,35,189
51361,15,29,161
51362,22,47,315
51363,17,35,181
51364,12,23,136
51365,10,26,157
51366,14,31,176
51367,5,10,74
51368,9,20,124
51369,7,20,107
51370,12,29,171
51371,8,14,72
51372,8,15,92
51373,5,12,68
51374,1,5,40
51375,9,18,87
51376,9,16,84
51377,9,15,74
51378,6,17,95
51379,7,14,68
51380,0,4,34
51381,4,8,56
51382,4,11,65
51383,11,25,131
51384,8,17,90
51385,8,18,120
51386,9,20,104
51387,1,8,58
51388,8,16,86
51389,7,16,81
51390,6,17,112
51391,4,9,51
51392,3,8,48
51393,2,4,27
51394,4,7,39
51395,3,9,58
51396,3,7,44
51397,10,25,187
51398,6,13,77
51399,6,13,55
51400,7,14,92
51401,4,13,82
51402,13,29,168
51403,10,21,107
51404,12,23,120
51405,5,11,57
51406,4,8,49
51407,9,14,71
51408,5,10,57
51409,5,13,69
51410,17,34,178
51411,4,12,84
51412,6,12,58
51413,2,4,21
51414,18,38,216
51415,6,17,113
51416,11,21,116
51417,19,39,205
51418,9,19,110
51419,16,29,148
51420,10,19,100
51421,5,10,50
51422,10,18,93
51423,13,27,140
51424,7,12,63
51425,15,32,183
51426,7,11,53
51427,25,38,180
51428,17,27,123
51429,4,11,68
51430,9,27,176
51431,16,25,132
51432,17,28,143
51433,11,25,136
51434,18,40,216
51435,3,10,50
51436,3,5,29
51437,9,22,138
51438,21,37,195
51439,5,10,55
51440,12,24,146
51441,6,14,82
51442,14,20,97
51443,4,6,26
51444,2,6,37
51445,5,8,49
51446,3,5,27
51447,29,50,275
51448,6,16,99
51449,1,4,35
51450,8,12,74
51451,2,3,27
51452,6,12,71
51453,8,14,81
51454,4,8,38
51455,2,3,22
51456,2,3,20
51457,3,4,22
51458,3,6,34
51459,3,6,35
51460,6,14,66
51461,7,13,69
51462,3,6,45
51463,15,36,233
51464,0,3,27
51465,1,8,57
51466,5,19,122
51467,9,14,81
51468,3,7,41
51469,17,33,167
51470,11,24,146
51471,14,28,189
51472,1,1,7
51473,1,1,11
51474,8,16,81
51475,2,11,70
51476,1,4,23
51477,1,3,22
51478,12,21,119
51479,3,4,25
51480,3,7,36
51481,7,10,48
51482,2,5,29
51483,1,3,24
51484,0,2,15
51485,10,17,90
51486,7,12,69
51487,2,4,26
51488,3,4,30
51489,12,19,91
51490,5,15,92
51491,12,23,133
51492,10,22,139
51493,5,14,98
51494,0,3,23
51495,5,18,112
51496,4,6,39
51497,1,4,25
51498,1,3,20
51499,5,11,81
51500,1,6,40
51501,10,24,133
51502,16,36,216
51503,17,36,209
51504,2,4,36
51505,9,19,127
51506,6,17,104
51507,4,10,67
51508,8,12,69
51509,1,8,59
51510,4,7,43
51511,8,17,105
51512,9,19,114
51513,7,14,81
51514,4,10,57
51515,19,40,216
51516,15,29,160
51517,4,7,34
51518,8,17,91
51519,3,4,23
51520,9,17,90
51521,12,23,117
51522,11,19,89
51523,4,7,50
51524,4,8,53
51525,2,6,30
51526,2,3,18
51527,2,4,25
51528,1,5,35
51529,5,8,50
51530,9,21,124
51531,32,63,351
51532,7,12,61
51533,6,14,82
51534,12,20,110
51535,25,49,291
51536,18,33,172
51537,8,13,73
51538,3,7,43
51539,14,25,147
51540,8,17,104
51541,25,46,253
51542,2,4,22
51543,18,32,164
51544,8,19,106
51545,10,32,210
51546,10,18,90
51547,14,26,160
51548,8,20,140
51549,5,9,47
51550,4,12,88
51551,6,11,56
51552,7,19,114
51553,5,15,95
51554,9,22,144
51555,16,34,216
51556,3,6,33
51557,13,27,157
51558,13,23,134
51559,14,34,205
51560,3,6,44
51561,7,13,72
51562,19,37,216
51563,10,25,163
51564,5,12,76
51565,8,15,79
51566,7,15,93
51567,14,30,191
51568,7,18,114
51569,11,24,132
51570,3,5,30
51571,1,4,19
51572,3,5,28
51573,7,14,83
51574,2,4,22
51575,2,6,37
51576,2,6,40
51577,4,12,70
51578,4,9,52
51579,2,9,75
51580,6,13,79
51581,8,16,86
51582,10,25,181
51583,16,33,192
51584,7,14,82
51585,0,1,15
51586,10,18,91
51587,3,7,43
51588,13,24,117
51589,4,9,59
51590,1,4,30
51591,3,6,37
51592,10,25,171
51593,14,25,142
51594,0,3,32
51595,1,4,26
51596,3,7,41
51597,2,6,40
51598,4,8,44
51599,1,3,23
51600,3,5,34
51601,4,11,68
51602,11,27,163
51603,11,22,132
51604,8,16,106
51605,6,14,80
51606,5,18,121
51607,3,5,27
51608,1,5,34
51609,9,15,102
51610,7,16,92
51611,4,8,43
51612,11,21,104
51613,6,13,78
51614,2,4,23
51615,3,6,35
51616,8,16,89
51617,14,28,156
51618,4,8,46
51619,9,18,114
51620,4,9,57
51621,13,27,147
51622,15,33,186
51623,16,32,197
51624,15,26,137
51625,9,18,104
51626,14,35,219
51627,9,30,215
51628,15,32,202
51629,12,22,123
51630,6,12,58
51631,3,8,53
51632,4,13,87
51633,8,15,67
51634,4,8,43
51635,10,24,155
51636,7,18,108
51637,3,6,32
51638,3,11,73
51639,7,17,95
51640,4,10,63
51641,7,15,79
51642,19,32,160
51643,12,23,114
51644,8,13,69
51645,15,23,117
51646,8,18,109
51647,10,19,110
51648,8,16,87
51649,2,4,25
51650,9,23,153
51651,14,27,145
51652,2,11,85
51653,17,32,186
51654,4,13,80
51655,13,33,225
51656,7,16,99
51657,11,27,169
51658,10,25,173
51659,5,6,31
51660,12,22,113
51661,2,6,37
51662,8,14,80
51663,5,12,77
51664,13,18,91
51665,11,21,123
51666,13,28,201
51667,8,20,142
51668,5,9,58
51669,3,8,61
51670,7,12,61
51671,8,15,83
51672,2,4,21
51673,10,14,58
51674,14,21,106
51675,6,8,39
51676,9,21,111
51677,4,6,27
51678,4,9,49
51679,17,32,164
51680,10,21,125
51681,5,13,68
51682,8,15,82
51683,10,17,74
51684,10,22,129
51685,12,17,91
51686,6,12,66
51687,3,6,33
51688,6,12,86
51689,1,3,16
51690,9,22,131
51691,0,0,13
51692,8,14,91
51693,10,17,91
51694,12,31,183
51695,3,7,43
51696,5,11,72
51697,0,0,15
51698,4,12,84
51699,2,3,17
51700,3,6,36
51701,8,17,98
51702,10,17,84
51703,2,7,41
51704,2,8,62
51705,4,6,37
51706,2,6,39
51707,11,20,102
51708,4,8,55
51709,8,13,64
51710,3,5,27
51711,2,8,58
51712,3,6,38
51713,1,2,15
51714,4,6,36
51715,2,8,69
51716,2,5,36
51717,5,9,43
51718,0,2,30
51719,3,8,51
51720,4,8,41
51721,8,14,94
51722,7,12,71
51723,3,6,36
51724,3,4,18
51725,2,4,30
51726,6,10,48
51727,5,14,88
51728,4,10,65
51729,3,5,30
51730,3,8,55
51731,3,5,38
51732,3,6,34
51733,2,7,46
51734,1,2,14
51735,2,4,20
51736,5,14,83
51737,14,29,165
51738,2,4,25
51739,9,17,98
51740,5,7,33
51741,11,21,119
51742,0,2,17
51743,2,6,56
51744,0,3,25
51745,2,2,20
51746,1,2,10
51747,1,1,8
51748,5,8,39
51749,12,21,126
51750,13,25,152
51751,3,8,55
51752,1,5,32
51753,5,10,54
51754,1,1,9
51755,7,10,57
51756,3,4,20
51757,4,6,29
51758,5,8,43
51759,6,20,137
51760,1,6,42
51761,3,6,32
51762,9,17,86
51763,10,19,133
51764,2,7,42
51765,18,38,203
51766,12,25,130
51767,3,10,90
51768,5,11,65
51769,2,6,38
51770,0,1,15
51771,5,14,103
51772,9,15,78
51773,0,3,19
51774,6,10,60
51775,6,14,79
51776,2,6,41
51777,3,5,26
51778,2,4,44
51779,1,1,21
51780,11,21,130
51781,1,6,36
51782,4,9,57
51783,0,2,13
51784,6,11,57
51785,5,11,69
51786,3,7,34
51787,2,4,19
51788,5,8,47
51789,4,7,35
51790,5,7,36
51791,5,10,59
51792,3,4,20
51793,0,5,34
51794,1,3,24
51795,4,5,21
51796,5,10,63
51797,1,4,26
51798,1,3,27
51799,7,14,83
51800,2,4,24
51801,3,7,37
51802,14,31,190
51803,0,2,14
51804,3,6,38
51805,3,6,37
51806,12,15,73
51807,8,14,77
51808,4,6,33
51809,0,2,11
51810,4,8,39
51811,5,9,53
51812,3,5,25
51813,4,5,27
51814,0,2,21
51815,4,12,70
51816,0,1,9
51817,3,4,23
51818,5,10,50
51819,12,20,98
51820,2,5,25
51821,2,3,12
51822,9,15,78
51823,0,4,27
51824,3,7,43
51825,5,11,57
51826,1,4,26
51827,3,7,40
51828,6,11,60
51829,6,10,85
51830,5,13,74
51831,7,18,116
51832,4,11,68
51833,7,14,78
51834,5,9,58
51835,7,11,58
51836,8,16,102
51837,10,17,90
51838,10,14,67
51839,6,11,74
51840,9,14,79
51841,8,18,105
51842,6,14,81
51843,15,28,153
51844,4,10,53
51845,4,8,51
51846,12,21,100
51847,6,12,61
51848,7,19,111
51849,16,26,143
51850,6,14,75
51851,4,7,35
51852,7,15,81
51853,3,8,48
51854,4,9,65
51855,1,2,12
51856,1,2,19
51857,3,8,45
51858,21,38,219
51859,2,5,29
51860,16,28,150
51861,11,24,150
51862,12,24,140
51863,4,8,35
51864,5,10,53
51865,5,11,64
51866,7,10,45
51867,12,19,108
51868,1,4,29
51869,6,14,73
51870,10,19,94
51871,5,12,66
51872,7,11,52
51873,5,8,33
51874,5,6,34
51875,11,19,136
51876,8,16,82
51877,11,19,99
51878,14,33,193
51879,9,14,80
51880,2,2,12
51881,2,3,14
51882,9,13,72
51883,0,2,18
51884,2,5,31
51885,14,23,120
51886,3,5,31
51887,6,14,88
51888,0,1,14
51889,8,26,179
51890,15,28,170
51891,0,1,17
51892,7,15,73
51893,26,47,252
51894,5,8,41
51895,4,5,27
51896,5,11,63
51897,9,17,88
51898,3,6,33
51899,8,16,114
51900,13,22,114
51901,12,20,105
51902,23,37,203
51903,17,30,156
51904,13,21,107
51905,7,12,58
51906,16,31,183
51907,5,12,71
51908,11,16,87
51909,7,8,35
51910,11,21,109
51911,4,10,67
51912,5,15,110
51913,7,15,87
51914,10,16,95
51915,10,24,139
51916,4,9,52
51917,7,11,52
51918,6,17,98
51919,2,4,25
51920,5,10,83
51921,4,7,39
51922,18,37,211
51923,18,41,253
51924,7,16,83
51925,6,16,87
51926,2,8,45
51927,2,5,31
51928,9,13,66
51929,15,23,103
51930,4,6,34
51931,4,6,31
51932,13,28,149
51933,13,19,101
51934,5,10,53
51935,12,19,103
51936,10,18,93
51937,7,12,49
51938,11,19,112
51939,6,11,67
51940,3,7,33
51941,4,6,26
51942,6,12,65
51943,16,36,197
51944,14,32,170
51945,7,10,41
51946,0,2,21
51947,7,11,54
51948,5,8,39
51949,5,10,55
51950,3,5,26
51951,7,18,110
51952,4,14,88
51953,2,21,138
51954,8,13,72
51955,4,9,49
51956,15,29,162
51957,3,11,75
51958,7,15,80
51959,5,9,42
51960,1,4,38
51961,13,20,106
51962,11,17,96
51963,11,17,93
51964,8,15,73
51965,1,3,16
51966,19,37,207
51967,8,21,144
51968,0,4,34
51969,3,5,24
51970,2,5,41
51971,10,21,132
51972,1,3,21
51973,6,19,123
51974,13,27,146
51975,11,22,132
51976,5,10,52
51977,5,10,53
51978,4,9,45
51979,7,17,95
51980,14,24,124
51981,7,17,95
51982,3,7,33
51983,9,20,116
51984,19,34,193
51985,11,26,152
51986,4,13,77
51987,15,33,195
51988,8,14,64
51989,18,37,216
51990,2,8,57
51991,9,20,98
51992,4,10,64
51993,25,49,271
51994,9,16,83
51995,24,40,210
51996,7,14,89
51997,6,9,40
51998,16,30,156
51999,26,50,293
52000,9,20,113
52001,19,39,213
52002,10,14,68
52003,11,19,98
52004,7,14,82
52005,22,42,223
52006,3,6,40
52007,10,22,124
52008,7,12,67
52009,0,2,13
52010,5,12,61
52011,10,15,94
52012,10,22,116
52013,9,26,150
52014,7,12,71
52015,8,11,57
52016,1,2,14
52017,12,24,112
52018,0,3,21
52019,3,7,37
52020,20,35,189
52021,10,21,119
52022,10,17,95
52023,26,49,256
52024,1,2,19
52025,5,11,56
52026,4,8,47
52027,4,6,35
52028,11,29,155
52029,2,3,23
52030,11,20,108
52031,0,2,16
52032,23,37,194
52033,4,9,51
52034,7,12,71
52035,8,16,99
52036,21,38,212
52037,19,27,122
52038,11,16,81
52039,10,14,77
52040,0,2,16
52041,2,6,36
52042,1,1,14
52043,3,8,47
52044,5,5,27
52045,7,18,112
52046,8,15,84
52047,11,27,157
52048,14,39,258
52049,6,21,155
52050,5,8,49
52051,6,10,54
52052,16,35,248
52053,9,19,114
52054,9,17,98
52055,9,19,129
52056,1,5,40
52057,15,28,171
52058,3,5,28
52059,11,21,124
52060,3,5,26
52061,7,12,58
52062,24,51,302
52063,8,20,125
52064,13,26,146
52065,16,38,202
52066,15,33,208
52067,22,44,246
52068,26,51,289
52069,11,20,110
52070,3,6,36
52071,16,33,183
52072,20,36,177
52073,2,7,49
52074,8,19,111
52075,20,34,163
52076,4,8,49
52077,4,8,54
52078,6,13,79
52079,19,34,199
52080,9,15,82
52081,38,63,300
52082,19,32,162
52083,22,44,231
52084,16,27,135
52085,23,44,252
52086,5,7,32
52087,4,7,39
52088,2,3,19
52089,3,4,22
52090,2,4,29
52091,0,0,2
52092,2,4,20
52093,2,6,41
52094,3,5,23
52095,3,7,39
52096,14,25,145
52097,10,15,81
52098,9,18,79
52099,3,6,38
52100,1,5,28
52101,4,10,57
52102,1,3,21
52103,0,1,18
52104,1,3,18
52105,1,2,23
52106,1,3,22
52107,4,7,32
52108,2,4,24
52109,2,3,21
52110,6,10,51
52111,4,10,59
52112,16,27,156
52113,6,11,61
52114,6,12,68
52115,0,2,20
52116,7,12,71
52117,2,5,28
52118,2,4,18
52119,6,11,64
52120,5,8,49
52121,2,3,15
52122,5,11,75
52123,5,7,38
52124,5,8,38
52125,4,5,24
52126,4,7,43
52127,0,3,14
52128,4,6,30
52129,7,14,89
52130,3,6,37
52131,3,7,37
52132,4,8,38
52133,2,6,35
52134,2,4,26
52135,15,30,182
52136,9,15,76
52137,12,22,122
52138,9,16,85
52139,2,6,41
52140,2,4,42
52141,16,40,229
52142,3,9,48
52143,9,18,97
52144,9,20,119
52145,5,10,59
52146,3,13,86
52147,7,18,118
52148,7,13,64
52149,1,4,28
52150,7,12,64
52151,13,22,137
52152,14,25,153
52153,9,13,58
52154,2,10,77
52155,7,15,98
52156,1,3,18
52157,6,12,61
52158,6,9,47
52159,2,3,18
52160,16,25,136
52161,14,26,149
52162,13,27,163
52163,1,3,20
52164,3,7,51
52165,7,15,94
52166,16,27,176
52167,17,32,174
52168,3,4,25
52169,2,6,36
52170,2,7,47
52171,3,9,58
52172,2,6,45
52173,10,25,133
52174,4,10,54
52175,26,54,313
52176,23,47,315
52177,3,7,43
52178,5,12,67
52179,14,29,169
52180,12,17,88
52181,7,11,60
52182,22,45,249
52183,23,35,173
52184,12,22,129
52185,16,35,237
52186,1,5,42
52187,6,11,74
52188,2,6,48
52189,5,11,69
52190,5,9,60
52191,3,8,40
52192,2,5,33
52193,8,12,53
52194,2,4,28
52195,4,7,42
52196,2,4,25
52197,1,4,27
52198,7,11,55
52199,13,21,112
52200,5,7,28
52201,15,31,179
52202,2,7,33
52203,19,48,285
52204,3,4,19
52205,9,22,132
52206,8,16,84
52207,16,31,164
52208,22,48,292
52209,14,25,121
52210,30,54,284
52211,3,5,26
52212,14,29,147
52213,8,12,54
52214,4,8,59
52215,15,34,187
52216,5,12,77
52217,1,5,29
52218,2,3,21
52219,0,0,2
52220,10,19,91
52221,9,15,80
52222,21,43,228
52223,15,27,135
52224,16,27,156
52225,2,5,33
52226,3,5,27
52227,5,8,42
52228,4,14,83
52229,4,8,44
52230,4,7,49
52231,3,7,51
52232,5,10,65
52233,7,13,78
52234,4,11,58
52235,17,34,185
52236,3,9,56
52237,6,13,82
52238,10,14,83
52239,5,13,77
52240,6,17,121
52241,12,22,135
52242,10,19,112
52243,9,18,149
52244,11,31,203
52245,7,14,88
52246,27,57,335
52247,1,3,23
52248,5,13,62
52249,3,8,50
52250,10,16,88
52251,15,26,151
52252,7,15,87
52253,4,9,54
52254,9,18,103
52255,3,8,54
52256,2,4,24
52257,2,4,29
52258,3,8,42
52259,18,38,214
52260,5,15,97
52261,4,16,109
52262,4,13,87
52263,7,13,66
52264,11,23,128
52265,7,13,73
52266,9,21,117
52267,14,35,206
52268,24,50,263
52269,3,12,83
52270,7,13,82
52271,11,27,171
52272,16,41,261
52273,7,17,114
52274,7,13,67
52275,2,7,47
52276,3,8,51
52277,9,22,130
52278,2,9,55
52279,5,8,44
52280,10,18,98
52281,13,28,175
52282,9,15,106
52283,8,11,75
52284,19,36,188
52285,4,10,55
52286,13,24,123
52287,8,12,76
52288,3,7,44
52289,3,4,31
52290,3,5,27
52291,8,15,96
52292,8,13,87
52293,7,12,63
52294,6,6,40
52295,3,6,34
52296,6,9,44
52297,3,7,52
52298,0,2,20
52299,11,23,140
52300,13,24,119
52301,6,18,112
52302,2,4,25
52303,8,19,109
52304,4,9,64
52305,7,11,48
52306,4,6,29
52307,3,4,33
52308,13,24,136
52309,22,44,247
52310,16,29,161
52311,11,19,93
52312,4,8,50
52313,5,8,46
52314,1,5,35
52315,4,11,52
52316,4,5,25
52317,3,7,51
52318,4,11,73
52319,4,10,51
52320,16,26,104
52321,3,4,23
52322,0,4,39
52323,5,11,56
52324,22,38,223
52325,6,16,94
52326,7,15,86
52327,16,25,117
52328,13,26,153
52329,5,11,58
52330,4,7,52
52331,3,7,51
52332,1,3,23
52333,11,18,89
52334,6,12,83
52335,4,7,41
52336,2,4,26
52337,10,17,94
52338,15,31,194
52339,1,2,27
52340,2,3,17
52341,5,11,73
52342,2,3,21
52343,1,2,16
52344,2,2,11
52345,4,7,29
52346,2,6,47
52347,0,2,18
52348,4,6,32
52349,13,29,150
52350,4,9,44
52351,2,3,16
52352,14,30,165
52353,24,39,201
52354,11,24,129
52355,16,36,213
52356,7,19,102
52357,19,35,196
52358,14,25,120
52359,14,29,168
52360,18,40,249
52361,10,23,149
52362,12,23,130
52363,8,15,93
52364,18,37,223
52365,13,28,171
52366,10,22,137
52367,3,6,41
52368,3,7,38
52369,7,12,69
52370,20,35,195
52371,27,49,299
52372,3,8,53
52373,13,24,132
52374,20,37,204
52375,7,13,70
52376,7,15,87
52377,5,8,37
52378,6,10,53
52379,18,38,235
52380,5,10,57
52381,4,7,38
52382,4,8,50
52383,20,43,252
52384,19,39,241
52385,9,18,114
52386,4,6,40
52387,17,26,144
52388,20,32,170
52389,8,14,77
52390,11,28,182
52391,5,11,58
52392,10,24,116
52393,6,12,68
52394,5,11,73
52395,11,20,105
52396,3,10,62
52397,12,21,126
52398,12,24,124
52399,4,8,48
52400,12,22,142
52401,10,19,118
52402,5,10,57
52403,9,16,93
52404,8,15,79
52405,0,1,26
52406,6,10,49
52407,1,2,31
52408,3,6,35
52409,2,4,27
52410,3,7,33
52411,14,23,132
52412,4,10,83
52413,6,10,54
52414,1,3,22
52415,6,11,56
52416,2,5,35
52417,0,3,29
52418,1,3,24
52419,9,18,100
52420,1,2,28
52421,0,2,21
52422,4,10,60
52423,9,13,74
52424,3,6,28
52425,7,10,63
52426,6,10,49
52427,8,12,69
52428,11,19,115
52429,9,20,117
52430,12,25,157
52431,13,23,123
52432,1,3,38
52433,8,20,129
52434,6,12,92
52435,3,7,48
52436,2,5,23
52437,6,15,90
52438,4,9,62
52439,7,12,84
52440,3,7,43
52441,7,11,69
52442,5,7,35
52443,18,34,187
52444,14,22,131
52445,1,3,23
52446,5,10,63
52447,1,6,42
52448,6,10,47
52449,10,16,78
52450,6,11,68
52451,5,10,55
52452,18,33,196
52453,6,12,70
52454,7,13,70
52455,4,9,55
52456,7,15,87
52457,7,9,47
52458,3,4,17
52459,5,14,86
52460,10,13,66
52461,10,17,85
52462,17,31,163
52463,13,28,142
52464,11,27,187
52465,7,14,80
52466,17,35,222
52467,14,28,157
52468,7,14,80
52469,5,8,39
52470,5,9,53
52471,7,13,65
52472,11,17,96
52473,14,35,225
52474,5,11,67
52475,9,24,166
52476,7,13,65
52477,8,19,111
52478,9,13,56
52479,10,16,80
52480,6,13,73
52481,18,34,180
52482,17,33,191
52483,6,15,86
52484,16,30,150
52485,8,15,80
52486,8,15,86
52487,1,5,42
52488,1,5,40
52489,4,6,31
52490,4,7,37
52491,1,3,16
52492,5,8,48
52493,5,9,41
52494,4,6,29
52495,12,24,130
52496,3,9,55
52497,9,17,93
52498,16,28,165
52499,7,15,97
52500,13,22,112
52501,8,16,88
52502,5,10,56
52503,1,3,20
52504,9,17,98
52505,0,1,5
52506,4,9,79
52507,0,4,29
52508,5,10,56
52509,7,16,99
52510,2,7,47
52511,2,4,24
52512,11,22,120
52513,6,14,87
52514,4,11,63
52515,9,15,70
52516,1,4,29
52517,0,1,13
52518,10,19,120
52519,3,8,45
52520,3,6,30
52521,8,17,91
52522,5,10,56
52523,4,4,23
52524,1,2,32
52525,7,13,75
52526,7,15,94
52527,12,17,86
52528,0,1,12
52529,16,32,198
52530,3,3,21
52531,4,7,51
52532,1,6,38
52533,7,13,65
52534,3,7,37
52535,5,9,54
52536,1,4,28
52537,5,8,49
52538,23,34,195
52539,3,5,41
52540,2,5,39
52541,7,14,81
52542,12,18,95
52543,1,5,35
52544,1,4,26
52545,13,17,80
52546,13,29,161
52547,5,7,37
52548,1,3,20
52549,8,18,133
52550,4,7,33
52551,2,7,37
52552,3,5,21
52553,14,19,107
52554,10,16,93
52555,6,11,68
52556,6,11,54
52557,3,6,39
52558,7,12,72
52559,0,4,32
52560,2,7,61
52561,3,5,35
52562,4,6,34
52563,3,9,58
52564,3,6,40
52565,8,19,108
52566,4,8,53
52567,6,12,68
52568,8,14,95
52569,1,3,20
52570,2,3,13
52571,2,4,28
52572,6,11,63
52573,5,11,77
52574,1,3,27
52575,3,5,27
52576,11,18,101
52577,3,4,26
52578,3,5,32
52579,3,5,29
52580,8,9,52
52581,5,7,36
52582,2,4,26
52583,2,5,30
52584,3,4,23
52585,4,7,42
52586,8,10,61
52587,10,17,107
52588,6,13,81
52589,6,11,67
52590,3,7,39
52591,5,9,53
52592,4,6,32
52593,6,13,79
52594,7,12,55
52595,9,18,107
52596,18,34,192
52597,8,19,111
52598,6,10,66
52599,4,10,54
52600,1,5,39
52601,6,11,55
52602,7,13,71
52603,5,11,68
52604,13,26,166
52605,3,5,26
52606,6,15,105
52607,3,9,48
52608,10,15,80
52609,11,22,133
52610,7,19,121
52611,15,27,154
52612,7,14,78
52613,8,13,67
52614,9,15,94
52615,3,7,34
52616,7,17,121
52617,13,27,162
52618,6,11,62
52619,9,15,86
52620,6,14,92
52621,3,5,59
52622,3,4,30
52623,0,2,12
52624,3,6,47
52625,13,23,132
52626,3,5,28
52627,4,10,57
52628,5,11,78
52629,2,4,21
52630,7,10,53
52631,3,5,26
52632,4,8,52
52633,10,14,68
52634,7,13,82
52635,14,28,147
52636,5,12,66
52637,4,7,48
52638,10,20,104
52639,14,26,148
52640,5,12,74
52641,2,5,36
52642,5,12,79
52643,12,20,94
52644,4,7,44
52645,4,7,31
52646,3,5,28
52647,1,5,38
52648,8,20,125
52649,6,23,167
52650,8,14,75
52651,6,15,83
52652,0,4,39
52653,7,14,81
52654,7,14,74
52655,7,16,108
52656,9,16,77
52657,9,17,93
52658,4,7,40
52659,2,6,46
52660,2,4,34
52661,0,4,31
52662,2,5,34
52663,11,20,111
52664,1,4,33
52665,4,9,62
52666,12,19,123
52667,7,10,49
52668,6,10,57
52669,3,6,32
52670,7,10,43
52671,4,8,47
52672,8,13,77
52673,0,6,41
52674,5,9,45
52675,5,11,69
52676,2,4,27
52677,6,12,71
52678,0,3,22
52679,8,13,71
52680,1,4,24
52681,1,6,53
52682,9,18,103
52683,1,2,17
52684,0,3,23
52685,4,10,62
52686,11,23,137
52687,12,23,128
52688,17,32,185
52689,4,9,63
52690,3,7,36
52691,3,6,41
52692,2,4,29
52693,7,11,71
52694,1,3,25
52695,7,10,50
52696,8,13,72
52697,3,10,64
52698,11,20,100
52699,3,4,24
52700,9,21,166
52701,6,17,113
52702,8,14,89
52703,9,18,106
52704,5,8,57
52705,8,12,77
52706,11,20,114
52707,5,12,71
52708,8,14,110
52709,18,35,208
52710,1,6,46
52711,4,13,94
52712,8,12,67
52713,2,4,21
52714,18,37,198
52715,6,12,78
52716,10,21,134
52717,13,24,152
52718,15,34,193
52719,12,33,230
52720,9,21,134
52721,10,22,138
52722,9,19,120
52723,12,24,125
52724,7,16,93
52725,4,16,95
52726,11,18,99
52727,9,16,77
52728,8,19,117
52729,6,12,95
52730,4,9,61
52731,8,15,83
52732,5,10,60
52733,23,40,213
52734,5,11,66
52735,8,14,74
52736,2,6,38
52737,11,12,48
52738,8,15,82
52739,16,25,119
52740,5,8,43
52741,2,5,45
52742,6,11,64
52743,6,14,76
52744,8,17,126
52745,4,7,42
52746,4,9,57
52747,6,11,62
52748,8,18,99
52749,9,12,60
52750,2,5,40
52751,0,2,16
52752,4,9,53
52753,11,19,120
52754,12,20,98
52755,19,34,168
52756,12,21,108
52757,19,32,168
52758,3,4,23
52759,3,4,21
52760,10,16,82
52761,18,29,138
52762,6,8,34
52763,6,12,63
52764,7,19,120
52765,10,17,83
52766,19,31,151
52767,4,11,64
52768,7,10,45
52769,8,12,62
52770,3,5,23
52771,6,15,76
52772,3,6,28
52773,13,20,107
52774,7,16,125
52775,8,14,82
52776,4,8,72
52777,2,7,47
52778,8,12,64
52779,2,3,28
52780,0,2,14
52781,4,7,34
52782,8,12,58
52783,8,11,55
52784,5,10,59
52785,7,12,67
52786,7,14,87
52787,5,8,45
52788,4,5,32
52789,5,11,74
52790,4,8,48
52791,2,3,19
52792,2,6,39
52793,14,25,141
52794,4,10,69
52795,6,14,87
52796,7,13,87
52797,12,22,116
52798,8,14,94
52799,11,24,163
52800,4,8,45
52801,10,17,88
52802,9,17,118
52803,15,21,113
52804,3,5,35
52805,1,5,32
52806,4,6,33
52807,10,14,74
52808,0,1,8
52809,4,8,49
52810,1,5,42
52811,4,10,79
52812,4,9,48
52813,3,7,53
52814,3,6,44
52815,15,32,179
52816,5,7,36
52817,16,33,204
52818,5,13,103
52819,12,21,116
52820,12,22,140
52821,10,19,129
52822,5,15,85
52823,3,7,34
52824,2,6,34
52825,6,16,82
52826,6,16,104
52827,4,14,72
52828,10,22,126
52829,6,16,107
52830,4,8,42
52831,6,15,101
52832,7,12,61
52833,15,30,170
52834,3,8,43
52835,1,2,12
52836,8,12,60
52837,4,7,35
52838,5,13,74
52839,4,8,39
52840,7,16,103
52841,5,11,72
52842,8,20,102
52843,8,22,116
52844,2,4,22
52845,8,15,91
52846,15,26,143
52847,3,7,39
52848,14,27,141
52849,1,3,19
52850,1,3,12
52851,7,18,101
52852,6,11,57
52853,3,9,46
52854,6,18,126
52855,3,6,36
52856,11,23,143
52857,7,13,62
52858,15,30,174
52859,2,4,20
52860,10,29,175
52861,7,13,77
52862,11,18,101
52863,3,7,47
52864,7,17,107
52865,6,17,87
52866,4,10,59
52867,5,12,65
52868,3,7,38
52869,5,8,33
52870,4,6,31
52871,12,25,129
52872,7,14,80
52873,13,20,125
52874,4,10,56
52875,7,14,62
52876,4,9,46
52877,2,5,30
52878,5,8,40
52879,5,10,62
52880,3,7,39
52881,13,27,149
52882,6,9,48
52883,2,4,26
52884,5,9,58
52885,2,5,28
52886,5,9,51
52887,7,14,66
52888,6,11,66
52889,2,6,39
52890,3,4,19
52891,7,15,83
52892,9,13,56
52893,2,3,15
52894,4,5,22
52895,2,4,21
52896,3,4,30
52897,1,2,8
52898,3,4,23
52899,4,7,43
52900,14,21,104
52901,7,12,62
52902,2,3,14
52903,20,30,148
52904,6,9,43
52905,3,3,14
52906,2,3,16
52907,7,11,54
52908,11,16,76
52909,2,3,17
52910,1,3,17
52911,2,5,32
52912,7,15,87
52913,3,7,36
52914,5,9,52
52915,6,9,59
52916,2,3,22
52917,2,7,44
52918,1,2,19
52919,17,26,135
52920,2,4,24
52921,4,7,39
52922,13,21,111
52923,8,11,58
52924,4,7,35
52925,8,18,107
52926,4,6,39
52927,0,3,22
52928,2,4,25
52929,5,8,42
52930,2,3,14
52931,9,16,82
52932,3,5,28
52933,2,5,29
52934,16,22,106
52935,7,15,87
52936,7,9,41
52937,17,28,146
52938,14,23,108
52939,13,26,152
52940,4,7,36
52941,3,9,55
52942,5,10,63
52943,11,18,98
52944,4,7,37
52945,2,5,31
52946,5,9,50
52947,2,3,15
52948,7,9,40
52949,5,7,30
52950,9,16,74
52951,2,4,22
52952,10,13,62
52953,3,5,22
52954,11,15,75
52955,12,21,112
52956,11,17,87
52957,2,7,32
52958,5,10,55
52959,9,15,72
52960,5,9,46
52961,10,19,101
52962,8,14,61
52963,19,30,181
52964,7,12,67
52965,4,8,35
52966,2,5,36
52967,7,11,59
52968,0,2,15
52969,4,7,34
52970,16,23,116
52971,3,8,42
52972,1,3,20
52973,2,3,18
52974,2,6,44
52975,7,15,87
52976,4,7,37
52977,8,11,50
52978,10,16,87
52979,8,12,55
52980,16,25,120
52981,8,14,77
52982,3,6,24
52983,3,5,27
52984,2,4,24
52985,14,22,109
52986,13,18,95
52987,11,18,85
52988,4,8,43
52989,3,10,48
52990,3,6,29
52991,13,18,87
52992,4,8,44
52993,5,8,37
52994,6,9,40
52995,5,8,41
52996,3,4,18
52997,5,6,33
52998,5,7,35
52999,6,7,35
53000,15,24,117
53001,5,6,28
53002,3,6,32
53003,3,4,28
53004,1,2,13
53005,7,11,52
53006,8,18,94
53007,8,14,67
53008,5,6,27
53009,4,6,28
53010,1,5,41
53011,55,111,639
53012,43,75,390
53013,12,30,174
53014,12,26,148
53015,15,33,156
53016,46,88,461
53017,2,4,21
53018,28,53,259
53019,66,109,544
53020,32,54,256
53021,17,30,160
53022,36,60,295
53023,13,24,152
53024,24,40,195
53025,8,14,77
53026,6,9,45
53027,5,6,27
53028,5,6,27
53029,36,59,289
53030,18,28,131
53031,15,23,107
53032,3,7,38
53033,34,52,252
53034,40,64,331
53035,6,9,51
53036,16,25,122
53037,19,28,127
53038,28,46,244
53039,23,39,194
53040,9,13,58
53041,28,47,246
53042,2,5,36
53043,13,29,157
53044,2,5,38
53045,26,48,260
53046,7,10,56
53047,15,29,166
53048,9,17,98
53049,17,23,107
53050,14,23,120
53051,15,23,102
53052,16,24,130
53053,10,15,65
53054,19,37,186
53055,13,23,121
53056,17,35,191
53057,32,66,379
53058,6,9,55
53059,25,46,277
53060,6,10,54
53061,4,10,63
53062,17,29,177
53063,15,34,189
53064,31,58,311
53065,25,38,217
53066,7,24,154
53067,5,8,42
53068,15,32,225
53069,8,22,137
53070,16,37,215
53071,8,16,97
53072,6,10,51
53073,13,26,170
53074,10,23,145
53075,5,16,101
53076,3,6,36
53077,4,8,51
53078,10,23,131
53079,7,13,82
53080,7,13,73
53081,14,30,190
53082,6,11,77
53083,26,47,229
53084,4,7,33
53085,1,4,37
53086,3,7,44
53087,20,32,160
53088,1,2,12
53089,8,17,89
53090,7,11,52
53091,19,31,157
53092,19,31,178
53093,11,17,85
53094,17,28,156
53095,5,11,76
53096,26,47,256
53097,9,18,106
53098,7,12,61
53099,2,4,16
53100,12,24,130
53101,20,31,165
53102,3,5,25
53103,5,10,50
53104,11,18,98
53105,16,23,111
53106,19,39,220
53107,5,9,45
53108,7,10,47
53109,13,26,141
53110,10,27,159
53111,11,24,115
53112,14,29,173
53113,7,13,83
53114,11,23,116
53115,6,11,69
53116,9,20,105
53117,11,21,128
53118,14,25,130
53119,5,7,28
53120,19,42,263
53121,5,10,67
53122,7,15,105
53123,8,16,90
53124,2,2,21
53125,1,2,9
53126,4,9,59
53127,12,22,115
53128,20,39,221
53129,5,9,45
53130,3,6,39
53131,6,10,61
53132,6,11,75
53133,3,8,43
53134,14,22,124
53135,24,46,278
53136,4,7,36
53137,7,11,60
53138,3,4,27
53139,1,2,9
53140,2,3,20
53141,4,8,48
53142,3,7,52
53143,2,4,23
53144,4,8,46
53145,1,2,10
53146,14,28,180
53147,6,8,38
53148,10,23,133
53149,0,2,25
53150,1,2,8
53151,3,6,33
53152,3,7,32
53153,14,21,113
53154,1,2,17
53155,0,2,19
53156,3,4,27
53157,4,14,99
53158,3,11,60
53159,14,22,111
53160,9,17,116
53161,3,6,42
53162,3,5,27
53163,4,6,23
53164,3,5,33
53165,4,9,51
53166,1,3,23
53167,10,20,115
53168,4,11,64
53169,12,22,123
53170,13,23,122
53171,13,31,200
53172,16,28,176
53173,2,5,24
53174,19,38,227
53175,2,5,32
53176,12,20,107
53177,1,4,25
53178,28,49,271
53179,23,38,181
53180,20,34,177
53181,7,16,92
53182,3,6,32
53183,4,6,39
53184,12,16,73
53185,7,10,69
53186,15,28,137
53187,3,5,28
53188,16,24,116
53189,5,10,59
53190,3,6,40
53191,1,2,11
53192,4,8,48
53193,4,12,79
53194,2,4,30
53195,4,5,32
53196,10,20,121
53197,2,3,14
53198,4,7,33
53199,5,9,47
53200,8,11,57
53201,2,3,18
53202,8,11,53
53203,6,11,67
53204,2,3,18
53205,2,3,19
53206,2,5,28
53207,4,6,39
53208,5,11,62
53209,10,13,65
53210,5,8,48
53211,6,9,46
53212,6,9,44
53213,15,23,113
53214,9,12,62
53215,8,10,47
53216,12,23,147
53217,28,45,233
53218,4,6,29
53219,12,27,161
53220,2,5,37
53221,10,18,114
53222,4,8,52
53223,18,28,157
53224,15,21,105
53225,9,16,71
53226,24,42,221
53227,13,23,110
53228,27,42,199
53229,25,45,250
53230,2,5,28
53231,14,23,118
53232,14,32,200
53233,7,15,88
53234,15,26,130
53235,6,14,77
53236,1,3,33
53237,8,13,68
53238,7,18,124
53239,17,31,164
53240,2,2,9
53241,2,4,28
53242,11,16,95
53243,5,10,64
53244,11,13,60
53245,13,21,101
53246,9,18,97
53247,9,11,55
53248,5,6,33
53249,24,41,224
53250,23,34,178
53251,10,16,76
53252,9,16,80
53253,9,16,104
53254,7,9,46
53255,8,11,57
53256,6,13,75
53257,8,12,56
53258,20,32,176
53259,11,20,98
53260,17,31,167
53261,12,20,97
53262,10,15,74
53263,18,34,195
53264,8,14,80
53265,5,9,51
53266,17,26,139
53267,1,2,13
53268,3,7,37
53269,2,8,50
53270,3,5,29
53271,22,40,217
53272,6,8,37
53273,9,15,75
53274,22,36,197
53275,22,32,170
53276,32,51,272
53277,5,7,42
53278,19,31,149
53279,13,22,106
53280,8,15,93
53281,2,3,18
53282,10,16,94
53283,5,10,58
53284,2,4,26
53285,2,4,28
53286,3,4,26
53287,1,2,13
53288,5,10,52
53289,1,2,9
53290,8,17,98
53291,13,28,182
53292,22,42,241
53293,18,26,154
53294,24,38,195
53295,7,13,65
53296,4,9,55
53297,0,3,22
53298,28,62,378
53299,1,2,10
53300,20,35,176
53301,12,29,152
53302,23,36,195
53303,5,10,48
53304,13,23,119
53305,12,25,165
53306,6,13,71
53307,7,18,100
53308,6,9,41
53309,4,11,67
53310,4,11,73
53311,7,13,72
53312,0,1,12
53313,11,20,111
53314,2,6,41
53315,18,30,141
53316,6,14,77
53317,6,11,57
53318,12,20,91
53319,3,5,39
53320,1,1,12
53321,1,4,28
53322,3,3,23
53323,2,5,37
53324,0,2,18
53325,8,13,63
53326,3,3,19
53327,6,11,61
53328,13,20,105
53329,2,5,37
53330,6,13,74
53331,7,9,47
53332,4,8,45
53333,11,21,115
53334,5,9,49
53335,4,6,33
53336,3,3,22
53337,1,4,30
53338,7,9,47
53339,1,4,24
53340,3,4,17
53341,3,4,18
53342,6,10,58
53343,10,17,85
53344,5,7,37
53345,4,6,35
53346,2,4,29
53347,19,31,165
53348,11,17,80
53349,6,11,78
53350,1,2,13
53351,22,42,227
53352,5,11,72
53353,16,27,140
53354,1,3,27
53355,1,3,20
53356,0,1,12
53357,3,6,37
53358,1,3,20
53359,6,8,49
53360,3,5,37
53361,1,4,26
53362,2,3,17
53363,4,10,63
53364,2,3,16
53365,3,9,52
53366,1,5,33
53367,9,17,106
53368,3,10,77
53369,10,18,93
53370,3,5,35
53371,18,29,162
53372,0,2,13
53373,2,6,35
53374,6,14,82
53375,7,11,68
53376,13,27,153
53377,6,9,45
53378,12,21,121
53379,6,12,65
53380,11,22,112
53381,7,12,65
53382,4,7,37
53383,4,8,50
53384,19,30,153
53385,6,9,42
53386,3,4,22
53387,6,9,55
53388,6,10,50
53389,9,15,73
53390,25,40,199
53391,8,13,65
53392,4,8,43
53393,3,7,45
53394,1,3,21
53395,4,6,32
53396,3,6,37
53397,1,3,27
53398,3,5,32
53399,14,24,137
53400,6,9,39
53401,10,18,101
53402,4,6,26
53403,8,11,53
53404,2,5,29
53405,9,13,62
53406,10,11,61
53407,16,29,163
53408,8,15,85
53409,4,7,39
53410,9,19,112
53411,7,13,72
53412,7,9,45
53413,7,15,94
53414,9,11,58
53415,5,7,32
53416,17,29,149
53417,4,5,25
53418,0,3,21
53419,2,2,13
53420,16,27,130
53421,16,31,158
53422,16,27,136
53423,17,30,161
53424,10,14,63
53425,3,5,28
53426,2,2,17
53427,1,2,10
53428,5,8,42
53429,4,8,47
53430,7,15,82
53431,6,14,83
53432,5,5,19
53433,2,4,20
53434,5,9,54
53435,6,10,55
53436,6,15,95
53437,3,6,35
53438,9,21,125
53439,6,11,85
53440,5,10,55
53441,4,8,52
53442,6,14,89
53443,8,12,61
53444,9,19,103
53445,4,14,103
53446,0,2,18
53447,18,35,180
53448,8,13,54
53449,5,11,60
53450,3,7,34
53451,2,4,20
53452,5,10,66
53453,16,29,143
53454,14,25,124
53455,5,14,83
53456,1,2,17
53457,3,4,23
53458,7,9,38
53459,19,33,173
53460,6,12,78
53461,7,15,77
53462,20,41,220
53463,4,11,54
53464,5,7,32
53465,3,11,90
53466,4,8,52
53467,8,14,81
53468,13,25,132
53469,2,10,57
53470,1,4,33
53471,3,11,63
53472,7,13,76
53473,6,16,90
53474,8,20,111
53475,3,8,48
53476,4,6,28
53477,6,12,60
53478,10,21,120
53479,11,23,130
53480,23,48,285
53481,13,27,160
53482,8,18,105
53483,13,23,128
53484,6,12,75
53485,21,44,252
53486,5,8,39
53487,10,17,79
53488,3,5,22
53489,16,29,152
53490,7,19,128
53491,12,29,181
53492,16,42,258
53493,10,21,111
53494,2,5,31
53495,15,26,115
53496,10,14,70
53497,6,9,41
53498,15,29,159
53499,5,8,37
53500,1,2,18
53501,10,21,117
53502,20,34,175
53503,16,29,149
53504,4,13,84
53505,5,7,36
53506,5,7,29
53507,3,6,30
53508,1,2,13
53509,17,36,223
53510,6,10,51
53511,10,24,122
53512,13,17,85
53513,15,33,185
53514,2,5,32
53515,1,2,12
53516,2,7,41
53517,12,23,131
53518,3,8,43
53519,6,11,61
53520,9,15,77
53521,7,13,64
53522,2,4,29
53523,1,2,9
53524,8,17,99
53525,7,11,48
53526,13,19,91
53527,18,35,187
53528,1,4,35
53529,3,7,43
53530,14,23,135
53531,6,9,55
53532,2,6,26
53533,3,4,18
53534,4,9,51
53535,4,9,52
53536,26,49,257
53537,44,78,416
53538,9,14,73
53539,10,14,62
53540,3,6,38
53541,14,28,150
53542,8,20,120
53543,0,1,14
53544,5,9,45
53545,7,19,107
53546,5,8,40
53547,8,12,53
53548,0,1,8
53549,5,9,48
53550,5,17,118
53551,9,14,72
53552,31,56,311
53553,12,22,127
53554,4,12,69
53555,18,37,223
53556,5,11,57
53557,7,13,85
53558,9,18,107
53559,5,9,46
53560,7,10,48
53561,13,28,156
53562,17,36,218
53563,10,22,124
53564,6,14,83
53565,10,24,139
53566,8,20,136
53567,5,12,75
53568,7,17,104
53569,11,22,134
53570,5,10,66
53571,15,31,165
53572,7,16,97
53573,16,31,171
53574,7,13,75
53575,4,9,55
53576,7,13,67
53577,2,6,33
53578,13,24,124
53579,5,11,58
53580,6,16,94
53581,11,24,142
53582,18,31,157
53583,6,10,55
53584,1,1,5
53585,4,10,59
53586,18,36,195
53587,8,16,81
53588,16,36,224
53589,13,33,220
53590,8,15,83
53591,6,11,55
53592,3,5,33
53593,6,8,38
53594,6,14,79
53595,11,20,110
53596,10,19,105
53597,11,22,119
53598,9,19,119
53599,9,22,132
53600,11,20,112
53601,7,18,94
53602,3,5,32
53603,3,4,20
53604,3,5,29
53605,5,8,52
53606,2,4,29
53607,15,18,88
53608,15,31,168
53609,3,5,37
53610,17,36,212
53611,22,28,143
53612,0,2,10
53613,4,10,56
53614,3,7,33
53615,8,23,144
53616,2,3,20
53617,3,5,26
53618,6,12,58
53619,5,11,59
53620,9,17,93
53621,3,6,29
53622,4,7,35
53623,12,19,95
53624,2,6,41
53625,5,8,42
53626,5,11,57
53627,4,7,39
53628,7,13,64
53629,13,22,119
53630,3,6,39
53631,2,4,23
53632,3,5,35
53633,7,14,76
53634,8,18,105
53635,3,8,38
53636,2,5,33
53637,5,9,45
53638,8,16,81
53639,5,7,30
53640,6,13,72
53641,5,9,44
53642,2,8,50
53643,3,4,20
53644,3,5,29
53645,2,5,32
53646,2,4,20
53647,8,19,109
53648,4,7,38
53649,2,7,44
53650,8,15,76
53651,2,4,24
53652,10,25,146
53653,2,6,45
53654,3,7,40
53655,3,5,28
53656,7,12,62
53657,2,4,23
53658,17,28,166
53659,2,4,24
53660,4,7,41
53661,11,21,108
53662,3,4,30
53663,6,10,52
53664,2,4,22
53665,3,4,27
53666,1,2,18
53667,4,9,46
53668,5,11,63
53669,3,5,25
53670,0,2,22
53671,5,7,31
53672,0,1,11
53673,6,6,39
53674,5,7,41
53675,2,3,13
53676,4,6,30
53677,4,8,42
53678,3,9,54
53679,9,12,66
53680,4,5,30
53681,3,4,22
53682,1,2,24
53683,3,7,47
53684,1,3,24
53685,2,4,30
53686,5,8,46
53687,2,3,15
53688,1,1,7
53689,3,7,44
53690,1,3,16
53691,3,7,36
53692,5,12,69
53693,8,13,75
53694,2,4,23
53695,5,15,102
53696,4,8,39
53697,6,10,66
53698,5,6,35
53699,11,22,132
53700,2,3,16
53701,0,3,18
53702,3,5,36
53703,3,4,20
53704,6,13,86
53705,2,3,23
53706,1,2,17
53707,5,10,48
53708,3,5,28
53709,5,7,40
53710,1,3,21
53711,2,5,31
53712,2,3,21
53713,4,9,53
53714,4,10,66
53715,6,9,53
53716,4,7,37
53717,2,6,38
53718,4,8,47
53719,2,3,13
53720,4,6,41
53721,2,4,24
53722,2,3,20
53723,3,5,23
53724,2,5,32
53725,4,8,43
53726,5,10,64
53727,3,4,24
53728,10,22,139
53729,9,15,72
53730,2,7,47
53731,3,6,30
53732,4,8,45
53733,4,11,81
53734,2,4,18
53735,12,21,105
53736,2,5,37
53737,4,6,35
53738,13,27,160
53739,2,5,34
53740,3,7,47
53741,4,9,56
53742,9,17,86
53743,2,2,17
53744,1,2,10
53745,0,2,18
53746,5,8,48
53747,4,9,62
53748,2,6,40
53749,2,4,26
53750,4,9,48
53751,4,5,23
53752,3,6,37
53753,3,5,25
53754,7,9,58
53755,2,3,15
53756,3,5,24
53757,0,3,21
53758,3,7,46
53759,4,5,27
53760,3,5,34
53761,2,2,11
53762,1,2,12
53763,2,4,24
53764,3,5,30
53765,6,9,53
53766,5,8,50
53767,2,5,36
53768,3,6,36
53769,3,4,27
53770,3,8,49
53771,0,2,17
53772,2,7,45
53773,2,5,29
53774,7,12,58
53775,4,9,50
53776,8,15,80
53777,2,3,20
53778,2,4,27
53779,2,5,29
53780,4,8,37
53781,2,5,25
53782,4,8,49
53783,2,5,30
53784,4,6,35
53785,5,11,66
53786,0,0,2
53787,4,7,33
53788,3,5,31
53789,1,2,10
53790,4,7,41
53791,2,5,35
53792,2,8,56
53793,12,18,89
53794,5,8,36
53795,13,22,114
53796,3,6,31
53797,4,7,32
53798,2,4,20
53799,4,9,57
53800,5,11,64
53801,3,5,24
53802,8,14,79
53803,1,1,8
53804,5,8,48
53805,4,10,52
53806,1,4,28
53807,2,4,24
53808,11,18,100
53809,4,6,32
53810,0,1,8
53811,0,0,2
53812,4,6,30
53813,4,8,59
53814,3,4,21
53815,10,24,136
53816,4,9,44
53817,5,9,52
53818,9,14,62
53819,6,11,65
53820,21,34,177
53821,1,6,42
53822,2,6,38
53823,9,14,84
53824,2,3,15
53825,3,12,97
53826,6,10,50
53827,1,8,55
53828,2,3,15
53829,0,2,18
53830,0,2,15
53831,2,4,27
53832,1,10,76
53833,11,20,106
53834,5,9,49
53835,1,2,12
53836,5,10,51
53837,3,5,28
53838,3,6,36
53839,3,9,53
53840,5,8,45
53841,2,4,26
53842,4,9,49
53843,18,28,145
53844,3,5,28
53845,0,3,26
53846,4,9,46
53847,6,15,97
53848,5,6,36
53849,7,9,41
53850,2,6,43
53851,8,16,89
53852,10,15,82
53853,7,19,110
53854,3,7,42
53855,4,12,77
53856,7,11,68
53857,16,27,140
53858,2,5,38
53859,16,28,140
53860,3,5,31
53861,4,8,37
53862,8,13,67
53863,18,30,157
53864,7,14,109
53865,5,7,36
53866,3,7,48
53867,10,21,112
53868,4,7,48
53869,8,17,108
53870,0,4,25
53871,9,18,100
53872,4,9,46
53873,4,8,50
53874,14,22,122
53875,7,13,74
53876,0,1,9
53877,0,2,17
53878,1,5,34
53879,2,6,39
53880,14,22,124
53881,10,15,86
53882,12,20,103
53883,5,11,74
53884,8,12,57
53885,5,10,53
53886,5,10,61
53887,1,3,24
53888,5,11,69
53889,0,3,23
53890,4,7,48
53891,8,15,89
53892,10,16,91
53893,3,5,21
53894,6,12,80
53895,1,7,47
53896,5,9,48
53897,2,4,33
53898,3,6,37
53899,0,2,10
53900,11,20,100
53901,2,3,23
53902,5,13,72
53903,9,14,66
53904,4,11,90
53905,3,6,42
53906,3,8,49
53907,3,6,37
53908,6,17,108
53909,10,15,76
53910,0,1,11
53911,6,13,97
53912,11,21,136
53913,6,9,44
53914,7,15,85
53915,4,8,41
53916,10,16,93
53917,5,13,84
53918,9,23,143
53919,6,15,109
53920,5,11,60
53921,11,17,95
53922,4,9,47
53923,15,31,197
53924,2,5,34
53925,4,10,57
53926,3,7,44
53927,2,11,75
53928,0,2,15
53929,6,10,65
53930,6,8,33
53931,5,9,48
53932,3,6,33
53933,4,8,55
53934,3,7,42
53935,11,19,105
53936,7,12,70
53937,5,14,80
53938,15,36,214
53939,6,15,83
53940,15,28,138
53941,18,45,271
53942,5,12,69
53943,6,13,78
53944,7,12,73
53945,1,5,48
53946,4,7,36
53947,6,17,90
53948,5,8,46
53949,2,3,23
53950,2,5,33
53951,9,18,98
53952,4,8,40
53953,9,13,64
53954,7,18,109
53955,2,3,23
53956,0,1,12
53957,4,9,47
53958,10,17,83
53959,5,9,52
53960,10,17,99
53961,7,13,69
53962,8,17,109
53963,2,7,51
53964,2,4,29
53965,4,8,50
53966,12,22,118
53967,3,7,42
53968,5,13,76
53969,4,12,89
53970,10,15,81
53971,10,16,97
53972,6,12,71
53973,13,25,147
53974,1,5,37
53975,6,15,83
53976,0,1,20
53977,7,9,46
53978,4,5,22
53979,5,12,66
53980,10,18,105
53981,3,3,22
53982,1,2,10
53983,2,6,34
53984,15,23,126
53985,3,6,36
53986,4,8,45
53987,5,11,67
53988,11,21,140
53989,0,2,16
53990,5,8,37
53991,4,12,71
53992,2,6,37
53993,3,11,68
53994,10,18,104
53995,2,6,42
53996,10,19,102
53997,10,19,104
53998,5,8,39
53999,2,4,21
54000,3,7,43
54001,2,6,46
54002,10,26,182
54003,2,8,53
54004,9,27,182
54005,4,6,37
54006,0,2,15
54007,6,14,76
54008,7,17,102
54009,8,14,69
54010,4,6,31
54011,12,25,130
54012,0,0,1
54013,6,11,55
54014,3,6,37
54015,10,24,144
54016,5,12,64
54017,9,17,97
54018,10,24,118
54019,0,1,10
54020,11,21,120
54021,16,32,172
54022,4,7,40
54023,7,18,98
54024,4,9,53
54025,6,12,73
54026,2,3,16
54027,0,2,17
54028,8,22,132
54029,2,5,31
54030,0,1,5
54031,6,12,56
54032,8,15,73
54033,1,7,47
54034,6,9,49
54035,3,4,23
54036,0,3,14
54037,2,4,23
54038,9,17,95
54039,2,4,24
54040,5,11,64
54041,1,4,23
54042,8,20,111
54043,2,4,27
54044,5,10,85
54045,12,27,159
54046,2,4,25
54047,3,6,30
54048,5,9,45
54049,3,6,27
54050,7,15,73
54051,8,15,80
54052,1,6,48
54053,2,5,30
54054,6,13,73
54055,21,39,218
54056,2,4,15
54057,3,5,29
54058,3,6,35
54059,10,18,93
54060,2,9,56
54061,6,10,46
54062,2,4,28
54063,6,13,71
54064,3,4,29
54065,1,2,12
54066,3,4,23
54067,1,1,13
54068,1,1,10
54069,1,1,13
54070,1,1,10
54071,4,6,24
54072,1,5,40
54073,0,1,9
54074,4,7,60
54075,2,5,42
54076,2,6,37
54077,2,4,23
54078,4,6,43
54079,1,3,17
54080,1,4,26
54081,1,4,28
54082,4,9,53
54083,1,6,38
54084,4,11,105
54085,2,3,21
54086,2,3,19
54087,2,2,16
54088,0,2,18
54089,6,12,81
54090,1,5,41
54091,7,10,50
54092,2,5,28
54093,2,5,28
54094,11,20,100
54095,3,4,41
54096,6,12,65
54097,6,9,49
54098,9,17,85
54099,5,9,46
54100,1,4,26
54101,9,20,111
54102,17,29,134
54103,4,6,34
54104,11,21,111
54105,1,3,20
54106,1,2,16
54107,0,4,46
54108,0,2,14
54109,3,6,33
54110,4,13,79
54111,8,15,92
54112,3,5,27
54113,2,4,23
54114,3,8,38
54115,2,2,16
54116,5,9,52
54117,2,6,36
54118,3,7,36
54119,1,3,15
54120,6,11,56
54121,3,6,32
54122,3,3,12
54123,1,5,35
54124,5,7,41
54125,4,9,55
54126,8,14,83
54127,2,4,21
54128,14,27,138
54129,3,6,37
54130,1,1,7
54131,6,12,55
54132,5,7,33
54133,2,7,40
54134,10,18,110
54135,1,2,25
54136,3,5,31
54137,6,21,115
54138,5,10,51
54139,0,1,6
54140,2,5,32
54141,9,19,104
54142,6,13,74
54143,7,14,70
54144,0,1,14
54145,1,4,24
54146,8,14,73
54147,13,24,123
54148,8,15,77
54149,11,19,108
54150,2,4,30
54151,9,18,91
54152,3,9,54
54153,5,9,52
54154,3,10,63
54155,6,10,55
54156,0,0,16
54157,6,12,72
54158,6,13,83
54159,21,42,238
54160,3,5,23
54161,2,8,60
54162,3,7,47
54163,2,2,11
54164,8,12,56
54165,3,5,37
54166,2,8,53
54167,2,6,38
54168,1,3,23
54169,4,10,56
54170,2,5,37
54171,12,25,140
54172,1,4,25
54173,2,6,34
54174,2,5,34
54175,1,3,22
54176,4,10,58
54177,5,15,81
54178,4,6,35
54179,6,11,62
54180,15,25,139
54181,17,31,189
54182,7,13,68
54183,1,4,31
54184,2,4,28
54185,9,24,145
54186,4,14,90
54187,4,8,53
54188,6,8,51
54189,2,6,49
54190,0,2,19
54191,4,9,48
54192,3,6,43
54193,4,7,32
54194,3,5,30
54195,4,11,67
54196,16,35,202
54197,3,6,30
54198,5,7,29
54199,3,6,39
54200,7,13,58
54201,4,6,33
54202,2,6,37
54203,1,3,20
54204,3,6,38
54205,3,6,35
54206,13,24,117
54207,25,51,287
54208,5,14,79
54209,12,22,123
54210,11,19,106
54211,7,13,101
54212,4,10,71
54213,5,12,79
54214,7,11,56
54215,1,2,16
54216,4,11,67
54217,18,32,167
54218,14,27,159
54219,0,2,19
54220,27,52,302
54221,20,35,180
54222,10,23,122
54223,3,7,42
54224,4,6,46
54225,2,6,48
54226,4,9,60
54227,10,13,81
54228,3,5,27
54229,12,19,129
54230,2,6,32
54231,15,24,138
54232,5,9,55
54233,11,20,128
54234,11,21,106
54235,19,42,260
54236,3,6,32
54237,2,5,25
54238,8,16,108
54239,13,26,150
54240,2,7,63
54241,7,13,86
54242,6,10,71
54243,3,8,54
54244,4,7,36
54245,10,22,133
54246,5,7,40
54247,0,2,19
54248,5,12,68
54249,8,17,89
54250,14,24,119
54251,10,19,97
54252,7,12,59
54253,6,18,123
54254,3,4,38
54255,6,16,92
54256,5,16,83
54257,15,26,124
54258,3,6,26
54259,12,21,108
54260,14,39,214
54261,15,29,186
54262,7,16,87
54263,8,22,133
54264,23,50,289
54265,12,25,150
54266,12,25,136
54267,9,23,121
54268,13,24,136
54269,10,19,109
54270,6,12,63
54271,7,13,76
54272,14,23,133
54273,10,20,113
54274,6,15,91
54275,3,6,33
54276,15,34,200
54277,8,12,64
54278,6,10,52
54279,0,2,14
54280,6,17,99
54281,21,36,194
54282,3,6,38
54283,7,8,43
54284,19,32,149
54285,6,10,48
54286,4,6,27
54287,15,31,170
54288,12,23,131
54289,11,16,72
54290,3,7,37
54291,11,17,83
54292,9,23,126
54293,3,6,33
54294,6,18,122
54295,9,19,110
54296,17,36,232
54297,10,20,125
54298,9,18,88
54299,4,4,25
54300,1,3,18
54301,2,7,51
54302,4,8,44
54303,4,14,97
54304,6,13,68
54305,8,18,103
54306,10,13,68
54307,19,36,213
54308,11,19,103
54309,1,7,57
54310,15,24,120
54311,4,10,59
54312,9,17,81
54313,6,11,74
54314,4,10,51
54315,8,14,70
54316,9,21,123
54317,3,5,30
54318,2,8,59
54319,13,30,177
54320,16,36,211
54321,2,7,43
54322,17,36,198
54323,8,11,61
54324,3,8,54
54325,4,10,60
54326,1,5,37
54327,2,8,46
54328,12,19,101
54329,8,13,61
54330,7,13,75
54331,5,9,44
54332,4,9,52
54333,0,2,22
54334,2,6,50
54335,1,4,23
54336,1,3,29
54337,4,10,60
54338,5,7,42
54339,4,9,60
54340,6,10,53
54341,2,5,30
54342,4,14,90
54343,7,18,93
54344,5,8,34
54345,4,12,79
54346,4,7,40
54347,12,19,96
54348,12,21,111
54349,1,3,29
54350,0,2,17
54351,4,6,29
54352,3,7,40
54353,2,4,26
54354,3,3,11
54355,6,10,47
54356,15,22,121
54357,7,13,67
54358,10,17,88
54359,13,25,131
54360,3,6,33
54361,6,11,63
54362,4,7,52
54363,6,11,59
54364,4,7,45
54365,3,5,31
54366,4,8,52
54367,7,12,64
54368,7,10,52
54369,1,4,27
54370,2,5,42
54371,2,3,22
54372,4,12,74
54373,7,13,69
54374,1,5,41
54375,10,14,68
54376,15,24,120
54377,6,12,76
54378,6,10,48
54379,3,6,32
54380,5,9,44
54381,7,11,55
54382,17,34,174
54383,12,19,100
54384,8,14,71
54385,11,17,79
54386,8,20,110
54387,8,15,82
54388,5,8,43
54389,3,5,25
54390,10,21,118
54391,2,5,38
54392,2,4,29
54393,1,5,41
54394,10,16,89
54395,6,13,73
54396,15,25,121
54397,7,9,45
54398,5,10,57
54399,1,4,27
54400,2,4,20
54401,11,17,80
54402,5,7,45
54403,12,17,83
54404,3,7,51
54405,2,4,21
54406,7,11,57
54407,8,12,63
54408,0,3,30
54409,5,7,36
54410,1,4,24
54411,2,6,39
54412,9,11,55
54413,10,16,93
54414,14,20,103
54415,7,13,62
54416,1,2,16
54417,3,6,35
54418,3,8,43
54419,5,9,60
54420,12,21,111
54421,3,7,37
54422,6,10,57
54423,6,10,64
54424,11,15,72
54425,8,13,62
54426,9,17,105
54427,3,6,36
54428,4,6,24
54429,7,9,34
54430,6,12,58
54431,1,7,41
54432,8,14,73
54433,2,4,26
54434,3,5,26
54435,5,10,58
54436,6,15,81
54437,9,15,75
54438,4,9,60
54439,15,30,174
54440,10,18,87
54441,5,10,56
54442,4,11,75
54443,4,9,51
54444,6,9,45
54445,7,13,70
54446,6,10,57
54447,5,8,41
54448,3,15,94
54449,9,15,89
54450,5,9,49
54451,2,6,40
54452,8,19,115
54453,12,20,108
54454,13,28,161
54455,7,12,59
54456,11,17,78
54457,0,2,15
54458,10,16,78
54459,5,7,31
54460,9,15,75
54461,3,7,39
54462,3,7,39
54463,5,9,39
54464,5,8,37
54465,3,7,41
54466,1,3,26
54467,4,5,22
54468,5,10,64
54469,3,6,34
54470,10,15,82
54471,6,10,65
54472,5,7,37
54473,6,13,69
54474,8,12,60
54475,3,8,63
54476,3,5,33
54477,6,10,49
54478,13,21,106
54479,5,6,27
54480,8,11,51
54481,10,16,91
54482,1,4,21
54483,5,9,44
54484,14,22,103
54485,10,24,131
54486,7,14,66
54487,3,7,39
54488,8,12,69
54489,3,7,53
54490,6,11,55
54491,3,4,32
54492,4,6,27
54493,7,13,69
54494,5,12,68
54495,7,13,68
54496,3,10,63
54497,6,18,100
54498,2,4,35
54499,1,6,40
54500,2,7,49
54501,6,13,70
54502,7,16,90
54503,4,11,65
54504,6,13,81
54505,6,8,38
54506,6,9,44
54507,9,20,103
54508,3,6,37
54509,14,22,91
54510,11,20,93
54511,16,27,133
54512,9,14,67
54513,7,10,43
54514,5,11,102
54515,5,8,49
54516,5,8,46
54517,6,11,71
54518,6,8,32
54519,10,16,80
54520,23,38,200
54521,14,25,143
54522,7,11,49
54523,4,8,45
54524,15,28,144
54525,4,6,30
54526,9,16,74
54527,12,21,110
54528,4,11,68
54529,10,16,84
54530,15,27,132
54531,9,14,73
54532,13,21,119
54533,12,20,107
54534,8,13,79
54535,9,15,81
54536,5,8,43
54537,10,16,79
54538,8,16,88
54539,3,8,49
54540,11,21,113
54541,7,13,64
54542,10,16,99
54543,17,28,145
54544,8,14,74
54545,9,19,103
54546,3,9,45
54547,7,11,58
54548,2,3,20
54549,4,13,76
54550,6,12,66
54551,8,16,92
54552,11,21,105
54553,9,15,84
54554,9,14,72
54555,3,8,49
54556,4,7,39
54557,0,6,52
54558,7,14,86
54559,6,22,146
54560,4,11,78
54561,2,4,20
54562,19,27,139
54563,3,8,34
54564,6,10,59
54565,10,17,99
54566,3,5,22
54567,8,15,66
54568,10,15,79
54569,11,21,116
54570,9,16,71
54571,4,6,46
54572,8,19,121
54573,9,16,81
54574,0,1,13
54575,3,6,29
54576,6,11,58
54577,7,10,60
54578,4,6,36
54579,1,2,21
54580,1,2,9
54581,1,2,21
54582,2,4,20
54583,10,16,90
54584,6,8,46
54585,5,7,41
54586,9,16,80
54587,3,7,46
54588,16,27,150
54589,13,22,101
54590,11,21,99
54591,5,8,32
54592,7,10,49
54593,9,16,80
54594,6,10,45
54595,5,11,65
54596,2,5,40
54597,1,4,25
54598,5,8,42
54599,7,12,70
54600,4,6,37
54601,1,2,14
54602,8,11,64
54603,5,13,89
54604,6,11,60
54605,4,11,73
54606,4,8,40
54607,2,4,24
54608,4,7,39
54609,14,29,153
54610,10,16,78
54611,10,18,93
54612,6,12,72
54613,5,9,46
54614,3,4,23
54615,7,12,73
54616,5,8,56
54617,6,9,53
54618,2,7,45
54619,11,17,94
54620,1,1,10
54621,2,4,24
54622,2,5,31
54623,7,10,54
54624,10,13,63
54625,15,21,112
54626,1,1,10
54627,4,6,30
54628,11,23,132
54629,10,18,103
54630,4,5,30
54631,1,2,9
54632,2,6,36
54633,6,13,87
54634,3,5,37
54635,3,6,40
54636,6,10,48
54637,2,8,48
54638,3,6,29
54639,3,6,37
54640,10,17,90
54641,5,10,52
54642,6,11,59
54643,2,5,24
54644,5,8,59
54645,6,11,62
54646,19,28,135
54647,2,3,17
54648,4,8,41
54649,3,4,16
54650,8,14,82
54651,8,12,63
54652,6,11,70
54653,0,2,23
54654,3,5,34
54655,3,6,39
54656,4,7,48
54657,2,6,45
54658,1,4,34
54659,1,4,36
54660,4,8,49
54661,6,12,62
54662,1,3,20
54663,3,5,28
54664,4,6,35
54665,2,4,20
54666,6,7,45
54667,1,2,14
54668,3,3,19
54669,14,22,107
54670,5,11,53
54671,6,14,85
54672,3,5,32
54673,9,16,88
54674,2,4,21
54675,10,17,85
54676,3,5,28
54677,7,11,53
54678,9,13,73
54679,10,16,89
54680,6,9,45
54681,2,5,28
54682,7,11,53
54683,2,4,21
54684,4,9,56
54685,15,33,189
54686,6,9,78
54687,10,20,121
54688,4,8,46
54689,5,7,38
54690,9,17,105
54691,6,14,80
54692,4,8,48
54693,13,28,150
54694,10,14,59
54695,8,11,60
54696,6,7,32
54697,7,15,69
54698,8,12,64
54699,6,10,47
54700,10,17,101
54701,13,22,110
54702,15,23,115
54703,13,23,116
54704,3,7,27
54705,8,12,65
54706,3,7,45
54707,13,27,167
54708,14,22,112
54709,10,21,105
54710,2,4,19
54711,3,6,33
54712,11,20,104
54713,1,2,10
54714,6,13,65
54715,7,14,72
54716,8,13,81
54717,12,21,104
54718,3,9,60
54719,2,6,36
54720,2,4,27
54721,5,11,88
54722,6,8,37
54723,5,9,52
54724,8,19,109
54725,9,15,79
54726,4,7,35
54727,5,11,49
54728,6,11,49
54729,6,12,54
54730,9,19,100
54731,7,11,60
54732,4,7,30
54733,10,20,106
54734,3,5,24
54735,8,16,78
54736,6,11,57
54737,1,3,21
54738,4,6,28
54739,9,14,67
54740,4,9,46
54741,14,24,113
54742,4,9,49
54743,5,11,65
54744,4,5,20
54745,18,33,153
54746,7,15,88
54747,8,10,45
54748,3,4,22
54749,4,14,78
54750,5,11,53
54751,5,8,48
54752,3,6,31
54753,5,9,46
54754,2,4,23
54755,9,18,90
54756,4,6,35
54757,4,5,22
54758,7,11,58
54759,8,10,45
54760,12,19,100
54761,5,6,26
54762,0,0,1
54763,8,18,100
54764,10,13,73
54765,5,9,54
54766,10,15,66
54767,3,4,23
54768,1,3,18
54769,5,10,45
54770,7,17,126
54771,6,10,54
54772,0,0,2
54773,8,11,44
54774,8,17,86
54775,2,5,26
54776,7,11,52
54777,5,7,37
54778,11,17,98
54779,4,6,38
54780,1,2,11
54781,11,17,90
54782,14,25,133
54783,11,20,100
54784,3,6,29
54785,5,9,48
54786,6,12,78
54787,6,9,44
54788,7,14,79
54789,4,8,38
54790,7,14,69
54791,6,11,69
54792,3,4,20
54793,2,4,28
54794,7,12,79
54795,11,13,56
54796,15,23,121
54797,7,10,48
54798,7,16,89
54799,8,16,88
54800,4,6,29
54801,8,15,89
54802,5,9,56
54803,7,13,63
54804,18,33,176
54805,3,10,69
54806,2,4,19
54807,7,13,58
54808,6,14,85
54809,5,10,62
54810,2,6,36
54811,0,2,18
54812,1,3,25
54813,0,2,19
54814,1,4,34
54815,6,9,42
54816,6,10,55
54817,8,14,60
54818,8,17,98
54819,3,7,57
54820,4,6,24
54821,4,4,26
54822,1,3,22
54823,3,5,33
54824,3,4,25
54825,2,3,17
54826,0,1,12
54827,2,5,24
54828,6,12,52
54829,9,20,118
54830,8,15,76
54831,6,19,109
54832,3,5,23
54833,3,7,41
54834,6,13,65
54835,6,10,67
54836,0,1,12
54837,1,3,21
54838,6,11,67
54839,7,11,47
54840,5,8,47
54841,3,6,28
54842,1,7,38
54843,9,19,111
54844,1,2,17
54845,4,7,36
54846,2,3,27
54847,2,6,26
54848,8,14,69
54849,3,4,20
54850,4,4,27
54851,4,8,44
54852,5,12,58
54853,2,4,31
54854,13,22,111
54855,4,9,51
54856,11,17,82
54857,5,9,45
54858,3,6,38
54859,7,15,85
54860,5,8,38
54861,7,12,63
54862,5,8,45
54863,6,10,57
54864,6,14,81
54865,17,30,165
54866,7,11,48
54867,4,10,59
54868,23,49,311
54869,7,18,110
54870,14,22,107
54871,15,35,236
54872,23,41,248
54873,11,20,108
54874,3,6,32
54875,7,11,63
54876,4,8,50
54877,10,22,138
54878,7,27,180
54879,6,15,91
54880,1,3,19
54881,7,14,85
54882,8,11,54
54883,13,24,132
54884,16,36,200
54885,14,28,179
54886,6,12,69
54887,5,9,51
54888,15,27,164
54889,4,11,71
54890,11,23,132
54891,4,9,54
54892,0,2,19
54893,6,7,33
54894,3,4,23
54895,5,9,52
54896,9,17,98
54897,8,12,56
54898,12,23,132
54899,6,11,54
54900,8,14,72
54901,10,30,171
54902,20,41,244
54903,1,4,30
54904,1,8,61
54905,17,24,125
54906,9,22,137
54907,11,33,224
54908,30,56,312
54909,13,19,95
54910,9,16,78
54911,10,19,111
54912,10,19,112
54913,3,7,42
54914,6,13,64
54915,29,50,279
54916,10,19,95
54917,0,2,15
54918,3,6,35
54919,7,16,94
54920,20,48,284
54921,18,29,166
54922,27,62,365
54923,10,17,84
54924,12,20,119
54925,15,32,171
54926,21,43,243
54927,5,7,41
54928,1,3,20
54929,11,15,71
54930,5,7,38
54931,3,9,55
54932,3,7,37
54933,10,17,92
54934,0,5,38
54935,18,32,181
54936,0,3,24
54937,10,17,105
54938,2,6,31
54939,5,12,92
54940,8,16,78
54941,29,49,252
54942,21,41,226
54943,8,10,46
54944,5,10,50
54945,5,10,62
54946,4,9,56
54947,11,16,82
54948,15,26,135
54949,0,0,2
54950,9,19,108
54951,5,11,63
54952,9,22,120
54953,7,21,132
54954,10,15,84
54955,7,18,112
54956,1,3,25
54957,2,2,17
54958,1,2,10
54959,4,7,31
54960,12,17,90
54961,5,11,74
54962,7,17,96
54963,15,35,223
54964,2,6,43
54965,4,11,82
54966,1,3,17
54967,8,14,87
54968,3,7,42
54969,13,35,227
54970,19,43,262
54971,15,32,199
54972,11,23,150
54973,9,15,75
54974,17,32,188
54975,13,19,108
54976,6,11,62
54977,10,16,89
54978,0,1,17
54979,15,33,183
54980,1,5,39
54981,0,0,2
54982,2,4,25
54983,3,8,45
54984,8,15,85
54985,7,13,75
54986,11,18,98
54987,8,15,80
54988,1,4,25
54989,16,31,175
54990,4,9,48
54991,9,18,118
54992,13,25,133
54993,6,11,58
54994,9,19,105
54995,9,14,67
54996,5,7,28
54997,3,7,39
54998,1,5,35
54999,8,17,87
55000,5,12,73
55001,15,21,101
55002,3,5,25
55003,13,25,133
55004,13,28,148
55005,9,23,134
55006,13,23,115
55007,6,7,39
55008,15,24,128
55009,7,17,89
55010,10,16,96
55011,3,9,48
55012,6,10,49
55013,11,19,108
55014,3,6,26
55015,4,5,23
55016,15,26,132
55017,2,4,22
55018,6,8,44
55019,16,23,113
55020,7,10,55
55021,8,17,104
55022,3,6,32
55023,8,12,54
55024,6,11,55
55025,9,14,85
55026,3,8,48
55027,10,19,101
55028,6,14,70
55029,5,7,39
55030,6,15,88
55031,2,4,24
55032,1,2,13
55033,4,7,40
55034,2,5,31
55035,2,4,27
55036,27,46,240
55037,2,5,33
55038,3,6,33
55039,2,3,22
55040,6,11,60
55041,4,6,31
55042,2,2,20
55043,2,6,39
55044,2,2,17
55045,0,1,10
55046,2,2,17
55047,1,3,28
55048,1,2,15
55049,5,6,27
55050,5,6,29
55051,4,8,45
55052,7,8,39
55053,13,19,88
55054,8,15,95
55055,12,18,96
55056,5,10,48
55057,7,11,55
55058,11,14,68
55059,7,14,74
55060,2,4,20
55061,16,27,140
55062,22,38,204
55063,4,7,45
55064,12,21,112
55065,1,3,25
55066,2,3,25
55067,4,13,88
55068,4,7,42
55069,0,2,11
55070,0,1,11
55071,0,1,11
55072,5,9,42
55073,7,13,73
55074,15,22,119
55075,0,1,14
55076,4,6,33
55077,1,2,15
55078,1,5,27
55079,0,2,18
55080,3,7,37
55081,8,14,76
55082,0,4,39
55083,1,5,38
55084,9,14,80
55085,20,40,215
55086,19,35,161
55087,5,7,39
55088,8,11,58
55089,5,6,26
55090,6,12,80
55091,2,4,20
55092,7,9,43
55093,13,23,129
55094,19,34,190
55095,8,10,47
55096,2,4,24
55097,6,11,49
55098,8,11,50
55099,19,29,144
55100,19,31,167
55101,2,7,41
55102,11,18,102
55103,5,8,48
55104,7,9,49
55105,5,9,64
55106,15,25,124
55107,7,14,73
55108,1,2,17
55109,0,0,11
55110,1,2,13
55111,1,4,37
55112,0,1,14
55113,0,1,11
55114,1,4,27
55115,6,13,65
55116,13,24,150
55117,3,6,34
55118,10,20,102
55119,8,13,66
55120,16,26,124
55121,8,14,70
55122,3,5,21
55123,12,24,125
55124,11,23,129
55125,10,24,129
55126,7,14,78
55127,8,12,59
55128,8,13,70
55129,11,19,105
55130,13,20,102
55131,2,8,58
55132,4,8,44
55133,4,6,35
55134,3,7,44
55135,0,2,20
55136,2,4,23
55137,1,2,8
55138,5,11,61
55139,8,15,86
55140,14,22,120
55141,7,11,57
55142,6,12,69
55143,7,11,61
55144,7,13,78
55145,5,7,41
55146,4,9,48
55147,3,7,42
55148,1,3,28
55149,4,9,61
55150,1,3,13
55151,4,6,35
55152,3,3,15
55153,1,3,20
55154,1,2,20
55155,1,2,13
55156,0,1,9
55157,4,9,51
55158,2,4,24
55159,12,19,100
55160,7,18,143
55161,9,27,159
55162,1,3,24
55163,2,10,58
55164,2,11,84
55165,2,3,20
55166,11,25,165
55167,5,11,60
55168,1,6,48
55169,9,17,102
55170,4,5,27
55171,6,15,97
55172,7,21,132
55173,9,23,140
55174,8,20,107
55175,7,16,89
55176,3,8,47
55177,2,6,31
55178,3,6,47
55179,3,5,28
55180,8,14,76
55181,7,14,67
55182,2,7,52
55183,4,10,58
55184,13,19,93
55185,18,36,198
55186,6,12,71
55187,4,13,99
55188,12,24,130
55189,15,34,208
55190,6,11,74
55191,8,14,107
55192,0,1,24
55193,1,3,27
55194,11,22,126
55195,2,6,45
55196,3,5,27
55197,2,4,23
55198,5,8,39
55199,0,1,10
55200,2,4,25
55201,2,5,29
55202,4,7,33
55203,6,15,101
55204,15,26,144
55205,10,23,157
55206,12,27,139
55207,21,44,304
55208,11,20,110
55209,14,27,150
55210,15,29,159
55211,13,28,190
55212,20,38,212
55213,4,9,52
55214,2,6,44
55215,1,3,16
55216,1,4,40
55217,6,16,103
55218,7,15,91
55219,13,21,127
55220,10,19,126
55221,4,7,45
55222,8,12,63
55223,3,8,54
55224,0,1,11
55225,9,18,116
55226,8,15,76
55227,0,2,13
55228,0,3,19
55229,1,2,14
55230,17,28,152
55231,6,14,94
55232,10,21,135
55233,6,10,63
55234,1,3,16
55235,0,1,9
55236,8,20,128
55237,2,4,29
55238,0,2,17
55239,2,5,33
55240,0,2,13
55241,3,5,23
55242,3,5,31
55243,2,3,14
55244,2,4,23
55245,2,3,19
55246,2,3,21
55247,2,3,23
55248,8,16,77
55249,6,12,58
55250,2,5,31
55251,1,5,34
55252,1,4,32
55253,3,5,31
55254,4,11,71
55255,5,11,61
55256,2,4,29
55257,3,6,32
55258,2,5,30
55259,0,0,22
55260,2,4,24
55261,0,3,26
55262,5,13,69
55263,5,14,96
55264,16,44,294
55265,9,20,120
55266,7,17,99
55267,10,21,114
55268,6,11,60
55269,19,32,168
55270,3,6,28
55271,0,0,10
55272,3,7,41
55273,12,19,112
55274,3,6,37
55275,7,8,37
55276,15,31,168
55277,4,7,52
55278,4,5,29
55279,4,5,28
55280,11,17,74
55281,6,10,53
55282,2,4,26
55283,0,2,17
55284,3,7,35
55285,3,7,37
55286,3,6,36
55287,3,9,56
55288,5,10,53
55289,5,7,36
55290,6,8,48
55291,1,4,26
55292,8,17,103
55293,7,17,107
55294,7,14,87
55295,15,24,118
55296,13,22,138
55297,5,9,60
55298,9,11,46
55299,15,24,132
55300,6,15,99
55301,8,15,86
55302,2,4,24
55303,4,7,45
55304,5,7,50
55305,12,20,103
55306,5,9,54
55307,4,8,39
55308,6,10,58
55309,6,13,82
55310,11,15,65
55311,7,14,101
55312,1,4,41
55313,2,8,54
55314,8,12,59
55315,11,27,151
55316,1,5,38
55317,2,4,29
55318,19,30,148
55319,7,11,66
55320,1,2,22
55321,6,9,40
55322,1,3,22
55323,1,2,16
55324,4,6,30
55325,2,2,11
55326,0,2,18
55327,2,6,35
55328,7,10,53
55329,10,20,118
55330,4,9,49
55331,1,3,19
55332,10,15,66
55333,7,16,84
55334,7,11,61
55335,7,19,110
55336,5,15,95
55337,5,13,66
55338,7,14,67
55339,0,1,12
55340,0,2,17
55341,0,2,15
55342,4,15,84
55343,6,12,60
55344,5,10,51
55345,10,19,91
55346,1,2,21
55347,1,4,31
55348,5,10,52
55349,5,13,69
55350,10,17,99
55351,5,8,46
55352,2,4,22
55353,3,7,37
55354,10,16,85
55355,6,15,86
55356,3,9,55
55357,7,14,83
55358,1,5,37
55359,2,5,28
55360,3,4,29
55361,4,8,47
55362,3,7,37
55363,7,15,90
55364,4,7,34
55365,4,9,59
55366,2,8,57
55367,0,2,15
55368,6,13,82
55369,4,7,34
55370,5,11,56
55371,10,23,108
55372,9,20,103
55373,5,10,46
55374,5,8,40
55375,2,7,48
55376,9,16,87
55377,3,6,33
55378,3,6,27
55379,5,16,89
55380,6,11,61
55381,3,7,45
55382,3,4,17
55383,4,7,38
55384,5,11,71
55385,10,21,130
55386,3,8,49
55387,10,19,117
55388,8,17,87
55389,5,10,62
55390,5,8,36
55391,6,11,54
55392,1,8,51
55393,2,8,44
55394,2,5,20
55395,6,13,67
55396,2,4,22
55397,2,9,69
55398,5,7,37
55399,2,9,60
55400,3,4,25
55401,4,8,42
55402,5,6,34
55403,2,4,27
55404,2,7,42
55405,4,7,35
55406,5,11,56
55407,12,24,136
55408,7,15,76
55409,5,11,62
55410,4,12,64
55411,5,10,53
55412,4,7,41
55413,9,17,85
55414,1,3,21
55415,2,6,41
55416,5,16,112
55417,2,4,32
55418,1,5,35
55419,2,4,35
55420,4,9,46
55421,10,17,79
55422,0,1,16
55423,3,5,27
55424,5,7,43
55425,2,3,25
55426,1,4,25
55427,5,12,62
55428,9,13,71
55429,6,13,68
55430,12,24,133
55431,3,11,64
55432,5,8,55
55433,4,9,56
55434,8,18,112
55435,3,6,39
55436,3,7,45
55437,5,13,79
55438,9,18,100
55439,9,18,99
55440,12,22,132
55441,4,10,57
55442,3,9,47
55443,3,6,43
55444,3,7,31
55445,5,9,43
55446,11,15,74
55447,4,6,39
55448,0,1,11
55449,2,4,24
55450,4,6,38
55451,4,8,40
55452,2,5,27
55453,9,18,102
55454,8,17,79
55455,6,13,70
55456,1,4,32
55457,4,8,47
55458,3,6,38
55459,6,17,110
55460,3,10,54
55461,9,19,111
55462,2,7,47
55463,4,10,55
55464,3,6,33
55465,4,8,50
55466,4,8,54
55467,2,6,35
55468,6,12,65
55469,3,6,46
55470,3,6,30
55471,7,8,52
55472,1,3,23
55473,6,9,57
55474,1,3,15
55475,0,1,13
55476,3,5,25
55477,0,0,2
55478,2,6,40
55479,3,5,33
55480,5,8,53
55481,2,7,40
55482,3,5,28
55483,3,5,28
55484,4,7,43
55485,2,7,39
55486,1,5,30
55487,5,8,45
55488,18,26,129
55489,3,10,55
55490,7,11,54
55491,2,5,26
55492,10,14,67
55493,1,3,18
55494,7,10,64
55495,3,7,39
55496,1,3,21
55497,5,10,58
55498,3,7,53
55499,2,4,26
55500,3,7,31
55501,11,16,75
55502,6,10,45
55503,1,3,21
55504,6,10,56
55505,13,25,120
55506,5,8,42
55507,1,2,11
55508,3,6,33
55509,12,22,108
55510,1,2,14
55511,0,2,14
55512,3,4,23
55513,5,7,39
55514,2,4,20
55515,4,7,32
55516,1,5,30
55517,3,8,54
55518,0,2,14
55519,0,1,9
55520,4,7,39
55521,5,15,90
55522,2,6,31
55523,6,16,93
55524,1,2,23
55525,0,2,15
55526,2,6,36
55527,1,2,19
55528,0,2,15
55529,2,2,18
55530,0,2,13
55531,1,4,24
55532,3,4,22
55533,2,5,32
55534,5,7,36
55535,5,8,51
55536,8,15,78
55537,4,9,41
55538,3,7,46
55539,3,11,58
55540,4,8,43
55541,2,4,21
55542,4,6,38
55543,2,4,21
55544,2,5,34
55545,1,3,16
55546,6,12,63
55547,1,5,48
55548,1,4,30
55549,9,14,74
55550,4,5,31
55551,2,2,17
55552,2,5,28
55553,0,2,13
55554,1,3,22
55555,1,4,38
55556,0,2,16
55557,2,4,28
55558,0,2,16
55559,4,6,36
55560,1,4,34
55561,3,5,27
55562,1,4,29
55563,4,7,44
55564,2,5,27
55565,4,7,38
55566,0,3,27
55567,3,9,62
55568,9,18,112
55569,9,23,189
55570,17,29,165
55571,12,25,136
55572,9,16,82
55573,7,15,94
55574,4,6,38
55575,1,3,20
55576,2,6,52
55577,6,14,95
55578,7,14,85
55579,13,23,127
55580,23,48,271
55581,10,26,168
55582,24,42,221
55583,4,7,38
55584,22,34,195
55585,30,47,235
55586,6,9,48
55587,15,25,134
55588,6,11,73
55589,18,31,162
55590,23,35,174
55591,19,30,160
55592,8,14,72
55593,22,43,236
55594,21,37,197
55595,12,24,123
55596,15,24,109
55597,9,13,57
55598,15,27,133
55599,14,29,160
55600,18,30,155
55601,10,18,104
55602,13,25,140
55603,27,43,236
55604,5,11,72
55605,4,6,37
55606,2,3,12
55607,9,19,101
55608,2,4,30
55609,29,52,309
55610,19,38,215
55611,6,12,65
55612,5,7,42
55613,14,23,124
55614,10,20,111
55615,6,12,77
55616,3,4,27
55617,1,6,45
55618,7,8,45
55619,8,14,76
55620,2,4,26
55621,5,7,37
55622,5,7,35
55623,3,8,49
55624,3,5,36
55625,3,7,47
55626,4,13,93
55627,5,14,102
55628,9,20,111
55629,4,8,38
55630,11,19,111
55631,7,10,59
55632,3,9,54
55633,1,1,34
55634,8,16,90
55635,6,18,116
55636,2,6,28
55637,15,28,164
55638,5,15,86
55639,2,3,15
55640,7,15,81
55641,3,8,56
55642,13,22,123
55643,20,31,158
55644,13,23,136
55645,8,17,113
55646,24,43,231
55647,11,20,102
55648,10,18,112
55649,17,32,152
55650,11,18,98
55651,3,9,58
55652,30,50,280
55653,13,25,133
55654,23,38,199
55655,11,20,100
55656,9,22,129
55657,33,61,340
55658,7,19,114
55659,17,33,186
55660,5,9,42
55661,13,24,113
55662,6,14,93
55663,19,28,152
55664,23,51,303
55665,18,30,161
55666,14,26,135
55667,12,33,175
55668,15,27,143
55669,13,24,128
55670,7,14,69
55671,35,51,240
55672,15,25,115
55673,9,19,114
55674,14,25,125
55675,18,34,170
55676,12,20,115
55677,10,15,68
55678,18,36,205
55679,10,19,91
55680,15,28,159
55681,24,48,281
55682,20,35,188
55683,6,13,72
55684,13,24,125
55685,5,8,43
55686,3,5,28
55687,22,32,165
55688,31,61,355
55689,17,36,196
55690,12,22,122
55691,14,28,155
55692,7,18,105
55693,4,9,50
55694,13,23,141
55695,12,22,123
55696,20,35,172
55697,9,16,84
55698,36,60,308
55699,5,7,26
55700,16,27,144
55701,13,24,123
55702,21,35,194
55703,8,17,99
55704,21,36,185
55705,3,4,15
55706,37,62,328
55707,6,9,51
55708,7,14,64
55709,22,42,227
55710,3,7,34
55711,18,30,141
55712,2,5,21
55713,5,10,52
55714,15,30,181
55715,12,19,91
55716,13,26,160
55717,15,24,135
55718,9,15,74
55719,4,6,36
55720,13,19,85
55721,6,11,62
55722,6,11,61
55723,7,14,79
55724,3,7,45
55725,4,4,25
55726,1,2,9
55727,4,11,73
55728,2,4,23
55729,3,5,21
55730,5,9,37
55731,4,5,29
55732,2,5,31
55733,3,5,34
55734,5,7,42
55735,3,6,39
55736,6,8,44
55737,4,9,54
55738,8,16,94
55739,6,10,56
55740,2,6,39
55741,2,7,50
55742,6,11,61
55743,3,6,42
55744,9,13,73
55745,5,9,55
55746,0,3,27
55747,5,8,50
55748,9,15,78
55749,4,7,35
55750,4,6,38
55751,10,18,106
55752,15,26,157
55753,28,49,253
55754,14,24,135
55755,25,41,212
55756,15,22,102
55757,16,28,146
55758,7,11,61
55759,22,38,189
55760,3,9,52
55761,4,6,37
55762,1,2,9
55763,5,11,60
55764,5,7,42
55765,1,2,8
55766,4,6,42
55767,3,7,47
55768,9,14,61
55769,5,12,69
55770,2,3,22
55771,3,6,30
55772,9,15,73
55773,8,21,138
55774,15,27,145
55775,8,15,79
55776,6,19,130
55777,3,10,57
55778,3,17,145
55779,12,26,175
55780,3,8,43
55781,3,3,13
55782,8,15,82
55783,10,18,92
55784,8,16,86
55785,5,8,39
55786,4,7,36
55787,1,4,24
55788,18,28,133
55789,3,7,57
55790,2,4,25
55791,5,14,78
55792,1,4,25
55793,4,14,88
55794,4,10,59
55795,5,13,67
55796,4,8,46
55797,12,26,145
55798,5,7,40
55799,5,14,82
55800,5,9,42
55801,10,19,115
55802,18,31,164
55803,7,11,51
55804,5,15,90
55805,0,1,13
55806,0,1,14
55807,0,2,20
55808,6,11,64
55809,5,12,88
55810,6,11,68
55811,4,10,66
55812,9,15,70
55813,11,17,86
55814,28,45,232
55815,12,20,105
55816,4,8,40
55817,21,42,240
55818,7,12,65
55819,5,9,62
55820,6,13,68
55821,4,10,77
55822,13,29,166
55823,7,15,83
55824,4,4,21
55825,8,16,85
55826,4,9,52
55827,6,12,59
55828,12,20,107
55829,3,6,27
55830,4,9,49
55831,7,14,74
55832,6,7,30
55833,2,3,13
55834,6,9,39
55835,3,6,27
55836,4,8,38
55837,9,15,75
55838,4,10,64
55839,8,14,70
55840,5,8,48
55841,6,10,48
55842,2,3,16
55843,2,3,21
55844,8,13,89
55845,3,8,37
55846,1,4,32
55847,5,10,53
55848,1,3,24
55849,1,1,7
55850,5,9,51
55851,1,6,42
55852,2,8,47
55853,3,7,41
55854,0,6,52
55855,1,2,14
55856,5,13,78
55857,8,14,79
55858,5,7,34
55859,1,3,24
55860,1,2,10
55861,0,2,19
55862,1,2,10
55863,1,3,21
55864,1,2,10
55865,12,23,132
55866,13,31,170
55867,7,12,60
55868,2,5,26
55869,2,3,17
55870,6,13,70
55871,7,13,79
55872,4,11,53
55873,0,4,38
55874,3,4,22
55875,2,3,15
55876,4,6,34
55877,4,7,37
55878,7,12,69
55879,1,4,27
55880,2,8,53
55881,0,2,15
55882,4,11,78
55883,4,12,68
55884,1,3,21
55885,1,2,11
55886,5,6,30
55887,6,16,96
55888,1,6,46
55889,1,4,26
55890,3,5,32
55891,3,5,38
55892,5,12,61
55893,3,5,28
55894,6,12,78
55895,6,14,104
55896,6,9,52
55897,1,4,25
55898,4,8,48
55899,2,7,29
55900,2,6,33
55901,6,12,68
55902,2,5,30
55903,2,5,34
55904,8,17,110
55905,4,7,47
55906,0,3,25
55907,7,12,56
55908,1,3,20
55909,2,4,19
55910,2,8,58
55911,7,12,70
55912,2,4,24
55913,8,17,106
55914,1,7,47
55915,13,23,119
55916,7,10,52
55917,3,4,28
55918,5,10,63
55919,7,13,79
55920,2,5,24
55921,3,6,41
55922,2,4,26
55923,2,6,33
55924,2,4,26
55925,3,7,40
55926,0,2,23
55927,1,4,30
55928,4,8,50
55929,3,4,19
55930,0,2,19
55931,0,1,11
55932,6,10,43
55933,7,17,96
55934,4,5,35
55935,3,4,29
55936,3,9,61
55937,0,1,12
55938,6,9,52
55939,0,2,13
55940,5,12,69
55941,2,4,40
55942,6,14,64
55943,5,6,41
55944,3,4,26
55945,2,5,25
55946,7,11,55
55947,4,7,35
55948,6,13,74
55949,0,4,34
55950,1,2,14
55951,7,16,88
55952,7,16,80
55953,5,10,52
55954,9,15,65
55955,6,9,48
55956,1,5,36
55957,7,12,83
55958,5,8,41
55959,5,10,67
55960,8,15,70
55961,6,9,44
55962,2,2,16
55963,4,8,49
55964,4,5,28
55965,6,15,75
55966,11,17,89
55967,6,10,48
55968,6,12,65
55969,13,21,116
55970,6,10,62
55971,7,11,50
55972,3,8,50
55973,2,5,37
55974,4,6,35
55975,1,3,18
55976,2,4,22
55977,6,12,67
55978,4,7,45
55979,5,9,45
55980,4,10,68
55981,7,15,88
55982,8,14,75
55983,5,9,58
55984,3,9,48
55985,8,16,78
55986,7,11,57
55987,5,9,46
55988,12,26,144
55989,3,8,56
55990,9,19,103
55991,8,13,73
55992,4,11,59
55993,7,15,79
55994,8,16,92
55995,30,64,359
55996,12,17,79
55997,16,35,212
55998,3,7,43
55999,6,9,52
56000,1,2,14
56001,3,6,31
56002,6,15,80
56003,6,11,60
56004,7,17,116
56005,5,8,47
56006,4,9,53
56007,0,1,6
56008,11,16,78
56009,5,8,43
56010,6,9,53
56011,2,6,31
56012,5,8,46
56013,8,11,55
56014,8,13,73
56015,3,5,24
56016,8,12,74
56017,8,14,69
56018,2,3,14
56019,13,23,127
56020,7,16,84
56021,6,16,92
56022,3,6,35
56023,8,10,48
56024,3,5,25
56025,5,9,52
56026,1,2,9
56027,0,3,19
56028,5,10,52
56029,3,11,68
56030,2,6,41
56031,8,17,92
56032,1,4,24
56033,3,6,30
56034,3,8,45
56035,8,16,90
56036,1,4,26
56037,4,7,31
56038,8,13,69
56039,4,8,46
56040,3,9,53
56041,6,10,57
56042,9,16,100
56043,5,10,44
56044,1,5,31
56045,10,15,91
56046,2,4,26
56047,11,19,89
56048,10,18,101
56049,6,8,43
56050,1,2,13
56051,3,8,47
56052,2,2,9
56053,2,5,37
56054,7,11,55
56055,6,15,104
56056,16,33,209
56057,4,10,49
56058,13,24,144
56059,7,11,70
56060,7,12,61
56061,13,22,110
56062,18,31,152
56063,4,6,29
56064,1,5,22
56065,3,7,42
56066,6,10,50
56067,7,18,117
56068,13,31,180
56069,9,13,60
56070,4,13,88
56071,4,9,70
56072,5,9,53
56073,5,10,60
56074,0,2,14
56075,2,4,21
56076,5,10,56
56077,10,21,133
56078,4,7,36
56079,1,4,24
56080,3,8,53
56081,4,8,45
56082,6,7,43
56083,3,9,49
56084,0,2,18
56085,2,5,34
56086,4,11,59
56087,8,16,89
56088,7,12,67
56089,4,9,53
56090,4,10,59
56091,3,4,22
56092,15,27,159
56093,13,24,128
56094,1,4,27
56095,6,13,78
56096,3,5,30
56097,2,6,34
56098,2,4,28
56099,6,7,28
56100,5,8,43
56101,6,14,80
56102,8,14,73
56103,1,4,27
56104,2,7,44
56105,2,3,16
56106,9,17,87
56107,2,7,49
56108,11,21,131
56109,0,7,50
56110,23,34,172
56111,5,9,52
56112,4,9,54
56113,20,38,224
56114,15,24,122
56115,14,32,178
56116,1,6,39
56117,16,26,146
56118,8,17,93
56119,2,8,47
56120,17,36,225
56121,12,21,117
56122,24,41,223
56123,14,26,144
56124,16,32,170
56125,4,6,24
56126,2,7,49
56127,6,12,65
56128,11,19,116
56129,12,23,125
56130,16,23,113
56131,6,15,91
56132,12,18,90
56133,20,34,188
56134,1,5,38
56135,3,7,34
56136,8,15,81
56137,16,27,146
56138,0,4,31
56139,5,10,49
56140,7,13,86
56141,4,6,39
56142,3,5,31
56143,4,4,18
56144,5,11,53
56145,7,11,50
56146,4,8,70
56147,14,32,189
56148,16,32,181
56149,14,41,285
56150,4,10,66
56151,10,17,101
56152,5,14,106
56153,6,16,118
56154,7,21,137
56155,4,10,74
56156,13,23,134
56157,2,9,66
56158,5,17,163
56159,11,27,187
56160,3,10,68
56161,1,9,82
56162,10,24,213
56163,13,33,225
56164,10,23,176
56165,4,8,45
56166,6,14,91
56167,14,30,185
56168,14,21,118
56169,16,34,208
56170,7,12,70
56171,13,24,124
56172,10,16,83
56173,3,6,36
56174,10,19,117
56175,10,21,122
56176,10,18,98
56177,11,29,203
56178,11,24,149
56179,6,9,49
56180,7,13,71
56181,4,10,58
56182,4,8,54
56183,1,2,11
56184,3,8,49
56185,15,30,166
56186,6,14,84
56187,2,4,28
56188,4,8,48
56189,7,11,66
56190,9,18,112
56191,3,6,44
56192,0,2,16
56193,8,15,93
56194,3,5,23
56195,10,17,95
56196,3,10,76
56197,13,27,164
56198,4,15,119
56199,7,19,121
56200,5,11,75
56201,7,15,89
56202,11,23,137
56203,5,10,55
56204,2,9,54
56205,6,15,91
56206,2,5,35
56207,11,16,94
56208,3,6,40
56209,10,21,114
56210,6,8,38
56211,2,9,53
56212,25,56,391
56213,4,12,92
56214,11,23,152
56215,2,4,21
56216,12,30,192
56217,8,18,112
56218,3,8,54
56219,8,13,77
56220,7,14,93
56221,4,8,37
56222,3,6,36
56223,5,8,38
56224,4,7,38
56225,3,7,49
56226,11,18,108
56227,12,21,134
56228,7,9,49
56229,1,2,11
56230,9,15,94
56231,4,9,49
56232,2,3,13
56233,2,4,32
56234,2,6,41
56235,2,8,56
56236,1,2,17
56237,9,23,163
56238,8,15,93
56239,3,12,74
56240,1,4,31
56241,3,9,59
56242,3,7,47
56243,2,5,35
56244,0,2,14
56245,2,7,49
56246,1,3,24
56247,3,5,33
56248,4,8,43
56249,2,6,45
56250,10,17,89
56251,3,11,78
56252,8,12,88
56253,4,9,52
56254,5,9,50
56255,6,13,69
56256,4,8,48
56257,8,16,96
56258,7,16,90
56259,17,34,212
56260,7,16,108
56261,9,14,92
56262,5,9,51
56263,2,6,40
56264,5,10,64
56265,4,9,65
56266,6,9,56
56267,5,14,96
56268,1,4,32
56269,5,9,46
56270,5,8,47
56271,2,4,23
56272,4,5,29
56273,5,7,37
56274,1,3,16
56275,1,5,49
56276,4,10,59
56277,13,28,174
56278,9,16,95
56279,2,4,21
56280,10,18,105
56281,6,15,96
56282,5,13,90
56283,0,4,29
56284,5,16,144
56285,2,6,44
56286,7,14,90
56287,2,3,22
56288,6,11,67
56289,9,15,98
56290,15,28,168
56291,16,38,228
56292,7,17,103
56293,13,31,172
56294,8,24,160
56295,19,33,179
56296,11,19,104
56297,11,23,143
56298,12,23,132
56299,15,28,176
56300,15,31,199
56301,11,23,126
56302,12,23,134
56303,6,16,117
56304,10,17,97
56305,5,10,59
56306,9,25,150
56307,8,16,87
56308,2,5,26
56309,1,3,13
56310,10,20,102
56311,8,16,85
56312,9,17,80
56313,4,7,41
56314,5,9,44
56315,3,7,39
56316,7,19,131
56317,9,20,105
56318,19,31,156
56319,1,7,47
56320,4,12,97
56321,2,5,31
56322,2,8,58
56323,2,4,27
56324,0,1,17
56325,6,15,81
56326,3,5,31
56327,4,7,35
56328,2,3,18
56329,3,3,20
56330,1,2,12
56331,3,8,51
56332,11,21,113
56333,0,0,2
56334,5,16,105
56335,10,24,134
56336,5,17,132
56337,10,21,149
56338,5,13,70
56339,14,28,159
56340,2,5,26
56341,1,3,19
56342,1,3,19
56343,1,4,29
56344,4,11,70
56345,10,17,92
56346,4,9,60
56347,2,4,19
56348,12,22,112
56349,1,3,32
56350,1,3,17
56351,1,6,45
56352,10,23,143
56353,7,13,73
56354,2,5,29
56355,4,14,89
56356,14,25,133
56357,5,9,50
56358,12,24,136
56359,5,18,115
56360,12,21,119
56361,7,23,185
56362,13,25,134
56363,13,24,120
56364,11,21,134
56365,4,9,63
56366,19,37,231
56367,8,11,53
56368,3,4,19
56369,11,19,98
56370,13,22,119
56371,10,18,101
56372,11,22,126
56373,14,24,133
56374,17,28,137
56375,11,22,129
56376,14,28,162
56377,33,59,332
56378,15,29,167
56379,16,30,175
56380,5,12,73
56381,7,16,102
56382,15,27,142
56383,4,4,19
56384,4,11,70
56385,14,22,114
56386,6,11,54
56387,22,41,211
56388,7,14,85
56389,18,31,188
56390,16,36,247
56391,6,10,60
56392,10,22,137
56393,18,33,192
56394,24,43,232
56395,16,31,163
56396,21,37,203
56397,9,14,75
56398,13,24,139
56399,2,5,31
56400,13,31,198
56401,10,19,112
56402,17,32,198
56403,10,18,95
56404,9,20,111
56405,21,37,206
56406,3,9,72
56407,12,27,159
56408,21,47,286
56409,10,18,102
56410,7,14,88
56411,18,42,257
56412,31,48,264
56413,9,18,108
56414,12,21,109
56415,5,11,62
56416,1,1,4
56417,3,5,25
56418,15,24,117
56419,16,28,177
56420,4,5,28
56421,6,12,70
56422,19,35,172
56423,29,48,262
56424,4,10,62
56425,2,3,31
56426,8,23,154
56427,12,20,108
56428,15,33,177
56429,9,21,147
56430,12,18,97
56431,15,25,153
56432,2,3,18
56433,4,7,36
56434,3,5,32
56435,4,8,42
56436,8,17,113
56437,8,16,110
56438,27,47,263
56439,13,23,124
56440,13,21,135
56441,16,38,215
56442,28,50,257
56443,10,23,139
56444,14,34,263
56445,9,23,175
56446,2,7,43
56447,12,28,175
56448,3,7,39
56449,3,8,52
56450,23,45,255
56451,7,12,89
56452,0,3,18
56453,8,17,119
56454,20,33,180
56455,16,25,143
56456,4,7,36
56457,2,5,39
56458,4,9,61
56459,9,18,114
56460,12,21,127
56461,5,12,81
56462,11,23,134
56463,3,4,20
56464,1,2,13
56465,9,23,139
56466,10,25,175
56467,21,30,170
56468,2,9,69
56469,12,19,93
56470,8,17,86
56471,7,18,133
56472,4,8,40
56473,17,36,200
56474,16,24,142
56475,5,7,36
56476,5,12,99
56477,3,7,36
56478,3,6,34
56479,6,11,82
56480,2,3,36
56481,4,12,72
56482,1,3,14
56483,5,7,40
56484,6,11,81
56485,19,32,196
56486,4,10,70
56487,16,37,226
56488,1,1,8
56489,0,1,12
56490,7,17,115
56491,5,16,135
56492,14,25,147
56493,7,15,83
56494,9,15,81
56495,6,10,76
56496,6,14,88
56497,3,8,61
56498,22,33,185
56499,16,24,140
56500,8,16,90
56501,13,24,143
56502,10,18,93
56503,0,1,17
56504,2,5,30
56505,2,3,26
56506,2,4,23
56507,6,11,74
56508,10,19,108
56509,10,21,110
56510,0,0,1
56511,13,23,127
56512,5,15,96
56513,3,5,31
56514,5,13,85
56515,5,15,125
56516,21,49,357
56517,10,29,181
56518,14,29,151
56519,11,28,188
56520,40,80,497
56521,16,36,212
56522,12,19,107
56523,3,7,49
56524,25,50,284
56525,22,34,233
56526,5,10,53
56527,4,9,52
56528,5,9,57
56529,6,9,44
56530,10,25,161
56531,9,20,125
56532,6,14,88
56533,3,8,52
56534,15,40,273
56535,18,36,227
56536,6,12,71
56537,10,19,139
56538,0,2,18
56539,35,75,555
56540,4,11,76
56541,2,4,25
56542,28,47,274
56543,3,10,85
56544,11,24,137
56545,16,32,206
56546,19,49,309
56547,28,52,313
56548,8,18,105
56549,13,27,148
56550,11,20,98
56551,3,5,29
56552,7,14,95
56553,24,53,346
56554,13,28,182
56555,13,29,174
56556,7,17,121
56557,11,19,101
56558,14,25,134
56559,19,34,198
56560,8,19,116
56561,4,8,41
56562,0,0,1
56563,4,11,59
56564,11,24,150
56565,24,44,256
56566,17,37,209
56567,11,30,176
56568,7,10,51
56569,26,49,316
56570,10,24,168
56571,11,21,144
56572,17,42,256
56573,8,19,117
56574,23,41,214
56575,6,9,50
56576,13,24,155
56577,12,23,139
56578,3,3,14
56579,3,7,47
56580,15,36,231
56581,8,16,105
56582,11,21,127
56583,12,25,160
56584,10,18,104
56585,12,29,199
56586,3,5,30
56587,16,30,157
56588,2,5,33
56589,9,16,85
56590,8,13,63
56591,3,4,21
56592,3,7,43
56593,4,6,31
56594,34,70,417
56595,19,30,145
56596,11,19,111
56597,6,20,120
56598,0,0,1
56599,7,13,84
56600,20,41,230
56601,10,19,108
56602,3,5,37
56603,1,7,54
56604,9,16,84
56605,7,14,73
56606,21,34,176
56607,7,9,47
56608,10,19,110
56609,5,10,63
56610,10,20,126
56611,18,34,183
56612,1,2,12
56613,9,17,100
56614,17,33,206
56615,2,6,33
56616,8,14,79
56617,18,31,159
56618,10,15,82
56619,14,22,105
56620,18,35,197
56621,8,16,82
56622,9,17,88
56623,9,14,63
56624,22,44,231
56625,6,13,72
56626,22,33,165
56627,3,6,39
56628,2,6,37
56629,12,24,129
56630,4,14,98
56631,14,34,216
56632,21,41,246
56633,29,45,245
56634,4,6,37
56635,5,13,65
56636,10,15,71
56637,13,22,113
56638,5,10,51
56639,3,6,32
56640,7,15,89
56641,10,18,112
56642,5,10,54
56643,0,5,38
56644,17,41,253
56645,26,47,250
56646,1,3,30
56647,2,4,28
56648,4,7,36
56649,3,7,40
56650,5,9,48
56651,17,22,107
56652,12,28,165
56653,2,3,13
56654,12,22,107
56655,10,17,85
56656,9,19,98
56657,8,15,76
56658,5,8,39
56659,19,33,173
56660,7,13,62
56661,6,12,65
56662,5,8,48
56663,7,12,54
56664,6,14,75
56665,11,16,90
56666,2,5,31
56667,4,7,42
56668,5,8,40
56669,20,39,203
56670,16,31,191
56671,5,10,51
56672,4,8,48
56673,7,12,65
56674,13,23,127
56675,10,17,80
56676,4,6,41
56677,2,6,33
56678,4,6,33
56679,4,8,39
56680,16,29,153
56681,10,14,68
56682,8,11,54
56683,5,6,47
56684,6,7,38
56685,11,30,180
56686,4,9,51
56687,9,18,91
56688,3,11,66
56689,10,15,84
56690,36,64,336
56691,18,30,145
56692,7,18,99
56693,21,40,221
56694,13,25,152
56695,3,7,44
56696,19,36,209
56697,8,14,79
56698,11,16,100
56699,5,8,46
56700,5,6,31
56701,6,18,121
56702,4,6,29
56703,11,24,121
56704,7,15,97
56705,5,11,77
56706,10,17,86
56707,3,7,44
56708,7,14,86
56709,4,9,57
56710,5,11,65
56711,7,13,70
56712,3,8,57
56713,11,16,87
56714,4,8,57
56715,0,5,50
56716,7,9,43
56717,7,13,79
56718,7,12,81
56719,10,12,59
56720,6,12,72
56721,12,21,118
56722,3,5,33
56723,5,12,78
56724,0,1,9
56725,11,22,123
56726,0,6,50
56727,2,5,33
56728,8,17,107
56729,15,34,196
56730,14,24,153
56731,5,15,128
56732,3,10,69
56733,13,21,104
56734,23,49,285
56735,10,22,143
56736,5,12,85
56737,3,6,51
56738,21,34,176
56739,5,12,75
56740,4,11,72
56741,9,20,134
56742,10,16,80
56743,8,19,121
56744,4,12,85
56745,7,17,120
56746,5,15,107
56747,7,13,72
56748,9,20,143
56749,0,1,14
56750,1,3,21
56751,5,10,50
56752,9,17,106
56753,10,20,108
56754,12,22,113
56755,10,14,70
56756,5,12,96
56757,3,10,59
56758,4,7,42
56759,4,14,85
56760,8,16,95
56761,7,14,77
56762,8,13,61
56763,10,23,140
56764,21,39,213
56765,4,10,58
56766,11,24,132
56767,2,8,63
56768,14,31,179
56769,1,7,47
56770,6,19,121
56771,1,4,30
56772,1,4,25
56773,2,7,45
56774,7,20,149
56775,9,23,154
56776,11,23,142
56777,10,16,95
56778,3,7,58
56779,6,10,61
56780,11,23,146
56781,3,7,44
56782,3,7,51
56783,2,4,20
56784,4,11,75
56785,9,18,80
56786,9,27,168
56787,10,25,165
56788,10,20,112
56789,16,24,127
56790,3,8,55
56791,5,14,96
56792,4,9,55
56793,10,19,94
56794,3,7,43
56795,13,23,133
56796,6,16,134
56797,9,17,84
56798,9,20,122
56799,1,3,19
56800,2,7,49
56801,10,20,119
56802,9,15,73
56803,7,13,90
56804,8,15,77
56805,4,10,74
56806,9,16,97
56807,7,14,92
56808,3,9,61
56809,7,20,134
56810,4,10,47
56811,5,9,54
56812,14,19,109
56813,12,27,160
56814,8,12,71
56815,1,4,33
56816,3,7,55
56817,6,17,111
56818,3,3,21
56819,28,48,255
56820,5,7,47
56821,1,3,33
56822,2,5,35
56823,7,10,50
56824,5,11,70
56825,18,33,189
56826,8,16,117
56827,4,5,19
56828,3,3,20
56829,6,17,117
56830,16,34,201
56831,11,27,156
56832,4,9,51
56833,10,19,102
56834,4,8,52
56835,1,2,10
56836,12,17,105
56837,8,17,98
56838,4,6,36
56839,1,2,14
56840,2,5,33
56841,2,3,21
56842,1,2,15
56843,3,4,22
56844,4,7,40
56845,3,9,66
56846,6,14,80
56847,10,18,103
56848,11,18,97
56849,4,8,53
56850,2,9,60
56851,4,9,63
56852,2,4,40
56853,5,11,93
56854,8,16,97
56855,9,22,133
56856,10,17,78
56857,7,15,110
56858,4,10,66
56859,1,4,26
56860,12,22,104
56861,7,14,78
56862,6,11,61
56863,6,17,104
56864,3,6,29
56865,30,66,420
56866,16,32,200
56867,32,53,266
56868,4,7,33
56869,20,34,179
56870,9,22,121
56871,4,6,34
56872,3,5,32
56873,3,7,43
56874,12,17,92
56875,17,29,160
56876,3,8,49
56877,8,14,63
56878,4,6,25
56879,3,10,78
56880,4,7,41
56881,3,4,23
56882,7,15,77
56883,14,31,201
56884,4,16,106
56885,5,10,57
56886,16,32,185
56887,6,14,97
56888,1,3,25
56889,12,21,124
56890,16,38,199
56891,3,6,42
56892,0,2,16
56893,5,8,55
56894,1,6,46
56895,10,13,112
56896,3,3,28
56897,4,6,57
56898,9,20,152
56899,9,17,118
56900,9,18,111
56901,0,3,25
56902,1,3,24
56903,10,17,99
56904,10,21,124
56905,3,7,46
56906,15,32,182
56907,11,27,171
56908,19,30,156
56909,17,33,185
56910,7,15,95
56911,5,12,79
56912,4,11,95
56913,5,8,40
56914,12,20,108
56915,13,19,91
56916,3,5,26
56917,6,14,98
56918,6,9,59
56919,4,9,58
56920,11,24,159
56921,7,17,101
56922,6,12,87
56923,1,2,10
56924,2,6,38
56925,12,23,143
56926,4,7,54
56927,17,28,169
56928,3,6,29
56929,15,28,172
56930,15,23,125
56931,2,5,40
56932,6,11,62
56933,8,15,75
56934,5,11,63
56935,14,24,130
56936,8,17,86
56937,7,15,95
56938,3,6,46
56939,8,13,75
56940,5,9,55
56941,15,28,140
56942,12,18,119
56943,7,12,63
56944,4,5,22
56945,9,15,88
56946,4,7,46
56947,12,23,124
56948,6,11,58
56949,7,11,67
56950,4,11,66
56951,4,6,51
56952,16,32,185
56953,1,6,43
56954,6,8,49
56955,5,11,66
56956,0,2,19
56957,2,3,29
56958,15,33,204
56959,13,27,188
56960,12,23,109
56961,9,15,69
56962,8,15,84
56963,9,12,62
56964,2,2,17
56965,0,2,16
56966,16,28,164
56967,7,12,81
56968,4,6,37
56969,1,2,8
56970,9,17,97
56971,9,12,115
56972,18,35,171
56973,16,35,214
56974,16,29,140
56975,5,11,77
56976,6,10,54
56977,14,28,185
56978,12,19,105
56979,15,39,253
56980,8,20,138
56981,11,17,96
56982,15,24,135
56983,5,11,63
56984,7,11,57
56985,4,12,88
56986,14,27,174
56987,19,31,145
56988,4,13,75
56989,5,11,61
56990,3,6,41
56991,3,6,34
56992,6,10,56
56993,3,4,18
56994,4,8,43
56995,3,8,51
56996,11,19,108
56997,16,31,171
56998,11,18,94
56999,7,14,78
57000,5,9,51
57001,7,13,73
57002,7,15,77
57003,6,9,50
57004,4,12,80
57005,6,9,56
57006,7,17,128
57007,0,2,15
57008,10,16,77
57009,3,3,20
57010,5,14,101
57011,8,14,87
57012,5,13,87
57013,11,17,94
57014,4,9,60
57015,6,8,50
57016,9,21,149
57017,3,3,25
57018,2,5,49
57019,2,5,27
57020,2,6,42
57021,14,25,151
57022,7,12,75
57023,7,15,79
57024,4,6,28
57025,3,8,45
57026,16,34,194
57027,8,16,89
57028,9,16,97
57029,3,7,44
57030,8,14,84
57031,8,15,83
57032,11,23,123
57033,3,6,35
57034,14,27,164
57035,7,14,79
57036,19,33,184
57037,3,7,37
57038,10,20,106
57039,5,10,50
57040,19,30,161
57041,8,12,67
57042,4,6,31
57043,4,7,37
57044,4,9,53
57045,10,18,94
57046,4,9,58
57047,5,12,75
57048,3,8,44
57049,1,2,13
57050,5,8,45
57051,5,7,30
57052,7,10,50
57053,20,38,211
57054,2,4,26
57055,3,5,25
57056,5,12,63
57057,7,10,51
57058,2,3,14
57059,8,15,79
57060,3,4,22
57061,6,13,77
57062,4,5,31
57063,4,6,37
57064,3,7,48
57065,4,7,37
57066,6,15,78
57067,2,4,19
57068,7,10,56
57069,8,17,84
57070,10,21,140
57071,2,5,26
57072,4,8,41
57073,6,15,86
57074,6,10,54
57075,4,11,81
57076,5,8,51
57077,1,6,52
57078,2,4,27
57079,5,10,56
57080,2,8,48
57081,3,9,56
57082,13,19,91
57083,3,7,39
57084,4,10,60
57085,1,5,31
57086,4,8,42
57087,9,16,79
57088,11,26,133
57089,14,23,114
57090,1,4,31
57091,3,6,30
57092,8,16,95
57093,10,16,91
57094,3,10,55
57095,5,9,56
57096,7,14,67
57097,5,9,62
57098,4,7,37
57099,3,9,51
57100,3,6,43
57101,1,2,11
57102,8,14,72
57103,5,7,32
57104,3,5,22
57105,3,4,18
57106,3,5,24
57107,6,10,49
57108,5,9,49
57109,4,8,46
57110,14,23,118
57111,0,3,31
57112,2,5,28
57113,3,3,13
57114,4,5,19
57115,4,8,40
57116,5,10,53
57117,6,9,46
57118,5,12,63
57119,5,9,57
57120,6,8,46
57121,4,6,33
57122,4,9,50
57123,11,19,105
57124,24,45,244
57125,3,5,32
57126,11,19,114
57127,25,39,190
57128,12,27,152
57129,4,5,22
57130,6,13,102
57131,9,15,92
57132,8,16,105
57133,4,10,92
57134,7,10,54
57135,7,13,64
57136,2,4,26
57137,1,5,44
57138,2,2,16
57139,3,6,40
57140,4,7,32
57141,6,8,45
57142,0,1,9
57143,6,13,72
57144,2,3,20
57145,2,2,16
57146,3,7,40
57147,9,16,81
57148,5,14,91
57149,6,9,46
57150,5,9,55
57151,7,9,47
57152,1,2,10
57153,7,16,120
57154,8,16,103
57155,15,31,205
57156,1,4,28
57157,7,10,50
57158,3,5,32
57159,4,7,45
57160,3,5,36
57161,6,13,72
57162,2,2,18
57163,3,7,49
57164,4,6,30
57165,2,4,28
57166,2,2,18
57167,2,5,33
57168,5,12,83
57169,1,3,26
57170,3,5,22
57171,5,8,41
57172,4,18,121
57173,7,14,87
57174,13,22,125
57175,13,26,168
57176,15,26,151
57177,3,17,129
57178,19,44,278
57179,7,17,105
57180,8,18,108
57181,14,45,331
57182,12,38,238
57183,11,23,162
57184,3,8,39
57185,5,15,110
57186,8,16,90
57187,12,25,163
57188,17,34,319
57189,27,51,276
57190,11,26,158
57191,7,16,110
57192,27,58,385
57193,14,28,165
57194,13,24,135
57195,16,27,148
57196,14,23,135
57197,22,39,216
57198,11,24,172
57199,6,18,125
57200,14,28,185
57201,15,29,177
57202,9,17,108
57203,13,32,244
57204,11,24,149
57205,8,19,118
57206,27,54,318
57207,19,34,202
57208,12,31,263
57209,14,28,198
57210,11,27,201
57211,20,43,278
57212,14,31,183
57213,9,17,108
57214,15,31,190
57215,26,54,327
57216,15,44,312
57217,16,37,248
57218,1,8,66
57219,14,34,224
57220,11,27,168
57221,13,27,157
57222,18,43,254
57223,15,26,143
57224,6,13,100
57225,5,15,91
57226,24,52,354
57227,14,35,222
57228,6,17,122
57229,8,32,276
57230,11,23,154
57231,10,18,104
57232,9,25,178
57233,15,38,282
57234,12,25,162
57235,21,40,243
57236,9,13,73
57237,19,39,272
57238,14,25,168
57239,6,10,63
57240,14,28,197
57241,26,43,255
57242,8,17,101
57243,13,26,155
57244,13,22,127
57245,11,20,137
57246,11,23,137
57247,2,3,15
57248,9,21,134
57249,21,35,200
57250,15,31,176
57251,15,25,140
57252,9,15,82
57253,10,19,131
57254,18,35,222
57255,21,42,250
57256,14,30,190
57257,8,17,96
57258,15,33,205
57259,12,32,223
57260,12,29,174
57261,13,27,162
57262,14,24,132
57263,21,39,239
57264,17,32,185
57265,16,34,219
57266,11,21,144
57267,18,33,196
57268,1,3,15
57269,15,34,206
57270,16,29,166
57271,3,3,25
57272,9,22,139
57273,3,9,64
57274,13,34,199
57275,5,12,79
57276,4,13,98
57277,16,32,198
57278,15,32,173
57279,3,13,94
57280,16,28,152
57281,5,17,115
57282,9,17,106
57283,3,6,34
57284,0,2,9
57285,16,32,187
57286,11,19,111
57287,9,17,93
57288,12,19,99
57289,3,11,81
57290,13,26,141
57291,11,24,146
57292,10,19,122
57293,3,5,34
57294,3,4,21
57295,5,9,50
57296,10,25,159
57297,7,14,84
57298,7,22,134
57299,20,34,170
57300,11,17,94
57301,10,24,158
57302,9,17,96
57303,15,29,164
57304,2,4,29
57305,18,40,228
57306,8,23,161
57307,4,10,60
57308,9,23,155
57309,16,25,135
57310,4,8,53
57311,4,7,41
57312,3,5,30
57313,4,5,23
57314,6,11,54
57315,13,25,144
57316,13,27,172
57317,11,23,135
57318,14,29,171
57319,9,18,120
57320,7,16,82
57321,6,13,83
57322,6,18,119
57323,8,14,68
57324,11,20,108
57325,1,3,22
57326,1,4,30
57327,9,12,57
57328,4,9,58
57329,10,19,106
57330,8,13,69
57331,11,21,100
57332,16,40,256
57333,16,29,162
57334,9,10,39
57335,1,2,23
57336,0,1,14
57337,2,4,23
57338,16,31,157
57339,22,43,282
57340,10,20,124
